category_id	pos	concept_id	concept_ru	concept_en	definition_ru	definition_en
A11	NOUN	1	земля, суша	land, ground	часть земной коры, выступающая над уровнем Мирового океана, земная твердь (в отличие от водного или воздушного пространства), материк, берег	the part of Earth which is not covered by oceans or other bodies of water
A11	NOUN	2	небо	sky	пространство над поверхностью Земли или другого астрономического объекта, панорама, открывающаяся при взгляде с этого объекта в направлении космоса	the atmosphere above a given point, especially as visible from the surface of the Earth as the place where the sun, moon, stars, and clouds are seen
A11	NOUN	3	солнце	sun	звезда, являющаяся центром Солнечной системы, как шарообразный светящийся небесный объект, видимый с Земли	a star, especially when seen as the centre of any single solar system
A11	VERB	4	взойти (о небесных светилах)	to rise (of a heavenly body)	появиться, подняться над горизонтом (о небесных светилах)	to appear to move upwards from behind the horizon of a planet as a result of the planet's rotation
A11	VERB	5	опуститься, закатиться (о небесных светилах)	то descend, to set (of a heavenly body)	скрыться за горизонтом, зайти (о небесном светиле)	to disappear behind the horizon, to go down (about a heavenly body)
A11	NOUN	6	луна	moon	естественный спутник Земли (Луна) как светящийся объект на небе	Earth's natural satellite (the Moon) as a luminous object in the sky
A11	NOUN	7	звезда	star	небесное тело, по своей природе сходное с Солнцем, вследствие огромной отдалённости видимое с Земли как светящаяся точка на небесном своде	Any small, natural and bright dot in the sky, most visible in the night or twilight sky.
A11	NOUN	1434	пешеход	pedestrian	человек, идущий пешком	a person travelling on foot
A12	NOUN	8	погода	weather	состояние нижнего слоя атмосферы в определённом месте в определённый момент	the short-term state of the atmosphere at a specific time and place, including the temperature, relative humidity, cloud cover, precipitation, wind, etc.
A12	ADJ	9	тёмный (о ночи)	dark, gloomy	погружённый во мрак, в темноту	not very illuminated; dim because of darkness, especially when appearing depressing or frightening
A12	ADJ	10	мокрый	wet	покрытый или пропитанный водой, влажный	covered or soaked with water, damp
A12	NOUN	11	изморось (мелкий дождь)	drizzle	очень мелкий, моросящий дождь	very fine, drizzling rain
A12	NOUN	12	слякоть	slush	погода сырая с дождем и мокрым снегом	the weather is damp with rain and wet snow
A12	NOUN	13	вёдро	fair weather	тёплая ясная солнечная сухая погода (не о зимней поре)	fair and warm weather (in the summer) 
A12	ADJ	14	ясный (о погоде)	clear; lucid	 светлый, ничем не затемнённый; безоблачный 	bright, not darkened by anything; cloudless
A12	ADJ	15	сухой	dry	не содержащий влаги, не покрытый водой	free from moisture, not covered with water
A12	NOUN	16	роса	dew	атмосферные осадки в виде мелких капелек воды, осаждающихся из влажного воздуха на земле, растениях и т. п. при охлаждении, понижении температуры	any moisture from the atmosphere condensed by cool bodies upon their surfaces
A12	NOUN	17	тень (пространство, защищенное от солнца)	shadow (space protected from the sun)	участок поверхности или область пространства, менее ярко освещённые по сравнению с прочими, скрытые от прямых лучей света	an area protected by an obstacle (likened to an object blocking out sunlight)
A12	NOUN	18	тень (отражение от человека или предмета)	shadow (reflection from a person or object)	тёмный силуэт, формируемый на освещённой поверхности загораживающим свет объектом	a dark image projected onto a surface where light (or other radiation) is blocked by the shade of an object
A12	NOUN	19	сумерки	twilight, dusk	полутёмный промежуток между заходом солнца и ночью, а также в предрассветные часы	the time when said light is visible; the period between daylight and darkness. 
A12	NOUN	20	туман	fog	атмосферное явление, характеризующееся большим количеством в воздухе микроскопических капель воды или кристалликов льда, снижающих прозрачность атмосферы	an atmospheric phenomenon characterized by a large number of microscopic water droplets or ice crystals in the air, which reduce the transparency of the atmosphere
A12	NOUN	21	пар	steam, vapor	газообразное состояние вещества в условиях, когда газовая фаза может находиться в равновесии с жидкой или твёрдой фазами того же вещества	the hot gaseous form of water, formed when water changes from the liquid phase to the gas phase (at or above its boiling point temperature)
A12	NOUN	22	дождь	rain	атмосферные осадки в виде капель или струй воды	condensed water falling from a cloud
A12	VERB	23	дождить	to rain	о дожде (начинающемся и прекращающемся или затяжном): идти	to have rain fall from the sky
A12	VERB	24	капать	to drip, to dribble	падать каплями (о жидкости)	to fall one drop at a time
A12	NOUN	25	ветер	wind	атмосферное явление, представляющее собой горизонтальное движение воздуха; в более широком смысле — вообще поток любого газа	real or perceived movement of atmospheric air usually caused by convection or differences in air pressure
A12	VERB	26	дуть (о ветре)	to blow (about the wind)	веять, вызывать продолжительное движение воздуха	to produce an air current
A12	NOUN	27	ветер весенний	spring wind	движение воздуха, приносящее за собой весну	movement of air bringing spring
A12	NOUN	28	вихрь	whirlwind	порывистое круговое движение потока жидкости или газа	a phenomenon in which a vortex of wind (a vertically oriented rotating column of air) forms due to instabilities and turbulence created by heating and flow (current) gradients
A12	NOUN	29	радуга	rainbow	атмосферное оптическое явление, разноцветная дугообразная полоса на небесном своде, включающая плавно переходящие друг в друга оттенки от фиолетового до красного	a multicoloured arch in the sky, produced by prismatic refraction of light within droplets of rain in the air
A12	NOUN	30	лужа	puddle	углубление со скопившейся в нём водой	a small, often temporary, pool of water, usually on a path or road
A12	NOUN	31	град	hail	атмосферные осадки в виде сферических частиц или кусочков плотного льда (градин) неправильной формы, выпадающие в тёплое время года из мощных кучево-дождевых облаков	an occurrence of precipitation as balls or pieces of ice, often in connection with a thunderstorm; a hailstorm
A12	NOUN	32	снег	snow	вид атмосферных осадков в виде небольших хлопьев застывшей воды (снежинок) в форме шестиугольных пластинок и шестилучевых звёздочек; выпадает из облаков при температуре воздуха ниже 0 °C	the partly frozen, crystalline state of water that falls from the atmosphere as precipitation in flakes; also, the falling of such flakes; and the accumulation of them on the ground or on objects as a white layer
A12	NOUN	33	мороз	frost	очень сильный холод, также холодная погода	the cold weather that causes these ice crystals to form
A12	NOUN	34	лёд	ice	минерал, вода в замёрзшем, затвердевшем состоянии, кристаллическое бесцветное, прозрачное вещество	water in frozen (solid) form
A12	NOUN	35	заморозок	overnight freeze, cold snap	лёгкий мороз, обычно по утрам весной или осенью, когда дни теплые	light frost, usually in late spring or early autumn, when days are warm
A12	NOUN	36	иней	hoarfrost	тонкий слой мелких кристалликов льда, покрывающий поверхность предметов при их резком охлаждении	originally, any frozen dew forming a white deposit on exposed surfaces
A12	NOUN	37	пороша	freshly-fallen snow	свежий, только что выпавший снег	fresh, just-fallen snow
A12	NOUN	38	метель	blizzard, snowstorm	сильный ветер переменного направления со снегом; вьюга	a large snowstorm accompanied by strong winds and greatly reduced visibility caused by blowing snow
A12	NOUN	39	сугроб	snowbank	наметённая ветром куча снега	a heap of snow
A12	NOUN	40	мерзлота	permafrost	мёрзлое состояние почвы; промёрзшая почва	frozen soil
A12	NOUN	41	наст	crust	твёрдая корка на снегу, образующаяся после оттепели и последующего подмерзания	a compacted, icy layer forming on top of snow after thawing and refreezing
A12	VERB	42	таять (о снеге)	to melt	переходить из твёрдого состояния в жидкое под действием тепла	to pass from a solid state into a liquid state due to heat
A21	NOUN	43	вода	water	влага, прозрачная бесцветная жидкость	a substance found at room temperature and pressure as a clear liquid; it is present naturally as rain, and found in rivers, lakes and seas; its solid form is ice and its gaseous form is steam
A21	NOUN	44	ручей	brook	небольшой водный поток, маленькая речка	a body of running water smaller than a river; a small stream
A21	NOUN	45	река	river	разновидность водотока; водный поток, значительный по объёму и направляющийся по относительно постоянному руслу от истока к устью	a large and often winding stream which drains a land mass, carrying water down from higher areas to a lower point, oftentimes ending in another body of water, such as an ocean or in an inland sea
A21	NOUN	46	берег	coast	линия границы между водой и сушей, а также полоса суши в непосредственной близости от этой линии	the edge of the land where it meets an ocean, sea, gulf, bay, or large lake
A21	NOUN	47	дно (водоёма)	bottom	твёрдая поверхность, грунт под водой водоёма	hard surface, soil under water of a reservoir
A21	NOUN	48	волна	wave	вал на поверхности водоёма при её колебании под действием ветра, сейсмических явлений, механического воздействия	a moving disturbance in the level of a body of liquid; an undulation
A21	VERB	49	утихать, успокаиваться (о ветре, реке, море и т.п.)	to subside (of wind, storm, sea, water, or natural forces)	приходить в спокойное, ровное состояние; терять силу, бурность, волнение	to become less strong, violent, or intense; to gradually return to a normal or calm state after a period of agitation or turbulence
A21	NOUN	50	водоворот	vortex	круговое — обычно быстрое — движение воды в реке, озере и т. п., возникающее при столкновении встречных течений; также место, где происходит такое движение	a whirlwind, whirlpool, or similarly moving matter in the form of a spiral or column
A21	NOUN	51	полынья	clearing, water opening	незамёрзший или протаявший участок на воде, промежуток среди льда, покрывающего водоём	a naturally formed area of open water surrounded by sea ice
A21	NOUN	52	прорубь	ice hole	отверстие, прорубленное во льду замёрзшего водоёма	a hole in the ice of a frozen body of water, often man-made with the scope of fishing
A21	NOUN	53	озеро	lake	большой естественный водоём, замкнутый в берегах	a large, landlocked stretch of water or similar liquid
A21	NOUN	54	маленькое лесное озеро	small forest lake	ламба, глухое озеро без истоков, особенно в лесу	a remote lake without sources, especially in the forest
A21	NOUN	55	пространство озера (вдали от берегов)	Lake area (away from the coast)	открытое водное пространство озера вдали от берегов	the open water area of a lake, away from the shores
A21	NOUN	56	ил	silt	вязкий осадок из минеральных и органических веществ на дне водоёма	mud or fine earth deposited from running or standing water
A21	NOUN	57	пролив	strait	сравнительно узкая полоса воды, разъединяющая участки суши и соединяющая два водных бассейна или две части водного бассейна	a relatively narrow strip of water separating two land masses and connecting two bodies of water or two parts of the same body of water
A21	NOUN	58	залив	bay	обширный участок водного пространства, вдающийся в сушу	A body of water (especially the sea) contained by a concave shoreline.
A21	NOUN	59	наволок, мыс	cape, promontory	участок суши, выдающийся острым углом в водное пространство	a piece or point of land, extending beyond the adjacent coast into a sea or lake; a promontory; a headland
A21	NOUN	60	море	sea	часть океана, обособленная сушей или островами	a large body of salt water
A21	ADJ	61	глубокий	deep	имеющий значительное расстояние между поверхностью и дном, большую глубину	extending far down from the top, or surface, to the bottom, literally or figuratively
A21	ADJ	62	мелкий (неглубокий)	shallow	имеющий небольшую глубину; такой, где от поверхности до дна небольшое расстояние	not deep; having little distance from the surface to the bottom
A21	NOUN	63	болото	bog	участок ландшафта со слоем торфа более 30 см, характеризующийся избыточным увлажнением, повышенной кислотностью и низкой плодородностью почвы, выходом на поверхность стоячих или проточных грунтовых вод, но без постоянного слоя воды на поверхности	an area of decayed vegetation (particularly sphagnum moss) which forms a wet spongy ground too soft for walking; a marsh or swamp
A21	NOUN	64	подснежная вода	subnival water 	вода, находящаяся под снежным покровом; талая или грунтовая вода, протекающая или скапливающаяся между поверхностью земли (льда) и слоем снега	water that flows or accumulates beneath a snow cover; meltwater or groundwater located between the ground (or ice) surface and the snow layer
A22	NOUN	65	гора	mountain	сильно возвышенная местность, большой холм	an elevation of land of considerable dimensions rising more or less abruptly, forming a conspicuous figure in the landscape, usually having a small extent of surface at its summit
A22	NOUN	66	скала	cliff	каменная глыба или гора с крутыми склонами и острыми выступами	a high area of land with a very steep side, especially one next to the sea; a steep face of rock and earth
A22	NOUN	67	низина	lowland	низменное место, участок земли, расположенный ниже окружающей местности 	flat land that is at, or not much higher than, sea level
A22	NOUN	68	пойма, заливной луг	floodplain, floodplain meadow	часть речной долины, затопляемая во время половодья или паводков; низменная полоса земли вдоль реки, покрываемая водой в период высокого уровня	an area of low-lying ground adjacent to a river, formed mainly of river sediments and subject to flooding
A22	NOUN	69	глина	clay	пластичная при увлажнении осадочная горная порода, используемая для производства гончарных изделий, кирпича, а также для строительных и скульптурных работ	a mineral substance made up of small crystals of silica and alumina, that is ductile when moist; the material of pre-fired ceramics
A22	NOUN	70	песок	sand	осадочная порода, состоящая из мелких зёрен кварца и других минералов	Rock that is ground more finely than gravel, but is not as fine as silt (more formally, see grain sizes chart), forming beaches and deserts and also used in construction
A22	NOUN	71	камень	stone	твёрдая горная порода; кусок, обломок такой породы	hard solid non-metallic mineral matter of which rock consists; a piece of rock
A22	NOUN	72	золото	gold (metal)	драгоценный металл жёлтого цвета	A heavy yellow elemental metal of great value
A22	NOUN	73	серебро	silver	драгоценный металл белого цвета, ковкий, тягучий, с высокой электропроводностью; химический элемент Ag	a precious shiny greyish-white metal that is used for making jewellery, ornaments, and coins; the chemical element Ag
A22	NOUN	74	медь	copper	металл красновато-розового цвета, ковкий, тягучий, с высокой электропроводностью и теплопроводностью; химический элемент Cu (атомный номер 29)	a reddish-brown metal that is ductile, malleable, and an excellent conductor of heat and electricity; the chemical element Cu (atomic number 29)
A22	NOUN	75	свинец	lead (metal)	тяжёлый мягкий металл синевато-серого цвета, ковкий, легко плавится; химический элемент Pb (атомный номер 82)	a heavy soft bluish-grey metal that is easily melted and shaped; the chemical element Pb (atomic number 82)
A22	NOUN	76	железо	iron	простое вещество, твёрдый ковкий металл серебристо-белого цвета, который ржавеет, притягивается магнитами, основной компонент чугуна и стали	A common, inexpensive metal, silvery grey when untarnished, that rusts, is attracted by magnets, and is used in making steel. 
A22	NOUN	77	ртуть	mercury (Hg)	тяжёлый жидкий металл серебристо-белого цвета, легко подвижный, испаряется при комнатной температуре; химический элемент Hg (атомный номер 80)	a heavy silvery-white liquid metal that is used in thermometers, barometers, and other scientific instruments; the chemical element Hg (atomic number 80)
A31	VERB	78	расти	to grow	произрастать, находиться где-либо; развиваться из семени, корня	to develop from a seed or root; to exist or be found in a particular place
A31	NOUN	79	цветок	flower	орган семенного размножения цветковых (покрытосеменных) растений; видоизменённый побег, состоящий из стебля, лепестков, тычинок и пестика	the seed-bearing part of a plant, consisting of reproductive organs (stamens and carpels) that are typically surrounded by a brightly coloured corolla of petals and a green calyx
A31	NOUN	80	стебель травянистого растения	stem, stalk	осевая часть побега травянистого растения, несущая листья, почки, цветки; поддерживает растение и проводит питательные вещества от корней к листьям	the main supporting structure of a plant that rises from the root and bears leaves, flowers, and fruits; conducts water and nutrients between roots and leaves
A31	NOUN	81	колос	ear, spike	соцветие злаковых растений, представляющее собой главный побег с расположенными на нём зёрнами; плотный вытянутый колос с цветками и плодами	the seed-bearing flower spike of a cereal plant, especially wheat, barley, or maize; the fruiting part of a grain plant
A31	VERB	82	цвести	to bloom, to blossom, to flower	покрываться цветами, распускаться; находиться в состоянии цветения	to produce flowers; to come into bloom; to reach a state of development or perfection
A31	VERB	83	спеть	to ripen	достигать полной зрелости; становиться готовым к употреблению, сбору	to become ripe; to reach a state of full development and readiness for harvest or consumption
A31	NOUN	84	мох	moss	низшее споровое растение, растущее обычно плотными подушкообразными зарослями на влажных местах (камнях, деревьях, земле, болотах); не имеет настоящих корней, стеблей и листьев	a small soft green plant that grows in dense clumps on damp surfaces such as rocks, trees, and soil; a non-vascular plant that reproduces by spores and lacks true roots, stems, and leaves
A31	NOUN	85	камыш	rush, reed	высокое многолетнее травянистое растение семейства осоковых, растущее в воде или на болотистых местах; имеет длинный прямой стебель с метёлкой или зонтиком на верхушке	a tall slender-leaved plant of the grass family that grows in water or on marshy ground; a wetland plant with hollow jointed stems
A31	NOUN	86	трава прошлогодняя	last year's grass	сухая прошлогодняя растительность, сохранившаяся с предыдущего вегетационного сезона; отмершая трава, лежащая на земле после зимы	dried grass from the previous growing season that remains on the ground after winter; dead vegetation from the prior year
A321	NOUN	87	дерево	tree	многолетнее, как правило, крупное растение с твёрдым стволом, мощной корневой системой и образующими крону ветвями, покрытыми листьями или иголками	a perennial woody plant, differentiated from a shrub by its larger size (typically over a few meters; yards in height) or growth habit, usually having a single (or few) main axis or trunk unbranched for some distance above the ground and a head of branche
A321	ADJ	88	гнилой (о дереве)	rotten	испорченный, повреждённый гниением, тлением	in a state of decay
A321	NOUN	89	почка (древесная)	bud	зачаточный побег дерева или кустарника; орган растения, содержащий зачаток стебля с листьями или цветками, покрытый защитными чешуйками	a small protuberance on a stem or branch of a plant, containing an undeveloped shoot, leaf, or flower; a woody plant's embryonic shoot protected by scales
A321	NOUN	90	корень	root	подземный орган растения, служащий для закрепления в почве, поглощения воды и минеральных веществ, а также для хранения питательных веществ	the underground part of a plant that anchors it in the soil, absorbs water and minerals, and stores nutrients; the basal part of a plant from which stems and leaves grow
A321	NOUN	91	дупло	tree hollow	пустота, отверстие в стволе дерева, образовавшееся на месте выгнившей древесины	a semi-enclosed cavity which has naturally formed in the trunk or branch of a tree
A321	NOUN	92	пень	stump	нижняя часть ствола срубленного или погибшего дерева, остающаяся в земле вместе с корнями; остаток дерева после валки	the part of a tree trunk that remains in the ground after the tree has been cut down; the base of the trunk with roots still attached
A321	NOUN	93	валежина	fallen wood	дерево, лежащее на земле (поваленное ветром, засохшее и т. п.)	a tree lying on the ground
A321	NOUN	94	ветвь	branch	боковой отросток, идущий от ствола дерева или стебля травянистого растения	the woody part of a tree arising from the trunk and usually dividing
A321	NOUN	95	хвоя	needle, foliage	игловидные или чешуйчатые листья хвойных деревьев (сосны, ели, пихты, кедра и др.); вечнозелёная листва голосеменных растений	a thin, pointed, leaf-like structure of a coniferous tree; the modified leaf of a pine, fir, spruce, or other evergreen tree
A321	NOUN	96	смола бегущая, живица	resin	ароматная смола, выделяющаяся из надрезов или ран на стволах хвойных деревьев (сосны, ели, пихты, кедра); застывающая на воздухе вязкая жидкость	a sticky substance secreted by certain trees, especially conifers, that hardens when exposed to air; a natural organic compound used in varnishes, adhesives, and medicines
A321	NOUN	97	сера  (смола, выделяющаяся из хвойных деревьев)	coniferous resin	смола, живица, выделяющаяся из хвойных деревьев (сосны, ели); вязкое ароматное вещество, застывающее на коре	a sticky aromatic substance secreted by coniferous trees, especially pines; tree gum that flows from wounds in the trunk and hardens when exposed to air
A321	NOUN	98	лист	leaf	орган растения, растущий от стебля и служащий для фотосинтеза, испарения воды и газообмена; обычно плоская зелёная пластина с жилками	a flattened structure of a higher plant, typically green and blade-like, that is attached to a stem and functions in photosynthesis, transpiration, and gas exchange
A321	NOUN	99	кора (древесных растений)	bark (of a tree)	наружная защитная оболочка стволов, ветвей и корней древесных растений; состоит из нескольких слоёв тканей, защищающих дерево от повреждений, высыхания, вредителей и болезней	the tough protective outer sheath covering the trunk, branches, and twigs of a tree or woody shrub; consists of multiple tissue layers that protect the tree from damage, dehydration, pests, and diseases
A321	NOUN	100	береста	birchbark	верхний слой коры берёзы	the bark of the birch tree, especially the white bark of the paper birch
A321	NOUN	101	крень (креневое дерево)	compression wood	изменение строения древесины хвойных пород в обращённой вниз (сжатой) зоне ствола и сучьев, проявляющееся в виде кажущегося утолщения и потемнения поздней зоны годичных слоёв	a type of reaction wood formed on the lower (compressed) side of leaning stems and branches in coniferous trees; characterized by darker color, higher lignin content, increased density, and altered mechanical properties compared to normal wood
A321	NOUN	102	заболонь	sapwood	наружные молодые, физиологически активные слои древесины стволов, ветвей и корней, примыкающие к образовательной ткани — камбию	the soft outer layers of recently formed wood between the heartwood and the bark, containing the functioning vascular tissue
A322	NOUN	103	лес	forest	пространство, заросшее деревьями и другими растениями; бор, роща	a dense uncultivated tract of trees and undergrowth, larger than woods
A322	NOUN	104	лес глухой	dense forest	труднопроходимый, удалённый от поселений лесной массив с густым подлеском, завалами, без дорог и троп; часто заболоченный, с преобладанием хвойных пород	a thickly wooded area with heavy undergrowth, limited light penetration, and difficult passage
A322	NOUN	105	бор	pine forest	лес с преобладанием одного вида хвойных деревьев (чаще всего сосны)	a forest or grove of pine trees, either natural or as a plantation
A322	NOUN	106	сосна	pine	типовой род хвойных деревьев, кустарников или стлаников семейства Сосновые	Any coniferous tree of the genus Pinus
A322	NOUN	107	сосна кондовая	resinous pine; dense-grained pine; mast pine	высококачественная сосна с плотной, смолистой, мелкозернистой древесиной; растёт на сухих возвышенных местах (песчаных гривах, сухих борах), отличается прямым стволом и медленным ростом	a high-quality pine tree with dense, resin-rich, fine-grained wood; typically grows in dry, elevated sandy soils, valued for construction and shipbuilding due to its durability and strength
A322	NOUN	108	шишка (хвойных деревьев)	cone	соцветие и плод некоторых растений, включая хвойные, имеющее овальную форму, покрытые чешуйками и сохраняющееся до созревания семян	the fruit of a conifer or a similarly shaped fruit or flower head of certain other plants, such as banksias and proteas
A322	NOUN	109	ель	spruce	род хвойных деревьев семейства сосновые	any of various large coniferous evergreen trees or shrubs from the genus Picea, found in northern temperate and boreal regions; originally and more fully spruce fir
A322	NOUN	110	дуб	oak	род многолетнего лиственного дерева семейства буковых с прочной древесиной и плодами — желудями	a deciduous tree with distinctive deeply lobed leaves, acorns, and notably strong wood
A322	NOUN	111	береза	birch	род листопадных деревьев и кустарников семейства Берёзовые (Betulaceae); широко распространена в Северном полушарии	any of various trees of the genus Betula, native to countries in the Northern Hemisphere.
A322	NOUN	112	сок	sap	жидкость, содержащаяся в клетках, тканях и полостях растительных и животных организмов	a fluid found inside trees and other plants that carries dissolved nutrients and sugars. It flows through two types of tissue: xylem (carrying water and minerals upward from the roots) and phloem (transporting sugars produced by photosynthesis to other pa
A322	NOUN	113	гриб-трутовик	polypore	однолетний или многолетний гриб, паразитирующий на деревьях	a group of fungi that form large fruiting bodies with pores or tubes on the underside
A322	NOUN	114	осина	aspen	лиственное дерево семейства ивовых (Populus tremula); имеет округлые листья на длинных черешках, дрожащие на ветру; кора зеленовато-серая, древесина мягкая, белая	a deciduous tree of the willow family (Populus tremula); has rounded leaves on long petioles that tremble in the wind; bark greenish-gray, wood soft and white
A322	NOUN	115	липа	linden	лиственное дерево семейства мальвовых (Tilia); имеет сердцевидные листья, душистые желтоватые цветки, собранные в соцветия; древесина мягкая, лёгкая, ценится в резьбе	a deciduous tree of the family Malvaceae (Tilia); has heart-shaped leaves, fragrant yellowish flowers in clusters; wood soft, light, valued for carving
A322	NOUN	116	клен	maple	лиственное дерево семейства сапиндовых (Acer); имеет пальчато-лопастные листья, крылатые парные плоды; древесина твёрдая, используется в столярном деле	a deciduous tree of the family Sapindaceae (Acer); has palmately lobed leaves and paired winged seeds (samaras); wood hard, used in woodworking
A322	NOUN	117	ива	willow	лиственное дерево или кустарник семейства ивовых (Salix); имеет узкие листья, гибкие ветви, растёт у водоёмов; используется для плетения, лекарственное растение	a deciduous tree or shrub of the family Salicaceae (Salix); has narrow leaves, flexible branches, grows near water; used for basketry, medicinal plant
A322	NOUN	118	рябина	mountain ash, rowan	лиственное дерево семейства розоцветных (Sorbus aucuparia); имеет непарноперистые листья, белые цветки, оранжево-красные ягоды; ягоды горьковатые, съедобные после заморозков	a deciduous tree of the family Rosaceae (Sorbus aucuparia); has pinnate leaves, white flowers, orange-red berries; berries slightly bitter, edible after frost
A322	NOUN	119	черемуха	bird cherry	лиственное дерево или кустарник семейства розоцветных (Prunus padus); имеет душистые белые кисти цветков, чёрные вяжущие ягоды; кора и листья с характерным запахом	a deciduous tree or shrub of the family Rosaceae (Prunus padus); has fragrant white flower clusters, black astringent berries; bark and leaves with characteristic scent
A322	NOUN	120	ольха	alder	лиственное дерево семейства берёзовых (Alnus); имеет округлые листья, серёжки, шишковидные плоды; растёт во влажных местах, древесина устойчива к воде	a deciduous tree of the family Betulaceae (Alnus); has rounded leaves, catkins, cone-like fruits; grows in wet places, wood water-resistant
A323	NOUN	121	можжевельник	juniper	хвойный кустарник или дерево семейства кипарисовых (Juniperus); имеет игольчатые или чешуйчатые листья, синеватые шишкоягоды; ароматное растение, используется в медицине	a coniferous shrub or tree of the family Cupressaceae (Juniperus); has needle-like or scale-like leaves, blue berry-like cones; aromatic plant, used in medicine
A323	NOUN	122	малина	raspberry	кустарник семейства розоцветных (Rubus idaeus); имеет сложные листья, белые цветки, красные ароматные ягоды-многокостянки; ягоды съедобные, лекарственные	a shrub of the family Rosaceae (Rubus idaeus); has compound leaves, white flowers, red fragrant aggregate berries; berries edible, medicinal
A323	NOUN	123	красная смородина	redcurrant	кустарник семейства крыжовниковых (Ribes rubrum); имеет лопастные листья, кисти мелких красных кисловатых ягод; ягоды съедобные, используются в кулинарии	a shrub of the family Grossulariaceae (Ribes rubrum); has lobed leaves, clusters of small red tart berries; berries edible, used in cooking
A323	NOUN	124	черная смородина	currant	кустарник семейства крыжовниковых (Ribes nigrum); имеет ароматные листья, кисти чёрных сладко-кислых ягод; ягоды богаты витамином C	a shrub of the family Grossulariaceae (Ribes nigrum); has aromatic leaves, clusters of black sweet-tart berries; berries rich in vitamin C
A323	NOUN	125	ягода	berry	сочный плод растений с семенами внутри; небольшой съедобный плод кустарников или трав	a juicy fruit of plants with seeds inside; a small edible fruit of shrubs or herbs
A323	ADJ	126	незрелый (о ягодах)	unripe	не достигший полной спелости; зелёный, кислый, твёрдый; не готовый к употреблению или сбору	not having reached full maturity; green, sour, hard; not ready for consumption or harvesting
A323	VERB	127	собирать (ягоды)	to pick, to harvest	набирать, срывать ягоды с растений; заниматься заготовкой ягод	to collect, pluck berries from plants; to engage in berry harvesting
A323	NOUN	128	черника	blueberry, whortleberry	низкий кустарничек семейства вересковых (Vaccinium myrtillus); имеет мелкие овальные листья, синевато-чёрные сладкие ягоды с сизым налётом; растёт в хвойных лесах	a low shrub of the family Ericaceae (Vaccinium myrtillus); has small oval leaves, blue-black sweet berries with a waxy bloom; grows in coniferous forests
A323	NOUN	129	голубика	bilberry	вид листопадных кустарников из рода Вакциниум семейства Вересковые с тёмно-синими ягодами	a shrub native of the cool temperate areas of northern hemisphere, Vaccinium uliginosum, and the berry of that shrub
A323	NOUN	130	земляника	wild strawberry	название рода многолетних травянистых растений семейства розоцветных (Fragaria)	A plant of the species of strawberry growing naturally throughout much of the Northern Hemisphere, Fragaria vesca.
A323	NOUN	131	поленика	Arctic bramble, Arctic raspberry	многолетнее травянистое растение семейства розоцветных (Rubus arcticus); имеет тройчатые листья, розовые цветки, красные сочные ягоды; растёт на севере, в тундре и лесах	a perennial herb of the family Rosaceae (Rubus arcticus); has trifoliate leaves, pink flowers, red juicy berries; grows in northern regions, tundra, and forests
A323	NOUN	132	костяника	stone bramble	многолетнее травянистое растение семейства розоцветных (Rubus saxatilis); имеет тройчатые листья, белые цветки, красные ягоды с крупными косточками; кисловато-сладкие ягоды съедобны	a perennial herb of the family Rosaceae (Rubus saxatilis); has trifoliate leaves, white flowers, red berries with large stones; tart-sweet berries edible
A323	NOUN	133	морошка	cloudberry	многолетнее травянистое растение семейства розоцветных (Rubus chamaemorus); растёт на болотах, имеет белые цветки, янтарно-жёлтые сочные ягоды; ценная северная ягода	a perennial herb of the family Rosaceae (Rubus chamaemorus); grows in bogs, has white flowers, amber-yellow juicy berries; a valuable northern berry
A323	NOUN	134	брусника	cowberry	вечнозелёное кустарничковое растение из рода Vaccinium семейства Вересковых	a shrub native to the cool temperate areas of the Northern Hemisphere
A323	NOUN	135	клюква	cranberry	вечнозелёный кустарничек семейства вересковых (Vaccinium oxycoccos); растёт на болотах, имеет мелкие листья, красные кислые ягоды; ягоды богаты витамином C, используются в медицине	an evergreen dwarf shrub of the family Ericaceae (Vaccinium oxycoccos); grows in bogs, has small leaves, red tart berries; berries rich in vitamin C, used in medicine
A33	NOUN	136	хлеб, хлеба (все злаковые культуры)	bread (all cereals)	злаковые культуры, выращиваемые для получения зерна; в широком смысле — все зерновые растения	cereal crops cultivated for their edible seeds; in broad sense, all cereal plants
A33	NOUN	137	рожь	rye	злаковое растение семейства злаковых (Secale cereale); имеет длинные колосья, устойчива к холоду; зерно используется для выпечки чёрного хлеба	a cereal plant of the family Poaceae (Secale cereale); has long spikes, cold-resistant; grain used for baking dark bread
A33	NOUN	138	пшеница	wheat	злаковое растение семейства злаковых (Triticum); имеет колосья с зёрнами, основная зерновая культура; зерно используется для муки, хлеба, макарон	a cereal plant of the family Poaceae (Triticum); has spikes with grains, a major grain crop; grain used for flour, bread, pasta
A33	NOUN	139	ячмень	barley	злаковое растение семейства злаковых (Hordeum vulgare); имеет колосья с длинными остями; зерно используется для крупы, корма, пивоварения	a cereal plant of the family Poaceae (Hordeum vulgare); has spikes with long awns; grain used for groats, fodder, brewing
A33	NOUN	140	ость ячменя	awn (of barley)	длинный тонкий волосовидный придаток на колоске ячменя; защищает зерно, участвует в распространении	 a long slender bristle-like appendage on barley spikelets; protects the grain, aids in dispersal
A33	NOUN	141	овёс	oat	злаковое растение семейства злаковых (Avena sativa); имеет метельчатое соцветие, зёрна в плёнчатой оболочке; используется для крупы, корма, косметики	a cereal plant of the family Poaceae (Avena sativa); has a panicle inflorescence, grains in husks; used for groats, fodder, cosmetics
A33	NOUN	142	метелка овса	oat panicle	соцветие овса; разветвлённая кисть с колосками, расположенными на концах веточек	the inflorescence of oats; a branched cluster with spikelets arranged at the ends of branches
A34	NOUN	143	горох	pea	однолетнее травянистое растение семейства бобовых (Pisum sativum); имеет полый стебель, парноперистые листья с усиками, белые или фиолетовые цветки, стручки с округлыми семенами; пищевая культура, зерна употребляются в пищу в свежем, варёном, сушёном виде	an annual herb of the family Fabaceae (Pisum sativum); has a hollow stem, pinnate leaves with tendrils, white or purple flowers, pods with round seeds; a food crop, seeds eaten fresh, boiled, or dried
A34	NOUN	144	стручок	pod	сухой плод растений семейства бобовых или капустных; длинная коробочка с семенами внутри	a dry fruit of plants of the legume or cabbage family; an elongated capsule containing seeds inside
A34	NOUN	145	репа	turnip	двухлетнее растение семейства капустных (Brassica rapa); имеет утолщённый съедобный корень, розетку листьев; овощная культура	a biennial plant of the family Brassicaceae (Brassica rapa); has a thickened edible root, rosette of leaves; a vegetable crop
A34	NOUN	146	брюква	rutabaga	огородное растение семейства крестоцветных с крупным шарообразным корнеплодом светло-жёлтого или белого цвета	a root vegetable, a form of Brassica napus
A34	NOUN	147	лук	onion	многолетнее растение семейства луковых (Allium); имеет трубчатые листья, луковицу с резким запахом и вкусом; овощная и лекарственная культура	a perennial plant of the family Amaryllidaceae (Allium); has tubular leaves, a bulb with pungent odor and taste; a vegetable and medicinal crop
A35	NOUN	148	куст	bush, shrub	многолетнее растение с несколькими одревесневшими стеблями, не имеющее ярко выраженного главного ствола	a perennial plant with several woody stems and no distinct main trunk
A35	NOUN	149	вереск	heather	низкорослый кустарник с очень мелкими листьями и розовыми цветами; род растений семейства вересковых	an evergreen plant, Calluna vulgaris, with spiky leaves and small purple, pink, or white flowers
A35	NOUN	150	клевер	clover	многолетнее травянистое растение семейства бобовых (Trifolium); имеет тройчатые листья, шаровидные соцветия; кормовое и медоносное растение	a perennial herb of the family Fabaceae (Trifolium); has trifoliate leaves, spherical flower heads; a fodder and honey plant
A35	NOUN	151	крапива	nettle	многолетнее травянистое растение семейства крапивных (Urtica); имеет зубчатые листья с жгучими волосками; лекарственное и пищевое растение	a perennial herb of the family Urticaceae (Urtica); has toothed leaves with stinging hairs; a medicinal and edible plant
A35	NOUN	152	щавель	sorrel	многолетнее травянистое растение семейства гречишных (Rumex); имеет кислые стреловидные листья; пищевое и лекарственное растение	a perennial herb of the family Polygonaceae (Rumex); has sour arrow-shaped leaves; an edible and medicinal plant
A35	NOUN	153	папоротник	fern	споровое сосудистое растение; имеет перистые листья (вайи), размножается спорами; растёт во влажных тенистых местах	a spore-bearing vascular plant; has pinnate leaves (fronds), reproduces by spores; grows in moist shady places
A35	NOUN	154	гриб (губчатый)	Bolete	группа базидиальных высших грибов с трубчатым гименофором; трубчатый слой находится на нижней стороне шляпки гриба, его пористая поверхность, на которую выходят окончания трубочек, внешне напоминает поверхность губки	a type of mushroom, or fungal fruiting body; on the underside of the cap there is usually a spongy surface with pores
A35	NOUN	155	гриб (пластинчатый)	agaric	группа базидиальных высших грибов с пластинчатым гименофором; выросты гименофора расположены на нижней стороне шляпки, радиально, в виде пластинок, несущих спороносный слой	a type of fungus fruiting body characterized by the presence of a pileus (cap) that is clearly differentiated from the stipe (stalk), with lamellae (gills) on the underside of the pileu
A35	NOUN	156	груздь	Lactarius mushroom	съедобный пластинчатый гриб отряда млечников с широкой белой мохнатой вогнутой шляпкой и короткой толстой ножкой	a genus of mushroom-producing, ectomycorrhizal fungi, containing several edible species; commonly known as milk-caps, are characterized by the milky fluid ("latex") they exude when cut or damaged; their flesh has a distinctive brittle consistency
A35	NOUN	157	маслёнок	slippery jack mushroom, sticky bun mushroom	съедобный трубчатый гриб (Suillus luteus) с маслянистой скользкой шляпкой коричневого цвета	an edible tubular mushroom (Suillus luteus) with a brown, slimy, greasy cap
A35	NOUN	158	волнушка	woolly milkcap	съедобный пластинчатый гриб с волнистой розовой или белой шляпкой (употребляется в пищу в солёном виде); шляпка с глубоким пуповидным углублением в центре, с завёрнутыми вниз опушёнными краями; кожица покрыта густыми и грубыми ворсинками	a large agaric fungus Lactarius torminosus; a blend of pink and ochre hues, the cap sometimes has concentric zones of alternating lighter and darker shades; the edge of the cap is rolled inward, and shaggy when young
A36	ADJ	159	белый	white	имеющий цвет чистого снега, отражающий большую часть падающего света, ярко-светлый без оттенков	bright and colourless; reflecting equal quantities of all frequencies of visible light
A36	ADJ	160	черный	black	имеющий цвет сажи, угля; самый тёмный из цветов; отсутствие отражения света	having the color of soot or coal; the darkest of colors; absence of light reflection
A36	ADJ	161	красный	red	имеющий окраску, соответствующую цвету крови или спелых ягод рябины; один из основных цветов спектра	having the colour of blood or ripe rowan berries; one of the primary colours of the spectrum
A36	ADJ	162	зелёный	green	Цвет травы и листьев; основной аддитивный цвет, находящийся посередине между желтым и синим.	The color of grass and leaves; a primary additive color midway between yellow and blue. 
A36	ADJ	163	синий	blue	имеющий окраску одного из основных цветов спектра — между зелёным и фиолетовым; цвета ясного неба	having the colour of one of the primary colours of the spectrum, between green and violet; the colour of a clear sky
A36	ADJ	164	жёлтый	yellow	имеющий окраску одного из основных цветов спектра — среднего между оранжевым и зелёным; цве́та яичного желтка, золота	having the colour of one of the primary colours of the spectrum, between orange and green; the colour of egg yolk or gold
A36	ADJ	165	серый	grey	имеющий цвет между чёрным и белым; цвет пепла, свинца	having a color between black and white; the color of ash or lead
A36	ADJ	166	пёстрый	variegated, motley	имеющий разнообразную окраску, пятна разных цветов; разноцветный, узорчатый	having varied coloring, patches of different colors; multicolored, patterned
A36	ADJ	167	тёмный	dark	не светлый по цвету; близкий к чёрному по цвету; неяркий	not light in colour; close to black in color; not bright
A411	NOUN	168	собака	dog	домашнее животное семейства псовых (Canis familiaris); хищник, приручённый человеком; используется для охраны, охоты, как компаньон	a domestic animal of the family Canidae (Canis familiaris); a carnivore tamed by humans; used for guarding, hunting, as a companion
A411	NOUN	169	щенок	puppy	молодая собака; детёныш собаки до достижения зрелости	a young dog; a canine offspring before reaching maturity
A411	VERB	170	лаять	to bark	издавать характерные звуки собакой; коротко и отрывисто выть, предупреждая или выражая эмоции	to produce characteristic sounds as a dog; to utter short abrupt cries, warning or expressing emotions
A411	NOUN	171	кошка	cat	домашнее животное семейства кошачьих (Felis catus); хищник, приручённый человеком; используется для ловли грызунов, как компаньон	a domestic animal of the family Felidae (Felis catus); a carnivore tamed by humans; used for catching rodents, as a companion
A411	NOUN	172	котёнок	kitten	молодая кошка; детёныш кошки до достижения зрелости	a young cat; a feline offspring before reaching maturity
A411	VERB	173	мяукать	to meow	издавать характерные звуки кошкой; тихо и протяжно кричать, выражая потребности или эмоции	to produce characteristic sounds as a cat; to cry softly and drawn-out, expressing needs or emotions
A411	NOUN	174	коготь	claw	роговое образование на концах пальцев у хищных и некоторых других животных; острое изогнутое приспособление для хватания, защиты	a horny structure at the ends of digits in predatory and some other animals; a sharp curved adaptation for grasping, defense
A411	NOUN	1447	детёныш (животного)	baby animal, cub	молодое, не достигшее половой зрелости животное, находящееся при матери	a young animal that has not reached puberty and is kept with its mother
A412	NOUN	175	медведь	bear	крупное хищное млекопитающее семейства медвежьих (Ursidae); имеет массивное тело, густую шерсть, короткие хвост; всеяден, обитает в лесах	a large carnivorous mammal of the family Ursidae; has a massive body, thick fur, short tail; omnivorous, inhabits forests
A412	NOUN	176	лапа (медведя)	paw	мягкая стопа млекопитающего или другого животного, как правило, четвероногого, имеющая когти или ногти; сравнима с человеческой рукой или стопой	the soft foot of a mammal or other animal, generally a quadruped, that has claws or nails; comparable to a human hand or foot
A412	NOUN	177	морда	muzzle, snout	передняя часть головы животного с глазами, носом, ртом; лицевая часть головы зверя	the front part of an animal's head with eyes, nose, and mouth; the facial part of a beast's head
A412	NOUN	178	волк	wolf	сравнительно крупное хищное пушистое млекопитающее семейства псовы	сanis lupus; the largest wild member of the canine subfamily
A412	VERB	179	выть	to howl	издавать вой, протяжно громко кричать (о животных)	to utter a loud, protracted, mournful sound or cry, as dogs and wolves often do
A412	NOUN	180	олень	deer	парнокопытное млекопитающее семейства оленевых (Cervidae); имеет ветвистые рога (у самцов), стройное тело; обитает в лесах и тундре	an even-toed ungulate mammal of the family Cervidae; has branched antlers (in males), slender body; inhabits forests and tundra
A412	NOUN	181	лось	moose	крупное парнокопытное млекопитающее семейства оленевых (Alces alces); имеет широкие лопатообразные рога, длинную морду; обитает в лесах северного полушария	a large even-toed ungulate mammal of the family Cervidae (Alces alces); has broad palmate antlers, long snout; inhabits forests of the northern hemisphere
A412	NOUN	182	куница	marten	хищное млекопитающее семейства куньих (Martes); имеет стройное тело, пушистый хвост, ценный мех; обитает в лесах, лазает по деревьям	a carnivorous mammal of the family Mustelidae (Martes); has a slender body, bushy tail, valuable fur; inhabits forests, climbs trees
A412	NOUN	183	рысь	lynx	хищное млекопитающее семейства кошачьих (Lynx lynx); имеет кисточки на ушах, короткий хвост, пятнистую шерсть; обитает в лесах, отличный охотник	a carnivorous mammal of the family Felidae (Lynx lynx); has ear tufts, short tail, spotted fur; inhabits forests, an excellent hunter
A412	NOUN	184	горностай	stoat	небольшой пушной хищный зверь из рода хорьков, белый, с чёрным кончиком хвоста	the ermine or short-tailed weasel, a mustelid native to Eurasia and North America, distinguished from the least weasel by its larger size and longer tail with a prominent black tip
A412	NOUN	185	лиса	fox	хищное млекопитающее семейства псовых (Vulpes vulpes); имеет рыжий мех, пушистый хвост, острую морду; обитает в лесах, полях, хитрый зверь	a carnivorous mammal of the family Canidae (Vulpes vulpes); has reddish fur, bushy tail, pointed snout; inhabits forests, fields; a cunning animal
A412	NOUN	186	белка	squirrel	небольшой пушистый зверёк, представитель семейства беличьих отряда грызунов	any of the rodents of the family Sciuridae distinguished by their large bushy tail
A412	NOUN	187	шерсть (животных)	fur, hair (animal)	волосяной покров тела млекопитающих; густые волосы, защищающие от холода, влаги	 the hairy covering of mammals; dense hair protecting from cold, moisture
A412	NOUN	188	заяц	hare	пушистое длинноухое растительноядное млекопитающее из отряда зайцеобразных (Lepus)	Any of several plant-eating mammals of the genus Lepus, similar to a rabbit, but larger and with longer ears.
A412	NOUN	189	ласка	weasel (mammal)	мелкое хищное млекопитающее семейства куньих (Mustela nivalis); имеет стройное тело, короткий хвост, буроватый мех; обитает в полях, лесах, охотится на грызунов	a small carnivorous mammal of the family Mustelidae (Mustela nivalis); has a slender body, short tail, brownish fur; inhabits fields, forests, hunts rodents
A412	NOUN	190	норка	mink (animal)	хищное млекопитающее семейства куньих (Neovison vison); имеет удлинённое тело, короткие ноги, ценный тёмный мех; полуводный образ жизни	a carnivorous mammal of the family Mustelidae (Neovison vison); has an elongated body, short legs, valuable dark fur; semi-aquatic lifestyle
A412	NOUN	191	выдра	otter	хищное млекопитающее семейства куньих, ведущее полуводный образ жизни; крупный зверь с вытянутым гибким телом обтекаемой формы с короткими лапами с плавательными перепонками, доходящими до конца пальцев, подошва голая	an aquatic or marine carnivorous mammal in the subfamily Lutrinae of the family Mustelidae has long, slim bodies and relatively short limbs, the powerful webbed feet used to swim, and their seal-like abilities for holding breath underwater
A412	NOUN	192	бобр	beaver	сравнительно крупное полуводное млекопитающее отряда грызунов	a semiaquatic rodent of the genus Castor, having a wide, flat tail and webbed feet
A412	NOUN	193	барсук	badger	хищное млекопитающее семейства куньих, с острой мордой, неуклюжим телом и длинной грубой шерстью	a short-legged omnivore of the Mustelidae family, have squat bodies and adaptations for burrowing activity
A412	NOUN	194	росомаха	wolverine	хищное млекопитающее семейства куньих (Gulo gulo); имеет массивное тело, короткие ноги, густой тёмный мех; обитает в тайге и тундре, сильный зверь	a carnivorous mammal of the family Mustelidae (Gulo gulo); has a massive body, short legs, thick dark fur; inhabits taiga and tundra; a powerful animal
A412	NOUN	195	крот	mole	мелкое млекопитающее отряда насекомоядных (Talpidae); имеет цилиндрическое тело, лопатообразные передние лапы; роет подземные ходы, питается насекомыми	a small mammal of the order Eulipotyphla (Talpidae); has a cylindrical body, shovel-like forelimbs; digs underground tunnels, feeds on insects
A412	NOUN	196	крыса	rat	грызун семейства мышиных (Rattus); имеет длинное тело, длинный голый хвост, острые резцы; всеяден, обитает рядом с человеком	a rodent of the family Muridae (Rattus); has a long body, long bare tail, sharp incisors; omnivorous, inhabits areas near humans
A412	NOUN	197	летучая мышь	bat (flying mouse)	млекопитающее отряда рукокрылых (Chiroptera); имеет кожистые крылья, развитый слух; ведёт ночной образ жизни, питается насекомыми или фруктами	a mammal of the order Chiroptera; has leathery wings, developed hearing; nocturnal lifestyle, feeds on insects or fruits
A412	NOUN	198	мышь	mouse	мелкий грызун семейства мышиных (Mus musculus); имеет серую шерсть, длинный хвост, острые резцы; всеядна, обитает в природе и жилищах человека	a small rodent of the family Muridae (Mus musculus); has gray fur, long tail, sharp incisors; omnivorous, inhabits nature and human dwellings
A412	NOUN	199	ёж	hedgehog (animal)	небольшое млекопитающее семейства ежовых, спина и бока которого покрыты твёрдыми иглами	a small mammal,  characterized by their spiny back and often by the habit of rolling up into a ball when attacked
A42	NOUN	200	птица	bird	еплокровное позвоночное животное класса птиц (Aves); имеет перья, крылья, клюв; большинство способно к полёту, откладывает яйца	a warm-blooded vertebrate animal of the class Aves; has feathers, wings, beak; most capable of flight, lays eggs
A42	NOUN	201	стая (птиц)	flock (of birds)	группа птиц, летящих или находящихся вместе; скопление особей одного вида	a group of birds flying or staying together; an aggregation of individuals of one species
A42	NOUN	202	гребень петуха	crest of a rooster	образование из покровных, костных или ороговевших тканей, расположенное на осевой линии верхней части головы самца курицы	tuft growing on the head of a male chicken
A42	NOUN	203	клюв	beak	рогообразный вырост на голове птицы; заменяет зубы, служит для захвата пищи, ухода за перьями	a horny projection on a bird's head; replaces teeth, used for grasping food, preening feathers
A42	NOUN	204	крыло	wing	передняя конечность птицы, приспособленная для полёта; покрыта перьями, имеет костную основу и мышцы	the forelimb of a bird adapted for flight; covered with feathers, has a bony framework and muscles
A42	NOUN	205	перо	feather	рогообразное образование на теле птицы; состоит из стержня и опахала, служит для полёта, теплоизоляции, окраски	a horny structure on a bird's body; consists of a shaft and vane, serves for flight, insulation, coloration
A42	NOUN	206	пух	down, underfur	мягкий, тонкий, пушистый волосяной покров животных (особенно зимний подшёрсток); нежный короткий волос, растущий под остевой шерстью для сохранения тепла	the soft, fine hair or feathers of animals, especially the dense undercoat that provides insulation
A42	NOUN	207	дрозд	thrush (bird)	средних размеров птица семейства дроздовых отряда воробьинообразных	any of numerous species of songbirds of the cosmopolitan family Turdidae
A42	NOUN	208	скворец	starling	певчая птица семейства скворцовых (Sturnus vulgaris); имеет тёмное оперение с металлическим блеском, белый крап; перелётная птица, хороший имитатор звуков	a songbird of the family Sturnidae (Sturnus vulgaris); has dark plumage with metallic sheen, white speckles; migratory bird, excellent mimic
A42	NOUN	209	грач	rook	сравнительно крупная перелётная птица семейства вороновых с чёрным блестящим оперением и светлым клювом	a black bird whose large flocks signal the arrival of spring
A42	NOUN	210	галка	jackdaw	птица семейства врановых с тёмным оперением и большой головой	a European bird (Coloeus monedula) of the crow family, often nesting in church towers and ruins
A42	NOUN	211	кукушка	cuckoo	птица семейства кукушковых (Cuculus canorus); имеет серое оперение, длинный хвост; известна тем, что подкладывает яйца в гнёзда других птиц	a bird of the family Cuculidae (Cuculus canorus); has gray plumage, long tail; known for laying eggs in nests of other birds
A42	NOUN	212	дятел	woodpecker	средних размеров лесная птица семейства дятловых отряда дятлообразных, с клювом, приспособленным для долбления коры и древесины деревьев	any bird of species-rich family Picidae, with a strong pointed beak suitable for pecking holes in wood
A42	NOUN	213	жаворонок	lark, skylark	небольшая певчая птица отряда воробьинообразных семейства жаворонковых, обитающая преимущественно в полях и лугах	A small brown passerine bird, Alauda arvensis, that sings as it flies high into the air.
A42	NOUN	214	куропатка (белая)	ptarmigan	птица семейства фазановых (Lagopus lagopus); имеет белое зимнее и пёстрое летнее оперение, оперённые пальцы; обитает в тундре и лесотундре	a bird of the family Phasianidae (Lagopus lagopus); has white winter and mottled summer plumage, feathered toes; inhabits tundra and forest-tundra
A42	NOUN	215	ласточка	swallow (bird)	небольшая певчая птица семейства ласточковых (Hirundo rustica); имеет длинный раздвоенный хвост, узкие крылья; ловит насекомых в полёте, строит гнёзда из глины	a small songbird of the family Hirundinidae (Hirundo rustica); has a long forked tail, narrow wings; catches insects in flight, builds mud nests
A42	NOUN	216	голубь	dove, pigeon	птица семейства голубиных, средних размеров, с плотным оперением, обычно серо-сизого цвета	a stocky seed- or fruit-eating bird with a small head, short legs, and a cooing voice
A42	NOUN	217	воробей	sparrow	птица семейства воробьиных; , в расцветке сочетаются серые, буроватые, белые, чёрные, каштановые или рыжие тона; имеют короткие ноги, многие передвигаются по земле прыжками	a small bird with a short bill, and brown, white and gray feathers
A42	NOUN	218	утка	duck	водоплавающая птица с широким плоским клювом, короткой шеей и короткими, широко расставленными перепончатыми ногами; самка селезня	a waterfowl with a broad, flat bill, a short neck, and short, widely spaced webbed feet; a female drake
A42	NOUN	219	гусь	goose	дикая и домашняя крупная водоплавающая птица семейства утиных с длинной шеей	any of various grazing waterfowl of the family Anatidae, which have feathers and webbed feet and are capable of flying, swimming, and walking on land, and which are bigger than ducks
A42	NOUN	220	чирок	teal	небольшая утка семейства утиных (Anas crecca); имеет коричневую окраску с зелёным зеркальцем на крыле; перелётная птица, обитает у водоёмов	a small duck of the family Anatidae (Anas crecca); has brown plumage with a green speculum on the wing; migratory bird, inhabits water bodies
A42	NOUN	221	гагара	loon	крупная северная водоплавающая птица с густым оперением	any of various birds, of the order Gaviiformes, of North America and Europe that dive for fish and have a short tail, webbed feet and a yodeling cry
A42	NOUN	222	чайка	seagull	птица семейства чайковых (Laridae); имеет белое и серое оперение, перепончатые лапы, крючковатый клюв; обитает у водоёмов, всеядна	a bird of the family Laridae; has white and gray plumage, webbed feet, hooked bill; inhabits water bodies, omnivorous
A42	NOUN	223	лебедь	swan	крупная водоплавающая птица семейства утиных (Cygnus); имеет длинную изогнутую шею, белое или чёрное оперение; символ верности, грации	a large waterfowl of the family Anatidae (Cygnus); has a long curved neck, white or black plumage; a symbol of fidelity, grace
A42	NOUN	224	кулик	sandpiper, snipe	небольшая птица отряда ржанкообразных (Charadriiformes); имеет длинные ноги, прямой клюв; обитает у водоёмов, питается беспозвоночными	a small bird of the order Charadriiformes; has long legs, straight bill; inhabits water bodies, feeds on invertebrates
A42	NOUN	225	журавль	crane	крупная болотная перелётная птица семейства журавлеобразных, с длинным прямым клювом и с длинными ногами и шеей	Any bird of the family Gruidae, large birds with long legs and a long neck which is extended during flight. 
A42	VERB	226	курлыкать	to crane-call	издавать характерные звуки журавлём; протяжно и мелодично кричать	to produce characteristic sounds as a crane; to cry in a drawn-out melodic manner
A42	NOUN	227	рябчик	hazel grouse	небольшая птица семейства тетеревиных (Tetrastes bonasia); имеет пёструю серо-рыжую окраску, хохолок; обитает в хвойных лесах, ценная промысловая птица	a small bird of the family Phasianidae (Tetrastes bonasia); has mottled gray-rufous plumage, a crest; inhabits coniferous forests, a valued game bird
A42	NOUN	228	глухарь	wood grouse	крупная птица из подсемейства тетеревиных, отряда курообразных; отличается сильно округлённым хвостом и удлинёнными перьями на горле	a large bird from the grouse subfamily, order Galliformes; distinguished by a strongly rounded tail and elongated throat feathers
A42	NOUN	229	глухарка	wood grouse (female)	самка глухаря, окрашена весьма пёстро смесью ржаво-жёлтого, ржаво-красного, чёрно-бурого и белого цвета (в виде поперечных тёмных и ржаво-охристых полос)	female capercaillie has feathers on the upper parts are brown with black and silver barring; on the underside they are more light and buffish yellow; hen has a white spot on the wing bow
A42	NOUN	230	тетерев	black grouse	птица семейства тетеревиных (Lyrurus tetrix); самец имеет чёрное оперение с красными бровями и лировидный хвост; обитает в лесах и на опушках	a bird of the family Phasianidae (Lyrurus tetrix); male has black plumage with red eyebrows and a lyre-shaped tail; inhabits forests and clearings
A42	NOUN	231	сорока	magpie	птица семейства врановых (Pica pica); имеет чёрно-белое оперение, длинный ступенчатый хвост; умная птица, известная любовью к блестящим предметам	a bird of the family Corvidae (Pica pica); has black-and-white plumage, long graduated tail; an intelligent bird, known for attraction to shiny objects
A42	NOUN	232	ворона	crow	птица из рода воронов семейства врановых	a bird, usually black, of the genus Corvus, having a strong conical beak, with projecting bristles; it has a harsh, croaking call
A42	NOUN	233	ворон	raven	крупная птица семейства врановых, с чёрным блестящим оперением, гнездящаяся как правило в уединённых местах	any of several, generally large and lustrous black species of birds in the genus Corvus, especially the common raven, Corvus corax
A42	NOUN	234	ястреб	hawk (a predatory bird)	хищная птица семейства ястребиных (Accipiter); имеет короткие закруглённые крылья, длинный хвост, острые когти; охотится на мелких птиц и зверей	a bird of prey of the family Accipitridae (Accipiter); has short rounded wings, long tail, sharp talons; hunts small birds and mammals
A42	NOUN	235	орёл	eagle	крупная хищная птица семейства ястребиных (Aquila); имеет широкие крылья, мощный клюв и когти; символ силы, власти, свободы	a large bird of prey of the family Accipitridae (Aquila); has broad wings, powerful beak and talons; a symbol of strength, power, freedom
A42	NOUN	236	сова	owl	ночная хищная птица отряда совообразных (Strigiformes); имеет крупные глаза, мягкое оперение, бесшумный полёт; охотится на грызунов в темноте	a nocturnal bird of prey of the order Strigiformes; has large eyes, soft plumage, silent flight; hunts rodents in darkness
A43	NOUN	237	рыба	fish	холоднокровное водное позвоночное животное; имеет жабры для дыхания, плавники для движения, чешую; обитает в пресной и морской воде	a cold-blooded aquatic vertebrate animal; has gills for breathing, fins for movement, scales; inhabits fresh and salt water
A43	NOUN	238	чешуя	scales (of fish, reptiles, etc.)	рогообразные пластинки, покрывающие тело рыбы; защищают от повреждений, уменьшают трение о воду	horny plates covering the body of a fish; protect from damage, reduce friction with water
A43	NOUN	239	плавник	fin	кожистый вырост на теле рыбы; служит для движения, управления направлением, поддержания равновесия в воде	a membranous projection on a fish's body; serves for movement, steering, maintaining balance in water
A43	NOUN	240	жабры	gill	наружный парный орган дыхания (газообмена) водных животных (рыб, раков, моллюсков и некоторых земноводных), дышащих кислородом, растворённым в воде	A breathing organ of fish and other aquatic animals.
A43	NOUN	241	икра (рыбья)	roe, spawn (of fish)	яйца рыб; мелкие округлые образования, из которых развиваются мальки	fish eggs; small round structures from which fry develop
A43	VERB	242	метать икру	to spawn	откладывать яйца рыбами; процесс размножения, при котором самка выпускает икру в воду для оплодотворения	to release eggs by fish; the reproductive process in which a female releases eggs into water for fertilization
A43	NOUN	243	молоки	milt	семенники самцов рыб; парный орган, вырабатывающий сперму для оплодотворения икры; съедобный продукт	the testes of male fish; paired organs producing sperm for fertilizing eggs; an edible product
A43	NOUN	244	молодь рыбы	fry, juvenile fish, fingerlings, juvenile fish	молодые особи рыб после выхода из икры; мальки, не достигшие взрослого размера и половой зрелости	young fish after hatching from eggs; juveniles not yet reaching adult size and sexual maturity
A43	NOUN	245	лосось	salmon	проходная рыба семейства лососёвых (Salmonidae); имеет серебристое тело с тёмными пятнами, розовое мясо; мигрирует из моря в реки для нереста	an anadromous fish of the family Salmonidae; has a silvery body with dark spots, pink flesh; migrates from sea to rivers to spawn
A43	NOUN	246	сёмга	Atlantic salmon	атлантический лосось (Salmo salar); крупная проходная рыба с серебристой чешуёй и розовым мясом; ценная промысловая рыба северных морей	a large anadromous fish (Salmo salar); has silvery scales and pink flesh; a valuable commercial fish of northern seas
A43	NOUN	247	сиг	whitefish, cisco 	рыба семейства лососёвых (Coregonus); имеет серебристое тело, маленький рот, жирное белое мясо; обитает в холодных озёрах и реках севера	a fish of the family Salmonidae (Coregonus); has a silvery body, small mouth, fatty white flesh; inhabits cold northern lakes and rivers
A43	NOUN	248	щука	pike	пресноводная хищная рыба семейства щуковых (Esox lucius); имеет удлинённое тело, пятнистую окраску, острые зубы; охотится из засады, ценная промысловая рыба	a freshwater predatory fish of the family Esocidae (Esox lucius); has an elongated body, mottled coloration, sharp teeth; ambush hunter, a valuable commercial fish
A43	NOUN	249	окунь	perch	пресноводная хищная рыба семейства окунёвых (Percidae); имеет зеленовато-жёлтую окраску с тёмными поперечными полосами, колючий спинной плавник	a freshwater predatory fish (Perca fluviatilis) of the family Percidae, with greenish-yellow body and dark vertical bars
A43	NOUN	250	налим	burbot	пресноводная донная хищная рыба семейства тресковых (Lota lota); единственный представитель тресковых, обитающий в пресных водах; имеет удлинённое тело, пятнистую окраску, один усик на подбородке, предпочитает холодную воду	a freshwater bottom-dwelling fish (Lota lota) of the cod family, with elongated body, mottled coloration, and a single chin barbel; prefers cold waters
A43	NOUN	251	язь	ide	пресноводная рыба семейства карповых (Cyprinidae, Leuciscus idus); крупная рыба серебристой окраски с золотистым отливом на голове, всеядная, обитает в реках и озёрах с умеренным течением	a freshwater fish (Leuciscus idus) of the family Cyprinidae, with silvery body and golden sheen on the head, omnivorous, inhabiting rivers and lakes with moderate current
A43	NOUN	252	лещ	bream	пресноводная рыба семейства карповых (Cyprinidae, Abramis brama); имеет высокое, сжатое с боков тело, серебристую окраску, маленький рот; обитает в реках и озёрах с медленным течением, донная рыба, питается беспозвоночными	a freshwater fish (Abramis brama) of the family Cyprinidae, with deep laterally compressed body, silvery coloration, and small mouth; inhabits slow-flowing rivers and lakes, bottom-feeding
A43	NOUN	253	плотва	roach	пресноводная рыба семейства карповых (Cyprinidae, Rutilus rutilus); небольшая рыба серебристой окраски с красноватыми плавниками и оранжевой радужкой глаз; всеядная, обитает в реках и озёрах с умеренным течением, держится стаями	a small freshwater fish of the family Cyprinidae (Rutilus rutilus); has a silvery body with reddish fins and orange-red iris; omnivorous, inhabits rivers and lakes with moderate current in Europe and northern Asia; commonly found in schools
A43	NOUN	254	ёрш	ruffe	небольшая пресноводная рыба семейства окунёвых (Percidae, Gymnocephalus cernua); имеет колючий спинной плавник, серовато-зелёную окраску с тёмными пятнами, крупные глаза; обитает в реках и озёрах с песчаным или глинистым дном, держится у дна, питается мел	a small freshwater fish of the family Percidae (Gymnocephalus cernua); has a spiny dorsal fin, grayish-green coloration with dark spots, large eyes; inhabits rivers and lakes with sandy or clay bottoms, stays near the bottom, feeds on small invertebrates
A43	NOUN	255	ряпушка	Coregonus albula, vendace, European cisco	Пресноводная рыба семейства лососёвых (Coregonidae, Coregonus albula); небольшая белорыбица серебристой окраски с тёмной спинкой; обитает в холодных озёрах и реках Северной Европы, ценная промысловая рыба	 a small freshwater whitefish of the family Coregonidae (Coregonus albula); has a silvery body with a dark back; inhabits cold lakes and rivers of Northern Europe; an important commercial and food fish
A43	NOUN	256	корюшка	smelt	небольшая промысловая рыба семейства корюшковых (Osmeridae); имеет серебристое тело с зеленоватой или бурой спинкой, характерный огуречный запах; обитает в холодных водах северных морей и пресных водоёмах, проходная и озёрная формы	a small fish of the family Osmeridae; has a silvery body with greenish or brownish back and a characteristic cucumber-like odor; inhabits cold waters of northern seas and freshwater lakes in Europe and northern Asia; anadromous and landlocked forms exist
A43	NOUN	257	судак	zander	пресноводная хищная рыба семейства окунёвых (Percidae, Sander lucioperca); имеет удлинённое тело, серебристо-серую окраску с тёмными полосами, крупные клыкообразные зубы; обитает в реках и озёрах с чистой, богатой кислородом водой, ценная промысловая рыба	a freshwater predatory fish of the family Percidae (Sander lucioperca); has an elongated body, silvery-gray coloration with dark vertical bars, and large canine-like teeth; inhabits rivers and lakes with clean, oxygen-rich water in Europe and northern Asi
A43	NOUN	258	хариус	grayling	пресноводная рыба семейства хариусовых (Thymallidae, Thymallus thymallus); имеет удлинённое тело, серебристую окраску с фиолетовым или зеленоватым отливом, характерный высокий спинной плавник с пятнами; обитает в холодных, быстрых реках и озёрах с чистой 	a freshwater fish of the family Thymallidae (Thymallus thymallus); has an elongated body, silvery coloration with purple or greenish sheen, and a distinctive large dorsal fin with colorful spots; inhabits cold, fast-flowing rivers and lakes with clean, ox
A43	NOUN	259	угорь	eel	пресноводная проходная рыба семейства угрёвых (Anguillidae, Anguilla anguilla); имеет длинное змеевидное тело, мелкую чешую, покрытую слизью, мелкие грудные плавники; обитает в реках и озёрах, на нерест мигрирует в Саргассово море; ценная промысловая рыба	a freshwater anadromous fish of the family Anguillidae (Anguilla anguilla); has a long snake-like body, small scales covered with mucus, and small pectoral fins; inhabits rivers and lakes, migrates to the Sargasso Sea to spawn; a valued commercial and foo
A44	NOUN	260	муравей	ant	общественное насекомое семейства муравьиных (Formicidae); имеет тело, разделённое на голову, грудь и брюшко, коленчатые усики, сильные челюсти; живёт колониями в муравейниках, выполняет различные функции в зависимости от касты (рабочие, солдаты, матка)	a social insect of the family Formicidae; has a body divided into head, thorax, and abdomen, elbowed antennae, and strong mandibles; lives in colonies in nests (anthills), with individuals performing different roles depending on caste (workers, soldiers, 
A44	NOUN	261	бабочка	butterfly	насекомое отряда чешуекрылых (Lepidoptera); имеет две пары крыльев, покрытых мелкими чешуйками, сосущий ротовой аппарат в виде хоботка	an insect of the order Lepidoptera; has two pairs of wings covered with tiny scales, a sucking mouthpart in the form of a proboscis
A44	NOUN	262	жук	beetle	Любой из многочисленных видов насекомых отряда жесткокрылых, характеризующийся парой твердых, похожих на раковины передних крыльев, которые в состоянии покоя прикрывают и защищают пару задних крыльев.	Any of numerous species of insect in the order Coleoptera characterized by a pair of hard, shell-like front wings which cover and protect a pair of rear wings when at rest.
A44	NOUN	263	клещ	tick	мелкое паукообразное животное отряда паразитиформных или акариформных клещей (Acari); имеет овальное или округлое тело, четыре пары ног у взрослых особей, ротовой аппарат колюще-сосущего типа; многие виды являются кровососущими паразитами животных и челов	a small arachnid of the order Ixodida or Acarina; has an oval or rounded body, four pairs of legs in adults, and piercing-sucking mouthparts; many species are blood-sucking ectoparasites of animals and humans, some transmit dangerous diseases such as ence
A44	NOUN	264	личинка (под корой дерева)	larva	личиночная стадия развития насекомых (преимущественно жуков-короедов, усачей, златок), обитающая под корой деревьев; имеет мягкое беловатое или желтоватое тело, червеобразной формы; питается лубом и камбием, прокладывает ходы под корой, что может привести	the immature, worm-like stage of insects (especially bark beetles, longhorn beetles, jewel beetles) that lives under tree bark; has a soft whitish or yellowish body, vermiform shape; feeds on phloem and cambium, bores tunnels under the bark, which can lea
A44	NOUN	265	клоп	bedbug	насекомое отряда полужесткокрылых (Hemiptera); имеет плоское овальное тело, колюще-сосущий ротовой аппарат, у многих видов — пахучие железы; обитает в жилищах (постельный клоп) или в природе на растениях (щитники, древесные клопы); некоторые виды питаются	a small nocturnal insect pest of humans, of species Cimex lectularius (common bedbug) and Cimex hemipterus (tropical bedbug) that feeds on the blood of humans during sleep
A44	NOUN	266	таракан	cockroach	насекомое отряда таракановых (Blattodea); имеет плоское овальное тело, длинные усики, быстрые бегательные ноги; всеяден, предпочитает тёплые влажные места, обитает в жилищах человека (рыжий и чёрный тараканы) или в природе в тропиках; может переносить воз	an insect of the order Blattodea; has a flattened oval body, long antennae, and fast running legs; omnivorous, prefers warm humid environments, inhabits human dwellings (German and Oriental cockroaches) or natural tropical habitats; can transmit disease-c
A44	NOUN	267	паук	spider	паукообразное животное отряда пауков (Araneae); имеет тело, разделённое на головогрудь и брюшко, четыре пары ходильных ног, хелицеры с ядовитыми железами, паутинные бородавки; плетёт паутину для ловли добычи, строительства коконов и укрытий; хищник, питае	an arachnid of the order Araneae; has a body divided into cephalothorax and abdomen, four pairs of walking legs, chelicerae with venom glands, and spinnerets; spins silk webs for catching prey, building cocoons, and shelters; a predator that feeds mainly 
A44	NOUN	268	гнида	nit	яйцо вши (небольшое бескрылое кровососущее насекомое-паразит)	the egg of a louse (a small parasitic wingless insect)
A44	NOUN	269	блоха	flea	мелкое бескрылое насекомое отряда блох (Siphonaptera); имеет сжатое с боков тело, сильные задние ноги для прыжков, колюще-сосущий ротовой аппарат; паразитирует на млекопитающих и птицах, питается кровью; переносчик некоторых заболеваний	a small wingless insect of the order Siphonaptera; has a laterally compressed body, strong hind legs for jumping, piercing-sucking mouthparts; parasitizes mammals and birds, feeds on blood; a vector of certain diseases
A44	NOUN	270	ящерица	lizard	пресмыкающееся животное отряда чешуйчатых (Lacertilia, подотряд ящериц); имеет удлинённое тело с хвостом, четыре конечности (у некоторых видов редуцированы), подвижные веки, способность к автотомии (сбрасыванию хвоста); обитает в тёплых регионах, питается	a reptile of the suborder Lacertilia (order Squamata); has an elongated body with a tail, four limbs (reduced in some species), movable eyelids, and the ability to autotomize (shed) the tail; inhabits warm regions, feeds on insects, small invertebrates, a
A44	NOUN	271	змея	snake	хищное холоднокровное пресмыкающееся с длинным извивающимся, покрытым чешуёй телом, не имеющее конечностей, часто с ядовитыми же́лезами в пасти, питающееся мелкими млекопитающими, ящерицами, лягушками, птицами, их яйцами, рыбой, насекомыми и другими беспо	Any of the suborder Serpentes of legless reptile with long, thin bodies and fork-shaped tongues.
A44	NOUN	272	лягушка	frog	бесхвостое земноводное отряда бесхвостых (Anura); имеет короткое тело, длинные задние конечности для прыжков, гладкую влажную кожу, отсутствие хвоста у взрослых особей; обитает в водоёмах и влажных местах, питается насекомыми и мелкими беспозвоночными; ра	a tailless amphibian of the order Anura; has a short body, long hind legs adapted for jumping, smooth moist skin, and no tail in adults; inhabits water bodies and moist environments, feeds on insects and small invertebrates; reproduces in water, undergoes
A44	NOUN	273	жаба	toad	Земноводное, род лягушек (отряд Anura) с более короткими задними ногами и более сухой, бородавчатой ​​кожей, многие из которых относятся к семейству Bufonidae.	An amphibian, a kind of frog (order Anura) with shorter hindlegs and a drier, wartier skin, many in family Bufonidae. 
A44	NOUN	274	улитка	snail	брюхоногий моллюск класса Gastropoda; имеет мягкое тело, обычно покрытое спирально закрученной раковиной, передвигается с помощью мускулистой ноги, выделяющей слизь; обитает в водоёмах, на суше во влажных местах, питается растениями, грибами, органическим	 a gastropod mollusk of the class Gastropoda; has a soft body, usually covered by a spiral shell, moves by means of a muscular foot that secretes mucus; inhabits water bodies and moist terrestrial environments, feeds on plants, fungi, and organic matter
A44	NOUN	275	червяк	worm	мелкое беспозвоночное животное с мягким удлинённым телом без конечностей; общее название для представителей различных групп червей (кольчатые, круглые, плоские); обитает в почве, водоёмах, некоторые виды — паразиты; питается органическими остатками, почво	a small invertebrate animal with a soft elongated body and no limbs; a common name for representatives of various worm groups (annelids, nematodes, flatworms); inhabits soil, water bodies, some species are parasites; feeds on organic matter, soil, plants,
A44	NOUN	276	муха	fly	двукрылое насекомое отряда двукрылых (Diptera); имеет одну пару перепончатых крыльев, жужжальца вместо задней пары, сложные фасеточные глаза, лижущий или колюще-сосущий ротовой аппарат; обитает повсеместно, многие виды связаны с жилищем человека, питаются	a dipteran insect of the order Diptera; has one pair of membranous wings, halteres instead of hind wings, compound facetted eyes, and a lapping or piercing-sucking mouthpart; inhabits diverse environments, many species are associated with human dwellings,
A44	NOUN	277	овод	botfly	двукрылое насекомое семейства оводовых (Oestridae); имеет коренастое тело, покрытое волосками, редуцированный ротовой аппарат (взрослые не питаются); личинки развиваются под кожей, в полости носа или желудке млекопитающих (крупного рогатого скота, оленей,	a dipteran insect of the family Oestridae; has a stout hairy body and reduced mouthparts (adults do not feed); larvae develop under the skin, in the nasal cavity, or stomach of mammals (cattle, reindeer, horses), causing harm to the host animals
A44	NOUN	278	комар	mosquito	двукрылое насекомое семейства комариных (Culicidae); имеет тонкое тело, длинные ноги, хоботок для прокалывания кожи и сосания крови; самки питаются кровью человека и животных, самцы — растительными соками; переносчик некоторых заболеваний	a dipteran insect of the family Culicidae; has a slender body, long legs, and a proboscis for piercing skin and sucking blood; females feed on blood of humans and animals, males on plant juices; can transmit certain diseases
A44	NOUN	279	мошка	midge	мелкое двукрылое насекомое семейства мошек (Simuliidae); имеет короткое коренастое тело, кусающий ротовой аппарат; самки питаются кровью, нападают на человека и животных; обитает у водоёмов, рек	a small dipteran insect of the family Simuliidae; has a short stout body and biting mouthparts; females feed on blood, attacking humans and animals; inhabits areas near water bodies and rivers
A44	NOUN	280	оса	wasp	перепончатокрылое насекомое отряда перепончатокрылых (Hymenoptera); имеет стройное тело с узкой талией, жёлто-чёрную окраску, жало; хищник, питается насекомыми, некоторые виды — общественные (шершни, бумажные осы)	a hymenopteran insect of the order Hymenoptera; has a slender body with a narrow waist, yellow-black coloration, and a sting; predatory, feeds on insects, some species are social (hornets, paper wasps)
B11	NOUN	281	человек	human	разумное общественное существо, представитель вида Homo sapiens; обладает сознанием, речью, способностью к трудовой деятельности и творчеству; биологически — прямоходящее млекопитающее с развитым мозгом	a rational social being, representative of the species Homo sapiens; possesses consciousness, speech, and the ability to work and create; biologically — an upright-walking mammal with a developed brain
B11	NOUN	282	имя	name	личное, индивидуальное собственное название человека, получаемое им при рождении или (в ряде культур) по достижении определённого периода жизни	a personal, individual proper designation of a human being, received at birth or (in certain cultures) upon reaching a specific stage of life
B11	NOUN	283	мужчина	man	взрослый человек мужского пола; обладает характерными физическими и физиологическими признаками пола	an adult human being of the male sex; possesses characteristic physical and physiological features of the male gender
B11	NOUN	284	мальчик	boy	ребёнок, подросток мужского пола; лицо мужского пола до наступления зрелости	a child or young person of the male sex; a male person before reaching maturity
B11	NOUN	285	парень	guy	молодой человек, юноша; парень — разговорное обозначение мужчины молодого или среднего возраста	a young man, a youth; colloquial term for a man of young or middle age
B11	NOUN	286	девушка	girl	молодая женщина, не достигшая зрелости или не состоящая в браке; лицо женского пола в возрасте от подросткового до молодого взрослого; девица, девушка на выданье	a young woman who has not reached full maturity or is not married; a female person from adolescence to young adulthood; a maiden, an unmarried woman of marriageable age
B11	NOUN	287	женщина	woman; female (adult human)	взрослый человек женского пола; обладает характерными физическими, физиологическими и социальными признаками; мать, супруга, представительница женского гендера	an adult human being of the female sex; possesses characteristic physical, physiological, and social features; a mother, wife, or representative of the female gender
B11	NOUN	288	народ, люди	people	историческая общность людей, объединённых языком, культурой, территорией	a historical community of people united by language, culture, and territory
B11	ADJ	289	тихий, спокойный (о человеке)	quiet	обладающий уравновешенным характером, несклонный к шуму, суете, агрессии; миролюбивый, кроткий	having a balanced character, not inclined to noise, fuss, or aggression; peaceful, gentle
B11	ADJ	290	взрослый	adult	достигший полного развития, зрелости; не детский, не подростковый	having reached full development, maturity; not childish, not adolescent
B11	ADJ	291	высокий	tall	имеющий большую протяжённость от верхней точки до нижней	having a vertical extent greater than the average
B11	ADJ	292	маленький	little (of a person)	небольшого роста; юного возраста, детский; не достигший полной зрелости или совершеннолетия	of short stature; of young age, juvenile; not having reached full maturity or adulthood
B11	ADJ	293	красивый	beautiful, handsome, pretty	обладающий красотой, привлекательной внешностью; эстетически совершенный, приятный для восприятия	possessing an attractive appearance, harmonious facial features, and a graceful figure; evoking aesthetic admiration, pleasing to perceive
B11	ADJ	294	лучший, самый хороший	best, finest (of a person)	превосходящий других по личным качествам, достоинствам, поступкам; наиболее достойный, надёжный, близкий; обладающий наивысшими моральными или профессиональными характеристиками	surpassing others in personal qualities, merits, or actions; most deserving, reliable, or close; possessing the highest moral or professional characteristics
B11	VERB	295	сметь	to dare	иметь смелость, решимость что-либо сделать; осмеливаться, не бояться	to have the courage or boldness to do something; to be brave enough, not to be afraid
B11	ADJ	296	смелый	brave	бладающий смелостью, храбростью; не боящийся опасности, решительный	possessing bravery, courage; not fearing danger, resolute
B11	ADJ	297	хитрый	cunning	обладающий хитростью, изворотливым умом; способный к уловкам, обману; лукавый	possessing cunning, a resourceful mind; capable of tricks, deception; crafty
B11	ADJ	298	чужой	strange, foreign, alien	не свой, не принадлежащий данному лицу; принадлежащий другим; посторонний, незнакомый	not one's own, not belonging to a given person; belonging to others; alien, unfamiliar
B11	NOUN	299	сила	strength, power, force	способность к действию, напряжению мышц; физическая мощь; влияние, авторитет	the capacity for action, muscle tension; physical power; influence, authority
B11	NOUN	300	счастье	happiness	чувство полного удовлетворения, радости, блаженства; удача, везение; благополучие, желаемый исход дел	a feeling of complete satisfaction, joy, bliss; good fortune, luck; well-being, a desired outcome of affairs
B11	NOUN	301	характер	character; temper	совокупность устойчивых психических особенностей человека, проявляющихся в поведении, отношении к людям, деятельности; нрав, темперамент, склад личности	a set of stable mental characteristics of a person manifested in behavior, attitude to people, and activity; disposition, temperament, personality makeup
B11	VERB	302	хвалить	to praise; to commend; to extol	выражать одобрение, восхищение; говорить хорошее о ком-либо, превозносить достоинства, заслуги	to express approval, admiration; to speak well of someone, to extol virtues or merits
B11	VERB	303	устать	to get tired; to become weary; to be exhausted	почувствовать усталость, утомление; потерять силы, энергию от напряжения, работы, длительной деятельности	to feel fatigue, exhaustion; to lose strength, energy from exertion, work, or prolonged activity
B11	PRON	304	я	I	личное местоимение 1-го лица единственного числа; обозначает говорящего, себя самого	first person singular personal pronoun; refers to the speaker, oneself
B11	PRON	305	мы	we	личное местоимение 1-го лица множественного числа; обозначает говорящего вместе с другими лицами	first person plural personal pronoun; refers to the speaker together with other persons
B11	PRON	306	ты	you (singular, informal)	личное местоимение 2-го лица единственного числа; обозначает лицо, к которому обращаются	second person singular personal pronoun (informal); refers to the person being addressed
B11	PRON	307	вы	you	используется для обозначения нескольких лиц, включая собеседника (собеседников), но исключая говорящего	used to refer to several persons, including the interlocutor(s), but excluding the speaker
B11	PRON	308	тот	that	данный, находящийся там, далеко от говорящего или слушающего либо отстоящий во времени дальше, чем другой объект	refers to a person or thing at a distance from the speaker or previously mentioned
B11	PRON	309	те	those	форма множественного числа местоимения "тот"; указывает на несколько предметов или лиц	plural form of "that"; refers to multiple persons or things at a distance
B11	PRON	310	он	he	личное местоимение 3-го лица единственного числа мужского рода; обозначает лицо мужского рода	third person singular masculine personal pronoun; refers to a male person
B11	PRON	311	они	they	личное местоимение 3-го лица множественного числа; обозначает несколько лиц или предметов	third person plural personal pronoun; refers to multiple persons or things
B11	PRON	312	сам (сама, само)	self, oneself	употребляется с существительным или личным местоимением при указании на лицо или предмет, лично, непосредственно являющийся источником или объектом действия, состояния	used with a noun or personal pronoun when referring to a person or object, personally, directly being the source or object of an action, state
B11	PRON	313	свой	one's own	принадлежащий лицу или объекту, о котором идет речь, или имеющий отношение к этому лицу (объекту)	belonging to or relating to the person or object in question
B11	PRON	314	этот	this	предмет, лицо, находящиеся близко от говорящего или упоминаемые сейчас	a person or thing near the speaker or being mentioned now
B11	PRON	315	кто	who	лицо, о котором спрашивают или которое упоминают	a person being asked about or mentioned
B11	PRON	316	какой	what, which, what kind of	обозначает качество, свойство, принадлежность предмета или лица	asks about quality, property, or identity of a person or thing
B11	PRON	317	что	what	предмет, явление, о котором спрашивают или которое упоминают	a thing or phenomenon being asked about or mentioned
B11	PRON	318	иной, некий, некоторый	another, some, certain, other	неопределённый предмет или лицо, не тот, который уже упомянут; другой, отличный от данного	an unspecified person or thing, different from the one already mentioned; other, distinct from this one
B11	PRON	319	каждый	each, every	все без исключения предметы или лица из данной совокупности	refers to all without exception from a given group or set
B11	ADV	320	как	how	способ действия, качество, состояние; каким образом	the manner, quality, or state of an action; in what way
B12	NOUN	321	тело	body	физическая оболочка человека или животного; материальная субстанция, состоящая из органов, тканей, костей	the physical structure of a human or animal; material substance consisting of organs, tissues, and bones
B12	NOUN	322	туловище	torso, trunk	центральная часть тела человека или животного (без головы, конечностей); корпус, стан	the central part of the human or animal body (excluding head and limbs); the trunk, main body section
B12	ADJ	323	большой	big	имеющий крупный, значительный размер, превосходящий среднее значение	of great size, large
B12	ADJ	324	толстый, полный (о человеке)	fat, overweight, stout	имеющий избыточный вес, крупное телосложение; с большим количеством подкожного жира; тучный	having excess body weight, large build; with abundant subcutaneous fat
B12	ADJ	325	тонкий	thin, slender, slim	имеющий небольшую толщину; худощавый, стройный (о человеке); изящный	having small thickness; lean, slender (of a person); delicate, refined
B12	ADJ	326	худой, тощий	thin, skinny, emaciated, lean	очень худой, с недостаточным весом; истощённый, костлявый; имеющий мало мяса, жира	very lean, underweight; emaciated, bony; having little flesh or fat
B12	ADJ	327	слабый (о человеке)	weak, feeble	не обладающий достаточной физической силой; немощный, хилый; неспособный к большому напряжению	lacking sufficient physical strength; frail, infirm; incapable of great exertion
B12	ADJ	328	сильный	strong, powerful	обладающий большой физической силой; мощный, крепкий; способный к значительному напряжению	possessing great physical strength; powerful, robust; capable of significant exertion
B12	NOUN	329	кожа (человека)	skin	наружный покров тела человека или животного; орган, защищающий организм от внешних воздействий	the outer covering of the human or animal body; an organ that protects the organism from external influences
B12	VERB	330	потеть	to sweat, to perspire	выделять пот через поры кожи; испарять влагу через кожные железы (при жаре, физическом напряжении)	to excrete sweat through skin pores; to release moisture through sweat glands (in heat or during physical exertion)
B12	NOUN	331	голова	head	верхняя часть тела человека, передняя или верхняя часть тела позвоночного или беспозвоночного животного, а также насекомого, в которой находятся органы зрения и рот	the part of the body of an animal or human which contains the brain, mouth and main sense organs
B12	NOUN	332	затылок	nape	задняя, выдавшаяся назад часть головы у человека и у животных, над самой шеей или загривком, под теменем	The back part of the neck.
B12	NOUN	333	волосы (на голове)	hair	волосяной покров головы, шевелюра как единый объект	the collection or mass of such growths growing from the skin of humans and animals, and forming a covering for a part of the head
B12	NOUN	334	кудри	curls, curly hair	вьющиеся, завитые волосы; локоны, завитки на голове	wavy hair; locks, ringlets on the head
B12	NOUN	335	коса (заплетенные волосы)	braid, plait	заплетённые вместе пряди волос; причёска из переплетённых трёх или более прядей	hair woven together; a hairstyle made by interlacing three or more strands of hair
B12	NOUN	336	перхоть	dandruff	мелкие чешуйки отмершей кожи головы; себорейные выделения на коже и волосах	small flakes of dead skin from the scalp; seborrheic secretions on skin and hair
B12	VERB	337	чесать, расчесывать (волосы)	to comb, to brush (hair)	проводить расчёской или пальцами по волосам; приводить волосы в порядок, распутывать	to pass a comb or fingers through hair; to arrange hair, untangle it
B12	VERB	338	зудеть, чесаться	to itch	испытывать на коже раздражение, сопровождающееся потребностью тереть, скрести ногтем больное место	To feel itchy; to feel a need to be scratched.
B12	NOUN	339	череп	skull	костная основа головы; скелет головы, состоящий из костей, защищающих мозг	the bony framework of the head; the skeletal structure protecting the brain
B12	ADJ	340	лысый	bald	не имеющий волос на голове; с облысевшей головой; безволосый	having no hair on the head; with a hairless scalp; without hair
B12	NOUN	341	борода	beard	у человека и некоторых животных — волосяной покров нижней части лица	facial hair on the chin, cheeks, jaw and neck
B12	NOUN	342	усы	mustache	волосы, растущие над верхней губой; лицевые волосы у мужчин	hair growing above the upper lip; facial hair on men
B12	NOUN	343	висок	temple	боковая часть головы от уха до начала лба	the slightly flatter region, on either side of the human head, behind the eye and forehead, above the zygomatic arch, and forward of the ear
B12	NOUN	344	лицо	face	передняя часть головы человека; часть тела от лба до подбородка, включающая глаза, нос, рот	the front part of the human head; the part of the body from forehead to chin, including eyes, nose, and mouth
B12	NOUN	345	лоб	forehead, brow	верхняя часть лица над глазами; передняя часть головы от волос до бровей	the upper part of the face above the eyes; the front part of the head from hairline to eyebrows
B12	NOUN	346	щека	cheek	боковая часть лица между глазом, ухом и ртом; мягкая ткань лица сбоку	the side part of the face between eye, ear, and mouth; the soft tissue on the side of the face
B12	NOUN	347	подбородок	chin	нижняя выступающая часть лица под ртом; нижняя часть головы	the lower protruding part of the face below the mouth; the bottom part of the head
B12	NOUN	348	рот	mouth	отверстие в лице, служащее для приёма пищи, речи, дыхания; полость между губами	the opening in the face used for eating, speaking, and breathing; the cavity between the lips
B12	NOUN	349	десны	gums	мышечная ткань и слизистая оболочка, покрывающие края челюстей у основания зубов	the flesh around the teeth
B12	NOUN	350	язык	tongue	мышечный орган в полости рта, служащий для перемешивания пищи, речи, восприятия вкуса	a muscular organ in the mouth used for manipulating food, speech, and taste perception
B12	VERB	351	глотать	to swallow	движением глотки проталкивать, перемещать изо рта в пищевод и желудок	to cause (food, drink etc.) to pass from the mouth into the stomach; to take into the stomach through the throat
B12	VERB	352	лизать	to lick	проводить языком по поверхности; касаться языком для сбора жидкости, очистки	to pass the tongue over a surface; to touch with the tongue to collect liquid or clean
B12	VERB	353	плевать	to spit	выбрасывать слюну изо рта; извергать слюну наружу	to eject saliva from the mouth; to expel saliva outward
B12	VERB	354	дуть	to blow	пускать ртом струю воздуха	to propel by an air current, usually with the mouth
B12	NOUN	355	губа	lip	часть лица, кожно-мускульная складка, закрывающая рот сверху или снизу, также кожно-мускульная складка в других частях тела	either of the two fleshy protrusions around the opening of the mouth
B12	NOUN	356	зуб (у человека)	tooth	костное образование в ротовой полости, служащее в основном для первичной механической обработки пищи	A hard, calcareous structure present in the mouth of many vertebrate animals, generally used for biting and chewing food.
B12	NOUN	357	слюна	saliva, spit	жидкость, выделяемая слюнными железами в полости рта; смачивает пищу, облегчает глотание и речь	fluid secreted by salivary glands in the mouth; moistens food, facilitates swallowing and speech
B12	NOUN	358	голос	voice	звуки, возникающие вследствие колебания голосовых связок при разговоре, крике, пении и отличающиеся высотой, характером звучания и т. п.	sound uttered by the mouth, especially by human beings in speech or song; sound thus uttered considered as possessing some special quality or character
B12	VERB	359	кричать	to shout, to scream, to yell	громко произносить звуки, слова; издавать громкие возгласы; говорить повышенным голосом	to produce loud sounds or words; to make loud exclamations; to speak in a raised voice
B12	VERB	360	шептать	to whisper	говорить очень тихо, почти без звука; произносить слова шёпотом, не напрягая голосовые связки	to speak very quietly, almost without sound; to utter words in a whisper, without vibrating vocal cords
B12	VERB	361	замолчать	to become silent	перестать говорить, петь или издавать иные звуки голосом	To stop speaking, singing, or making other sounds with your voice.
B12	NOUN	362	шея	neck	часть тела, соединяющая голову с туловищем; подвижная часть между головой и плечами	the part of the body connecting the head to the torso; the movable part between head and shoulders
B12	NOUN	363	плечо	shoulder	верхняя часть руки от плечевого сустава до локтя; также — место соединения руки с туловищем	the upper part of the arm from shoulder joint to elbow; also — the joint connecting the arm to the torso
B12	NOUN	364	подмышки	armpits, underarms	впадины под плечевыми суставами, где рука соединяется с туловищем; область под мышцами плеча	hollows beneath the shoulder joints where the arm connects to the torso; the area under the shoulder muscles
B12	NOUN	365	грудь	chest	верхняя передняя часть туловища человека или другого позвоночного животного	the portion of the front of the human body from the base of the neck to the top of the abdomen
B12	NOUN	366	грудь (женская)	breast	одна из парных молочных желёз человека (правая или левая грудь)	either of the two organs on the front of a female human's chest, which contain the mammary glands; also the analogous organs in males
B12	NOUN	367	бок	side	правая или левая часть туловища от плеча до бедра	one half (left or right, top or bottom, front or back, etc.) of something or someone
B12	NOUN	368	рука	arm, hand	верхняя конечность человека от плеча до пальцев; орган для хватания, манипулирования предметами	the upper limb of a human from shoulder to fingers; an organ for grasping and manipulating objects
B12	NOUN	369	ладонь	palm (of the hand)	внутренняя сторона кисти руки; поверхность руки от запястья до основания пальцев	the inner surface of the hand; the surface of the hand from wrist to the base of the fingers
B12	NOUN	370	локоть	elbow	сустав посередине руки, соединяющий плечо с предплечьем; место сгиба руки	the joint in the middle of the arm connecting the upper arm to the forearm; the bend of the arm
B12	NOUN	371	кулак	fist	кисть руки с плотно сжатыми пальцами; сжатая рука	the hand with fingers tightly clenched; a clenched hand
B12	NOUN	372	кукиш	fig sign, thumb between fingers gesture	жест, показываемый сжатым кулаком с выставленным между большим и указательным пальцами; знак отказа, насмешки	a gesture made with a clenched fist with thumb protruding between index and middle fingers; a sign of refusal or mockery
B12	NOUN	373	палец руки	finger	подвижная часть кисти руки; один из пяти отростков на конце руки (большой, указательный, средний, безымянный, мизинец)	a movable digit of the hand; one of five appendages at the end of the hand (thumb, index, middle, ring, little finger)
B12	NOUN	374	палец ноги	toe	подвижная часть стопы; один из пяти отростков на конце ноги	a movable digit of the foot; one of five appendages at the end of the foot
B12	NOUN	375	ноготь	nail	роговая пластинка на конце пальцев рук и ног; твёрдое покрытие кончиков пальцев	a horny plate at the end of fingers and toes; hard covering of the fingertips
B12	NOUN	376	запястье	wrist	сустав между кистью руки и предплечьем; часть руки между ладонью и локтем	the joint between the hand and forearm; the part of the arm between palm and elbow
B12	NOUN	377	нога	leg	нижняя конечность человека; орган опоры и передвижения от бедра до стопы	the lower limb of a human; an organ of support and locomotion from thigh to foot
B12	NOUN	378	пятка	heel	задняя часть стопы под лодыжкой	the back part of the foot below the ankle
B12	NOUN	379	колено	knee	сустав, соединяющий бедро с голенью	the joint connecting the thigh to the lower leg
B12	NOUN	380	икра ноги	calf (of leg)	задняя мягкая часть голени между коленом и щиколоткой	the soft back part of the lower leg between knee and ankle
B12	NOUN	381	подъем ноги	instep; arch of foot	верхняя часть стопы между пальцами и щиколоткой	the upper part of the foot between toes and ankle
B12	NOUN	382	голень	shin	часть ноги от колена до стопы	the front part of the leg below the knee
B12	NOUN	383	бедро	hip	часть нижней или задней конечности человека или животного между тазобедренным и коленным суставами	the outward-projecting parts of the pelvis and top of the femur and the overlying tissue.
B12	NOUN	384	спина	back	задняя часть туловища от шеи до поясницы	the rear part of the torso from neck to lower back
B12	NOUN	385	поясница	lower back; loins	нижняя часть спины между рёбрами и тазом	the lower part of the back between ribs and pelvis
B12	NOUN	386	зад (у человека)	buttocks; rear end	задняя часть таза, ягодицы	the posterior part of the pelvis, buttocks
B12	ADJ	387	голый, нагой	nude	не имеющий на себе одежды, покрова	without clothing or other covering of the skin; without clothing on the genitals or female nipples
B12	NOUN	388	сустав	joint	подвижное соединение костей в скелете	a movable connection of bones in the skeleton
B12	NOUN	389	скелет	skeleton	костная основа тела, каркас организма	the bony framework of the body, structural support
B12	NOUN	390	позвоночник	spine; backbone	столб из позвонков, поддерживающий тело	a column of vertebrae supporting the body
B12	NOUN	391	таз (у человека)	pelvis	костное кольцо, соединяющее позвоночник с ногами	the bony ring connecting the spine to the legs
B12	NOUN	392	лёгкие	lungs	парный орган дыхания в грудной клетке	paired respiratory organs in the chest cavity
B12	NOUN	393	горло	throat	передняя часть шеи	the front part of the neck
B12	VERB	394	дышать	to breathe	прогонять воздух через лёгкие, жабры или другие органы дыхания, поглощая кислород и выделяя углекислый газ	to draw air into (inhale), and expel air from (exhale), the lungs in order to extract oxygen and excrete waste gases
B12	NOUN	395	живот	belly	нижняя передняя часть туловища человека, также нижняя часть туловища некоторых животных	the front part of the human trunk below the ribs, containing the stomach and bowels.
B12	NOUN	396	пуп	navel; belly button	след от пуповины на животе	the scar from the umbilical cord on the abdomen
B12	NOUN	397	кишки	intestines; bowels	часть пищеварительной системы после желудка	part of the digestive system after the stomach
B12	VERB	398	рвать, тошнить	to vomit	физиологический рефлекс, при котором содержимое желудка извергается через рот	a reflex action in which stomach contents are expelled through the mouth
B12	NOUN	399	сердце	heart	полый мышечный орган, обеспечивающий циркуляцию крови в организме за счёт ритмичных сокращений; расположен в грудной клетке, состоит из четырёх камер (два предсердия и два желудочка); выполняет насосную функцию, поддерживая кровообращение и доставку кисло	 a hollow muscular organ that ensures blood circulation through rhythmic contractions; located in the thoracic cavity, composed of four chambers (two atria and two ventricles); performs a pumping function, maintaining circulation and oxygen delivery to ti
B12	NOUN	400	кровь	blood	жидкая ткань, циркулирующая по сосудам	a fluid tissue circulating through blood vessels
B12	NOUN	401	жила (кровеносный сосуд)	vein	кровеносный сосуд человека или млекопитающего	A blood vessel that transports blood from the capillaries back to the heart.
B12	NOUN	402	печень	liver	крупная железа, участвующая в пищеварении и обмене веществ	a large gland involved in digestion and metabolism
B12	NOUN	403	почки	kidneys	парный орган, фильтрующий кровь и образующий мочу	paired organs filtering blood and producing urine
B12	VERB	404	мочиться	to urinate; to pee	выделять мочу из организма	to excrete urine from the body
B12	NOUN	405	глаз	eye	орган зрения человека или животного	an organ through which animals see
B12	NOUN	406	слеза	tear	капля жидкости, выделяемая слёзными железами	a drop of fluid secreted by tear glands
B12	NOUN	407	бровь	eyebrow	дугообразная полоска волос над глазной впадиной; эта часть лица	the hair that grows over the bone ridge above the eye socket
B12	NOUN	408	веко	eyelid	подвижная кожная складка вокруг глаза у человека и позвоночных животных	a thin skin membrane that covers and moves over an eye
B12	VERB	409	видеть	to see	обладать зрением, зрительной способностью	to perceive or detect someone or something with the eyes, or as if by sight
B12	VERB	410	смотреть	to look; to watch	направлять взгляд на что-либо	to direct one's gaze at something
B12	ADJ	411	слепой	blind	не способный видеть, лишённый зрения	unable to see, lacking vision
B12	NOUN	412	ухо	ear	парный орган слуха и равновесия у человека и животных; состоит из трёх отделов: наружного уха (ушная раковина, слуховой проход), среднего уха (барабанная перепонка, слуховые косточки) и внутреннего уха (улитка, вестибулярный аппарат); воспринимает звуковы	a paired organ of hearing and balance in humans and animals; consists of three parts: the outer ear (pinna, ear canal), middle ear (eardrum, auditory ossicles), and inner ear (cochlea, vestibular apparatus); perceives sound vibrations, converts them into 
B12	VERB	413	слышать	to hear	воспринимать звуки органами слуха	to perceive sounds through the organs of hearing
B12	ADJ	414	глухой	deaf	лишённый слуха, не способный слышать 	unable to hear, or only partially able to hear
B12	NOUN	415	нос	nose	выступающая часть лица, орган обоняния и дыхания; обеспечивает восприятие запахов, согревание, увлажнение и фильтрацию вдыхаемого воздуха	the protruding part of the face, organ of smell and respiration;  enables perception of odors, warming, humidifying, and filtering of inhaled air
B12	NOUN	416	ноздря	nostril	отверстие носа для дыхания	an opening of the nose for breathing
B12	NOUN	417	сопли	nasal mucus; runny nose discharge; snot	слизистые выделения из носовой полости; вырабатываются слизистой оболочкой носа для увлажнения, защиты от пыли, микробов, аллергенов; при простуде, аллергии или раздражении количество выделений увеличивается	mucous secretions from the nasal cavity; produced by the nasal mucosa to humidify, protect from dust, microbes, allergens; the amount of discharge increases during colds, allergies, or irritation
B12	VERB	418	нюхать	to smell; to sniff	воспринимать запахи носом	to perceive odors through the nose
B12	VERB	419	пахнуть	to smell; to have a scent	иметь характерный запах, издавать аромат	to have a characteristic odor, to emit a scent
B12	NOUN	420	дерьмо	crap	испражнения	an act of defecation
B12	NOUN	421	нерв	nerve	пучок нервных волокон, заключённый в соединительнотканную оболочку; обеспечивает передачу электрических импульсов между центральной нервной системой и органами, тканями, поддерживая чувствительность, двигательную активность и вегетативную регуляцию органи	a bundle of nerve fibers enclosed in a connective tissue sheath; transmits electrical impulses between the central nervous system and organs/tissues, maintaining sensitivity, motor activity, and autonomic regulation
B15	VERB	422	терять	to lose	лишаться чего-либо, не находить	to be deprived of something, to fail to find
B15	VERB	423	искать	to search; to look for; to seek	предпринимать действия для обнаружения, нахождения кого-либо или чего-либо; целенаправленно обследовать пространство, анализировать информацию, прилагать усилия для отыскания утраченного, нужного или желаемого объекта	to take actions aimed at discovering, finding someone or something; to purposefully examine space, analyze information, or exert effort to locate a lost, needed, or desired object
B15	VERB	424	найти	to find	обнаружить, отыскать потерянное или искомое	to discover, to locate something lost or sought
B15	VERB	425	поймать	to catch	схватить, задержать движущийся объект	to seize, to detain a moving object
B15	VERB	426	догонять	to catch up	настигать кого-либо или что-либо, оказываться рядом с кем-либо или с чем-либо, движущимся впереди	to overtake someone or something, to be close to someone or something moving in front
B15	VERB	427	охранять, сторожить	to guard; to watch over	защищать от опасности, следить за сохранностью	to protect from danger, to watch over safety
B15	VERB	428	попадать, оказаться, очутиться	to end up; to find oneself	непреднамеренно оказаться в каком-либо месте или состоянии	to unintentionally arrive at a place or state
B15	VERB	429	прятать	to hide; to conceal	скрывать от взгляда, убирать в тайное место	to keep from sight, to put in a secret place
B15	VERB	430	совать	to thrust; to stick in	энергично помещать что-либо внутрь	to forcefully insert something inside
B15	VERB	431	просовывать, вдевать	to insert; to thread	проталкивать предмет через отверстие	to push an object through an opening
B15	VERB	432	заталкивать, запихивать (во что-либо)	to shove; to cram (into)	с усилием помещать внутрь ограниченного пространства	to forcefully place inside a confined space
B15	VERB	433	держать	to hold	взять что-либо в руки, в рот, в лапы, в зубы и т. п., ухватившись за что-либо, не выпускать, иметь в руках, в зубах и т. п.	to grasp or grip
B15	VERB	434	отбирать, отнимать	to take away	принудительно забирать что-либо у кого-либо; лишать права владения, пользования; изымать предмет силой, авторитетом или по решению	to forcibly remove something from someone; to deprive of possession or use; to seize an object by force, authority, or decision; also — to select from a multitude, to separate the needed from the unneeded
B15	VERB	435	бросать, кидать	to throw	резким движением, взмахом руки заставлять перемещаться по воздуху, кидать, заставлять лететь и падать куда-либо	to hurl; to release (an object) with some force from one's hands, an apparatus, etc. so that it moves rapidly through the air
B15	VERB	436	класть	to put; to lay	помещать предмет в определённое положение	to place an object in a certain position
B15	VERB	437	укладывать, складывать в определенном порядке	to arrange; to stack in order	располагать предметы систематически, упорядоченно	to arrange objects systematically, in an orderly manner
B15	VERB	438	переламывать	to break to pieces	ломать что-либо на две или более части, сгибая или применяя силу; разделять предмет пополам или на куски	to cause an object to separate into parts by bending or applying force; to break something across its length; to cause a fracture
B15	VERB	439	ломать, разбивать	to break; to smash	нарушать целостность предмета ударом или давлением	to destroy the integrity of an object by impact or pressure
B15	VERB	440	ломать, разбирать (печь, дом)	to dismantle; to take apart (a stove, house)	разбирать конструкцию на части	to disassemble a structure into parts
B15	VERB	441	давить, придавливать	to press	нажимать на что-то (или кого-то) с силой 	to exert weight or force against, to act upon with force or weight; to exert pressure upon
B15	VERB	442	махать, взмахивать, размахивать	to wave; to swing	совершать широкие движения рукой или предметом	to make broad movements with a hand or object
B15	VERB	443	махать, указывать, показывать	to wave, to point, to show	направлять внимание жестом на объект	to direct attention to an object by gesture
B15	VERB	444	оставлять	to leave; to let stay	не брать с собой, позволять оставаться	not to take along, to allow to remain
B15	VERB	445	схватить	to grab; to seize	быстро и крепко взять рукой	to quickly and firmly take with the hand
B15	VERB	446	толкать	to push; to shove	воздействовать на предмет, заставляя двигаться	to exert force on an object to make it move
B15	VERB	447	поднять	to raise, to elevate, to lift up	переместить предмет вверх, приподнять	to move an object upward, to lift
B15	VERB	448	летать	to fly	передвигаться по воздуху с помощью крыльев	to move through the air using wings
B15	VERB	449	вешать	to hang up	помещать на весу, то есть без опоры снизу	to put up to hang
B15	VERB	450	ложиться	to lie down	принимать горизонтальное положение тела	to assume a horizontal body position
B15	VERB	451	лежать	to lie; to be lying	находиться в горизонтальном положении	to be in a horizontal position
B15	VERB	452	проснуться	to wake up	перейти от сна к бодрствованию	to transition from sleep to wakefulness
B15	VERB	453	стоять	to stand	находиться в вертикальном положении на ногах	to be in an upright position on one's feet
B15	VERB	454	наступать (ногой)	to step on; to tread on	ставить ногу на что-либо, давить весом тела	to place one's foot on something, to press with body weight
B15	VERB	455	пинать	to kick; to strike with foot	ударять ногой, отталкивать стопой	to strike with the foot, to push away using the foot
B15	VERB	456	скакать, прыгать	to jump; to leap; to hop	отталкиваться от поверхности, перемещаясь в воздухе	to push off from a surface, moving through the air
B15	VERB	457	сидеть	to sit	находиться в положении с опорой на ягодицы и бёдра, согнув ноги в коленях	to be in a position supported by buttocks and thighs, with knees bent
B15	VERB	458	бежать	to be running	быстро перемещаться на ногах или лапах, периодически полностью отрываясь от опоры (о движении, совершаемом однократно или в определённом направлении)	to move forward quickly upon two feet by alternately making a short jump off either foot
B15	VERB	459	ползать	to crawl; to creep	передвигаться на четвереньках или ползком, не поднимаясь	to move on all fours or by creeping, without standing up
B15	VERB	460	падать	to fall; to drop	непреднамеренно опускаться вниз под действием силы тяжести	to unintentionally descend under the influence of gravity
B15	VERB	461	выпадать	to fall out	падать сверху вниз	to come out of something by falling
B15	VERB	462	брать	to take	хватать, захватывать кого-либо или что-либо; поднимать с пола или снимать со стены, с полки и т. п.	to get into one's hands, possession or control, with or without force
B15	VERB	463	давать	to give	перемещать что-либо в распоряжение другого субъекта	to move, shift, provide something abstract or concrete to someone or something or somewhere
B15	VERB	464	добавлять	to add	давать, класть, наливать, насыпа́ть и т. п. к уже имеющемуся; пополнять недостающее	to join or unite (e.g. one thing to another, or as several particulars) so as to increase the number, augment the quantity or enlarge the magnitude, or so as to form into one aggregate
B15	VERB	465	начинать	to begin; to start	предпринимать первые действия в каком-либо процессе или деле	to take the first actions in a process or undertaking
B15	VERB	466	кончать	to finish; to end; to complete	завершать действие, доводить до конца	to complete an action, to bring to an end
B15	VERB	467	портить	to spoil, to ruin, to mar, to damage	ухудшать качество, причинять вред, нарушать целостность	to worsen quality, to cause harm, to disrupt integrity
B15	VERB	468	рубить	to chop; to hew; to cut with an axe	разделять или обрабатывать твёрдый материал ударным инструментом	to split or process hard material with a striking tool
B15	VERB	469	ударять	to hit; to strike; to beat	прилагать силу к предмету или поверхности резким движением	to apply force to an object or surface with a sudden motion
B15	VERB	470	выбирать	to choose	рассматривать множество имеющихся вариантов, определяя нужные или желательные и отвергая ненужные или нежелательные	to pick; to make the choice of; to select
B15	VERB	471	делить	to divide	разъединять что-либо, делать из целого части	to split or separate (something) into two or more parts
B15	VERB	472	лить	to pour; to flow	направлять жидкость из ёмкости, позволяя ей вытекать током	to direct liquid from a container, allowing it to flow out in a stream
B15	VERB	473	липнуть, прилипать	to stick; to adhere; to cling	прикрепляться к поверхности за счёт клейкости или трения	to attach to a surface due to stickiness or friction
B15	VERB	474	опрокидывать	to overturn; to tip over; to knock down	переворачивать предмет, заставляя его упасть на бок или вверх дном	to turn an object over, causing it to fall sideways or upside down

B15	VERB	475	обрывать (листья)	to pluck (leaves); to pick off	срывать что-либо в несколько приёмов, по частям	to tear something off in several stages, piece by piece
B15	VERB	476	рвать	to tear; to rip; to pull apart	разделять материал на части резким усилием, нарушая целостность	to divide material into parts by forceful pulling, breaking integrity
B15	VERB	477	мешать, размешивать	to stir; to mix; to agitate	перемешивать компоненты, приводя их в движение для соединения или растворения	to mix components by moving them to combine or dissolve
B15	VERB	478	мешать (быть помехой)	to hinder; to obstruct; to interfere	создавать препятствия, затруднять действие или процесс	to create obstacles, to make an action or process more difficult
B15	VERB	479	показывать	to show; to point out; to display	демонстрировать что-либо, делать видимым или понятным для других	to demonstrate something, to make it visible or understandable to others
B15	VERB	480	сжимать, сдавливать, стискивать	to squeeze; to compress; to press together	плотно прилегая, окружая, крепко обхватывая, давить на кого-либо, что-либо	tightly fitting, surrounding, tightly grasping, pressing on someone or something
B15	VERB	481	собирать	to gather; to collect; to put together	сводить воедино, сосредотачивать, накапливать что-либо в каком-то месте	to bring together, to concentrate, to accumulate something in some place
B15	VERB	482	посылать	to send; to dispatch; to direct	направлять человека, предмет или сообщение к определённому адресату или месту	to direct a person, object, or message to a specific recipient or location
B15	VERB	483	пускать	to let go; to allow; to release	давать свободу действия, разрешать движение или начало процесса	to grant freedom of action, to permit movement or the start of a process
B15	VERB	484	доставать, приобретать	to acquire	получать что-либо в своё распоряжение, владение, собственность, становиться обладателем кого-либо, чего-либо, обзаводиться кем-либо, чем-либо	to gain, usually by one's own exertions; to get as one's own
B15	VERB	485	трогать, прикасаться	to touch; to feel; to make contact	устанавливать физический контакт с предметом или человеком, обычно рукой или частью тела	to establish physical contact with an object or person, usually with a hand or body part
B15	VERB	486	возвратиться	to come back	прибыть, прийти, приехать, прилететь назад, обратно; вернуться на то же место	to return to a place
B15	VERB	487	опаздывать	to be late; to lag behind	не прибывать в назначенное время, отставать от графика или других людей	to fail to arrive at the appointed time, to fall behind schedule or other people
B15	VERB	488	гнать, выгонять	to oust	заставлять двигаться, перемещаться куда-либо (о движении, совершаемом однократно или в определённом направлении)	to force someone to leave
B15	VERB	489	двигаться	to move	находиться в движении, перемещаться, изменять своё положение в пространстве	to change place or posture; to go, in any manner, from one place or position to another
B15	VERB	490	ходить	to walk; to go (on foot); to move about	передвигаться пешком, совершать перемещения без использования транспорта	to move on foot, to make trips without using transport
B15	VERB	491	шагать	to step; to stride; to march	совершать шаги, перемещаясь целенаправленно, часто с определённым ритмом	to take steps, moving purposefully, often with a certain rhythm
B15	NOUN	492	шаг	step	единица перемещения при ходьбе, расстояние между последовательными положениями ног	а unit of movement when walking, the distance between successive positions of the feet
B15	VERB	493	уходить, идти	to leave; to go; to depart	покидать место, направляться в другом направлении, начинать движение от точки отсчёта	to leave a place, to head in another direction, to begin moving from a starting point
B15	VERB	494	пойти, отправиться	to set off; to go; to start a journey	начать движение к цели, предпринять путь куда-либо	to begin moving toward a goal, to undertake a journey somewhere
B15	VERB	495	приходить	to come; to arrive; to reach	достигать пункта назначения, прибывать в место, куда направлялись	to reach a destination, to arrive at a place one was heading to
B15	VERB	496	плавать	to swim; to float	передвигаться в воде или на её поверхности, удерживаясь от погружения	to move in water or on its surface, staying afloat
B15	VERB	497	тонуть	to sink; to drown	погружаться под воду, не имея возможности удержаться на поверхности	to submerge under water, unable to stay on the surface
B15	VERB	498	возить	to carry	обеспечивать доставку кого-либо или чего-либо на транспортном средстве либо иметь при себе в поездке	support and move (someone or something) from one place to another.
B15	VERB	499	нести	to carry; to bear; to transport	перемещать какой-либо объект, держа его на весу	move an object by holding it in the air
B15	VERB	500	останавливать	to stop; to halt; to bring to a standstill	прекращать движение или действие, задерживать процесс или перемещение	 to cease movement or action, to delay a process or movement
B15	VERB	501	поворачивать, изменять направление	to turn; to change direction; to veer	менять курс движения, отклоняться от первоначального пути	to change the course of movement, to deviate from the original path
B15	VERB	502	править, управлять	to manage; to control; to handle; to govern	контролировать и определять ход или деятельность чего-либо; руководить	to control and determine the course or activity of something; to direct
B15	VERB	503	щекотать	to tickle	лёгкими прикосновениями раздражать кожу, вызывая нервную реакцию, сопровождающееся как правило смехом	to irritate the skin with light touches, causing a nervous reaction, usually accompanied by laughter
B15	VERB	504	пугать	to frighten; to scare; to startle	вызывать чувство страха, внезапного испуга у кого-либо	 to cause a feeling of fear, sudden fright in someone
B15	VERB	505	успевать	to have time (+ to)	вовремя делать что-либо, быть в состоянии сделать что-либо за определённый промежуток времени	to do something on time, to be able to do something in a certain amount of time
B15	VERB	506	помогать	to help; to assist; to aid	оказывать поддержку, содействие в выполнении задачи или преодолении трудности	to provide support, assistance in completing a task or overcoming a difficulty
B15	VERB	507	велеть	to order	твёрдо распорядиться, заявить кому-либо о необходимости сделать что-то, приказать	to give an authoritative direction or instruction to do something
B15	VERB	508	обещать	to promise; to assure; to pledge	давать слово, гарантировать выполнение действия в будущем	 to give one's word, to guarantee performance of an action in the future
B15	VERB	509	кланяться	to bow; to greet with a bow	наклонять голову или корпус тела в знак приветствия, уважения или прощания	 to incline the head or torso as a sign of greeting, respect, or farewell
B15	VERB	510	звать	to call; to summon; to invite	обращаться к кому-либо голосом, привлекать внимание или приглашать прибыть	 to address someone by voice, to attract attention or invite to come
B15	VERB	511	называть	to name; to call; to designate	присваивать имя, обозначение или термин предмету, лицу или явлению	to assign a name, designation, or term to an object, person, or phenomenon
B16	ADJ	512	здоровый	healthy; sound; in good health	не имеющий болезней, обладающий нормальным физическим и психическим состоянием	 free from illness, possessing normal physical and mental condition
B16	ADJ	513	больной	ill	имеющий расстроенное здоровье, поражённый каким-либо заболеванием (о человеке, животном, растении)	in poor health; ill
B16	ADJ	514	бледный (о человеке)	pale	слабо окрашенный, не имеющий загара или румянца, лишённый естественной окраски (о цвете лица, кожи)	having a pallor (a light color, especially due to sickness, shock, fright etc.)
B16	NOUN	515	бедняга	wretch	несчастное существо (обычно человек), тот, кто вызывает сожаление, сочувствие, сострадание	an unhappy, unfortunate, or miserable person
B16	ADJ	516	беременная (женщина)	pregnant	женщина, находящаяся в состоянии беременности	сarrying developing offspring within the body
B16	NOUN	517	болезнь, недуг	illness, sickness	расстройство здоровья живого организма, нарушение его деятельности	the quality or state of being sick or diseased
B16	VERB	518	болеть	to be sick	страдать болезнью, хворать, быть больным	to suffer from illness, to be ill
B16	VERB	519	болеть (ощущать боль)	to pain	больно, чувствуется боль где-нибудь	to hurt; to put to bodily uneasiness or anguish; to afflict with uneasy sensations of any degree of intensity; to torment; to torture
B16	NOUN	520	желтуха	jaundice	желтушное окрашивание кожи и видимых слизистых оболочек, обусловленное повышенным содержанием в крови и тканях билирубина	A morbid condition, characterized by yellowness of the eyes, skin, and urine.
B16	NOUN	521	корь	measles	заразное вирусное заболевание с сыпью, лихорадкой и воспалением дыхательных путей	 a contagious viral disease with rash, fever, and respiratory inflammation
B16	NOUN	522	оспа	smallpox; pox	вид вирусной инфекции, характеризующейся появлением гнойной пузырчатой сыпи на коже и слизистых оболочках, оставляющей рубцы, уродующие кожу	a type of viral infection characterized by the appearance of a purulent, blistering rash on the skin and mucous membranes, leaving scars that disfigure the skin
B16	NOUN	523	серная пробка в ухе	earwax buildup; cerumen impaction	скопление ушной серы в слуховом проходе, которое может затруднять слух	accumulation of earwax in the ear canal that may impair hearing
B16	VERB	524	ушибить	to bruise; to contuse; to injure by impact	повреждать ткани тела ударом без нарушения целостности кожи	 to damage body tissues by impact without breaking the skin
B16	NOUN	525	синяк	bruise; contusion; black-and-blue mark	подкожное кровоизлияние, возникающее после ушиба, с изменением цвета кожи	subcutaneous bleeding occurring after a bruise, with skin discoloration
B16	NOUN	526	шишка, нарост на теле	lump; bump; growth on the body	локальное уплотнение или выступ на поверхности кожи или под ней	 a localized thickening or protrusion on or under the skin surface
B16	VERB	527	пухнуть	to swell; to become swollen	увеличиваться в объёме, вздуваться, становиться пухлым	to increase in volume, to swell, to become plump
B16	NOUN	528	чесотка	scabies	заразное кожное заболевание, вызываемое клещом, с сильным зудом и высыпаниями	 a contagious skin disease caused by mites, with intense itching and rash
B16	VERB	529	кашлять	to cough	совершать резкие выдохи через рот для очищения дыхательных путей от раздражителей	to make sudden expirations through the mouth to clear airways of irritants
B16	NOUN	530	колики	colic; abdominal cramps	приступообразные боли в животе, часто вызванные спазмами кишечника или других органов	paroxysmal abdominal pain, often caused by spasms of the intestines or other organs
B16	NOUN	531	нарыв	abscess; boil; suppuration	локализованное гнойное воспаление тканей с образованием полости, заполненной гноем	a localized purulent inflammation of tissues with formation of a pus-filled cavity
B16	NOUN	532	гной	pus	густая жидкость желтовато-зеленоватого или сероватого цвета, обычно с дурным запахом, образующаяся в тканях живого организма при воспалении, гниении, вызванных особыми бактериями	a whitish-yellow or yellow substance composed primarily of dead white blood cells and dead pyogenic bacteria; normally found in regions of bacterial infection
B16	VERB	533	терпеть	to endure; to tolerate; to bear	испытывать неприятные ощущения, не жалуясь; выдерживать трудности, боль, неудобства	to experience unpleasant sensations without complaining; to withstand difficulties, pain, inconveniences
B16	VERB	534	угореть	to be poisoned by fumes	испытывать недомогание от вдыхания угарного газа или дыма в закрытом помещении	to experience malaise from inhaling carbon monoxide or smoke in an enclosed space
B16	NOUN	535	угар	carbon monoxide poisoning; fume intoxication	состояние, вызванное отравлением ядовитым газом, образующимся при неполном сгорании топлива; характеризуется плохим самочувствием, помрачением сознания, головной болью, головокружением, тошнотой	a condition caused by poisoning with a poisonous gas formed during incomplete combustion of fuel; characterized by malaise, clouding of consciousness, headache, dizziness, and nausea
B16	VERB	536	неметь, терять чувствительность	to become numb; to lose sensation	переставать ощущать прикосновения, боль, температуру в части тела из-за нарушения кровообращения или нервной проводимости	to cease feeling touch, pain, temperature in a body part due to impaired circulation or nerve conduction
B16	VERB	537	вылечить	to cure (of)	лечением восстановить здоровье; излечить 	to relieve (a person or animal) of the symptoms of a disease or condition
B16	VERB	538	замерзать	to freeze; to get cold; to become numb with cold	испытывать сильное ощущение холода; терять подвижность из-за низкой температуры	to experience intense cold sensation; to lose mobility due to low temperature
B16	VERB	539	дрожать	to shiver	трястись, испытывать частое судорожное сокращение мышц (от холода, при нервном возбуждении и т. п.)	to tremble or shake, especially when cold or frightened
B16	VERB	540	простужаться	to catch a cold; to get chilled	заболевать от переохлаждения, сквозняка, контакта с холодом	to become ill due to overcooling, draft, or exposure to cold
B16	NOUN	541	насморк	runny nose; rhinitis; nasal discharge	воспаление слизистой оболочки носа с выделением жидкости; симптом простуды или аллергии	inflammation of the nasal mucosa with fluid discharge; a symptom of cold or allergy
B16	VERB	542	чихать	to sneeze	совершать резкий рефлекторный выдох через нос и рот для удаления раздражителей из носовой полости	to make a sudden reflexive expiration through nose and mouth to remove irritants from the nasal cavity
B16	NOUN	543	горб	hump	резко выраженное выпячивание грудного отдела позвоночника или грудной клетки вследствие деформации	a deformity in humans caused by abnormal curvature of the upper spine
B16	ADJ	544	хромой	lame; limping; having a limp	имеющий нарушение походки из-за травмы, болезни или врождённого дефекта ног	having impaired gait due to injury, illness, or congenital leg defect
B16	ADJ	545	немой	mute; dumb; unable to speak	не способный произносить слова из-за физического дефекта, болезни или врождённого состояния	unable to produce speech due to physical defect, illness, or congenital condition
B17	ADJ	546	старый (о человеке)	old; elderly; aged	достигший преклонного возраста; имеющий признаки старения, утраты сил	having reached advanced age; showing signs of aging, loss of strength
B17	NOUN	547	старик	old man; elder; aged man	мужчина преклонного возраста; пожилой человек мужского пола	a man of advanced age; an elderly male person
B17	NOUN	548	старуха	old woman; elderly woman; aged woman	женщина преклонного возраста; пожилой человек женского пола	a woman of advanced age; an elderly female person
B17	NOUN	549	морщина	wrinkle; line; crease	складка на коже, образующаяся с возрастом или от частого сокращения мимических мышц	a fold in the skin formed with age or from frequent contraction of facial muscles
B17	ADJ	550	живой	alive	обладающий жизнью, не мёртвый	Having life; living; not dead. 
B17	VERB	551	умирать	to die	прекращать жизнедеятельность, переходить из состояния жизни в смерть	to cease vital activity, to transition from life to death
B17	NOUN	552	смерть	death	прекращение всех жизненных функций организма; конец жизни	the cessation of all vital functions of an organism; the end of life
B17	NOUN	553	покойник	deceased; the departed; dead person	человек, который умер; умерший, усопший	a person who has died; the deceased, the departed
B17	VERB	554	хоронить	to bury; to inter; to lay to rest	помещать тело умершего в могилу, совершать погребальный обряд	to place the body of the deceased in a grave, to perform a burial ritual
B17	NOUN	555	плакальщица	mourner; professional wailer; lamenting woman	женщина, выражающая скорбь плачем и причитаниями на похоронах; иногда — нанятая для этого	a woman expressing grief through weeping and lamentations at funerals; sometimes hired for this purpose
B17	NOUN	556	гроб	coffin	специальный ящик для погребения умерших	a rectangular closed box in which the body of a dead person is placed for burial
B17	NOUN	557	могила	grave; tomb; burial place	углубление в земле для захоронения тела; место погребения	a depression in the ground for burying a body; a place of burial
B17	NOUN	558	место	place; location; spot	определённая точка или участок пространства; позиция, занимаемая объектом	a specific point or area of space; a position occupied by an object
B17	NOUN	559	душа	soul	нематериальная составляющая личности, её внутренний мир	the spirit or essence of a person usually thought to consist of one's thoughts and personality, often believed to live on after the person's death
B17	VERB	560	дремать	to doze	пребывать в сонливом, полусонном состоянии	to sleep lightly or briefly; to nap, snooze.
B17	VERB	561	спать	to sleep; to be asleep	находиться в состоянии сна, с временным отключением сознания и расслаблением тела	to be in a state of sleep, with temporary suspension of consciousness and body relaxation
B17	VERB	562	заснуть	to fall asleep; to doze off	переходить от бодрствования ко сну; погружаться в сон	to transition from wakefulness to sleep; to enter a state of sleep
B17	VERB	563	храпеть (о человеке)	to snore	издавать хриплые звуки носом или горлом во время сна из-за вибрации мягких тканей	to make hoarse sounds through nose or throat during sleep due to vibration of soft tissues
B17	NOUN	564	сон	sleep; slumber; dreaming state	состояние покоя с пониженной реакцией на внешние раздражители; период отдыха организма	a state of rest with reduced response to external stimuli; a period of bodily recovery
B17	VERB	566	успокаивать (о человеке)	to calm	помогать кому-либо перестать волноваться, плакать, нервничать; возвращать душевное равновесие	to help someone stop worrying, crying, being nervous; to restore emotional balance
B17	VERB	567	спорить	to argue	выражать несогласие, вступать в словесный конфликт, отстаивать противоположную точку зрения	to express disagreement, to engage in verbal conflict, to defend an opposing viewpoint
B17	VERB	568	видеть	to see	обладать зрением, зрительной способностью	to perceive or detect someone or something with the eyes, or as if by sight
B17	VERB	569	замечать (обнаруживать что-либо и уделять этому внимание)	to detect, to notice	воспринимать что-либо органами чувств и фиксировать на этом внимание; осознавать присутствие или изменение	to perceive something through the senses and focus attention on it; to become aware of presence or change
B17	NOUN	570	забота	care	внимание; попечение, опека; уход за кем-либо или чем-либо	attention; care, guardianship; looking after someone or something
B17	VERB	571	быть	to be	находиться в наличии, присутствовать; существовать, являться	to be present, to exist; to have being, to constitute
B17	AUX	572	не (отрицательный глагол, 3-е л. ед. ч.)	is not; does not (3rd person singular)	отрицание наличия, действия или состояния в третьем лице единственного числа	negation of presence, action, or state in third person singular
B17	VERB	573	мочь	can; to be able	иметь возможность, способность, право совершить действие	to have the opportunity, ability, or right to perform an action
B17	VERB	574	ждать	to wait	проводить время, рассчитывая на появление кого-либо или чего-либо	 to expect, to wait (to believe that something will happen or count on something happening)
B17	VERB	575	намереваться	to intend; to plan	иметь намерение, желание совершить что-либо в будущем; планировать действие	to have the intention or desire to do something in the future; to plan an action
B17	VERB	576	отгадывать	to guess	находить правильный ответ на загадку, вопрос; определять что-либо по косвенным признакам	to find the correct answer to a riddle or question; to determine something by indirect signs
B17	VERB	577	провожать	to see off; to accompany; to escort	сопровождать кого-либо до места отправления или назначения; провожать в путь	to accompany someone to their point of departure or destination; to see someone off on a journey
B17	VERB	578	заблудиться	to get lost; to lose one's way	потерять ориентацию в пространстве, не найти правильный путь	to lose orientation in space, to fail to find the correct path
B17	VERB	579	торопиться	to hurry; to rush; to hasten	действовать быстро, стремиться успеть сделать что-либо в срок; ускорять движения или процесс	to act quickly, to strive to complete something on time; to accelerate movements or process
B17	NOUN	580	привычка	habit	устойчивая модель поведения, сформированная многократным повторением; склонность к определённому действию	a stable behavioral pattern formed through repeated action; a tendency toward a specific behavior
B17	NOUN	581	возраст	age	количество прожитых лет от рождения	The number of full years, months, days, hours, etc., that someone, or something, has been alive.
B17	NOUN	582	жребий	lot	предмет, применяемый при жеребьёвке (решении спора, вопроса о праве или очерёдности )	Anything (as a die, pebble, ball, or slip of paper) used in determining a question by chance, or without human choice or will. 
B17	VERB	583	надо	must; need to; should	выражение необходимости, обязанности, рекомендации совершить действие	expression of necessity, obligation, or recommendation to perform an action
B17	VERB	584	отвечать	to answer; to reply; to respond	давать ответ на вопрос, обращение; реагировать на чьи-либо слова или действия	to give an answer to a question or address; to react to someone's words or actions
B17	NOUN	585	спасибо	thank you; thanks	выражение благодарности, признательности за помощь, услугу, подарок	an expression of gratitude, appreciation for help, service, or a gift
B17	NOUN	586	ссора	quarrel; dispute; argument	конфликт, спор, разногласие между людьми, сопровождающееся взаимными претензиями, упрёками, повышением голоса; нарушение гармонии в отношениях, вызванное несовпадением мнений, интересов или обидой	a conflict, disagreement, or dispute between people, accompanied by mutual accusations, reproaches, or raised voices; a disruption of harmony in relationships caused by differing opinions, interests, or offense
B17	VERB	587	драться	to fight	бить друг друга; устраивать драку	to engage in combat with; to oppose physically, to contest with
B17	ADJ	588	знакомый	acquaintance; familiar	человек, состоящий в знакомстве с кем-то, то есть знающий кого-то другого и известный этому другому	a person who is acquainted with someone, that is, knows someone else and is known to that other person
B17	ADJ	589	трусливый	cowardly	склонный к страху, боязливый; не решающийся на действия из-за опасений	inclined to fear, easily frightened; unwilling to act due to apprehension, timid
B181	ADJ	565	вкусный	tasty	приятный на вкус; вызывающий приятные ощущения у едока	having a pleasant or satisfying flavor; delicious
B181	NOUN	590	пища	food	то, что едят для поддержания жизни; продукты питания, еда	substances consumed to sustain life; edible products, nourishment
B181	VERB	591	есть	to eat	употреблять (что-то твердое или полутвердое, обычно пищу), помещая это в рот и проглатывая	to consume (something solid or semi-solid, usually food) by putting it into the mouth and swallowing it
B181	VERB	592	пить	to drink	проглатывать жидкость; употреблять напитки	to swallow liquid; to consume beverages
B181	VERB	593	хлебать	to sup	есть что-либо жидкое, черпая ложкой	to eat something liquid by scooping it up with a spoon
B181	VERB	594	сосать	to suck	сквозь сжатые губы втягивать в рот (какую-нибудь жидкость); кого-что втягивать таким образом чьё-нибудь молоко (из груди, вымени), питаться чьим-нибудь молоком	to use the mouth and lips to pull in (a liquid, especially milk from the breast)
B181	NOUN	595	прием пищи	meal	время или процесс употребления еды; трапеза	an occasion or act of eating food; a time of dining
B181	NOUN	596	завтрак	breakfast	утренний приём пищи; еда, употребляемая после пробуждения	the morning meal; food consumed after waking
B181	NOUN	597	обед	lunch, dinner	дневной приём пищи, обычно основной; еда в середине дня	the midday meal, typically the main meal of the day; food consumed around noon
B181	NOUN	598	ужин	supper, dinner (evening meal)	вечерний приём пищи; еда в конце дня, перед сном	the evening meal; food consumed at the end of the day, before sleep
B181	VERB	599	варить	to boil	получать, приготавливать посредством термической обработки	to cook in boiling water
B181	VERB	600	парить	to steam	подвергать действию горячего пара; обрабатывать паром для размягчения, приготовления	to expose to hot vapor; to treat with steam for softening or cooking
B181	ADJ	601	сладкий	sweet	имеющий вкус сахара, мёда; приятный на вкус, не кислый и не горький	having the taste of sugar or honey; pleasant to taste, neither sour nor bitter
B181	ADJ	602	пресный (о тесте, хлебе, лепешках)	unleavened (of dough, bread)	приготовленный без дрожжей, не кислый; без выраженного вкуса, несоленый	made without yeast, not sour; without pronounced flavor, unsalted
B181	ADJ	603	холодный	cold	имеющий низкую температуру; не тёплый, не горячий	having a low temperature; not warm, not hot
B181	ADJ	604	тёплый	warm	имеющий умеренно высокую температуру; приятный на ощупь, не горячий и не холодный	having moderately high temperature; pleasant to touch, neither hot nor cold
B181	ADJ	605	горячий	hot	имеющий высокую температуру	having a high temperature
B181	VERB	606	кипеть	to boil	находиться в состоянии бурления при нагревании; достигать температуры парообразования	to be in a state of bubbling when heated; to reach the temperature of vaporization
B181	NOUN	607	чай	tea	напиток из заваренных листьев чайного куста; также — травяной настой	a beverage made from steeped leaves of the tea plant; also — herbal infusion
B181	NOUN	608	блин	pancake	плоская тонкая лепёшка, испечённая из жидкого теста на сковороде	a thin batter cake fried in a pan or on a griddle in oil or butter
B181	NOUN	609	сканец	skanetс; rye flatbread	традиционная карельско-вепсская тонкая лепёшка из ржаного теста, раскатанная очень тонко	a traditional Karelian-Veps thin flatbread made from very thinly rolled rye dough
B181	NOUN	610	пирог	pie	мучное изделие из теста с начинкой; печёное блюдо с мясом, рыбой, ягодами или овощами	a baked dish of pastry with filling; a cooked food with meat, fish, berries, or vegetables inside
B181	NOUN	611	рыбник (пирог)	fish pie	пирог с рыбной начинкой; традиционное блюдо северной кухни	a pie with fish filling; a traditional dish of northern cuisine
B181	NOUN	612	каша из муки, загуста	thick flour porridge; zagusta	густое блюдо из муки, сваренной в воде или молоке; простая пища из заваренной муки	a thick dish made from flour boiled in water or milk; simple food of cooked flour
B181	ADJ	613	густой	dense	плотный, состоящий из множества однородных, расположенных на небольших расстояниях друг от друга частей, объектов	having relatively high density
B181	ADJ	614	жидкий	liquid	имеющий свойство текучести, занимающий постоянный объём, но легко меняющий форму и под действием силы тяжести принимающий форму объемлющего сосуда	A substance that is flowing, and keeping no shape, such as water; a substance of which the molecules, while not tending to separate from one another like those of a gas, readily change their relative position, and which therefore retains no definite shape
B181	NOUN	615	крошево	kroshevo; chopped cabbage dish	нарубленные листья капусты (в том числе зелёных наружных листьев), используемые для приготовления щей	chopped (including green outer) cabbage leaves used for making soup, especially shchi
B181	NOUN	616	бульон	bouillon	отвар, употребляемый как первое блюдо или служащий основой для приготовления различных супов или соусов	water in which food (meat or vegetable etc) has been boiled
B181	NOUN	617	суп	soup	жидкое блюдо, приготовленное варкой продуктов в воде или бульоне; первое блюдо	a liquid dish prepared by boiling ingredients in water or broth; a first course
B181	VERB	618	кусать	to bite	сжимать зубами, откусывать; причинять боль зубами или челюстями	to grip with teeth, to take a piece; to cause pain with teeth or jaws
B181	VERB	619	пробовать (на вкус)	to taste	определять вкус пищи или напитка, принимая небольшое количество в рот; проверять качество	to determine the flavor of food or drink by taking a small amount into the mouth; to check quality
B181	VERB	620	размельчать	to crush	делать мелким, дробить на части; измельчать пищу или другие вещества	to make small, to break into pieces; to grind food or other substances
B181	VERB	621	отжимать, выжимать, пропуская через сито	to strain	удалять жидкость из массы путём давления; процеживать через сито для отделения твёрдого от жидкого	to remove liquid from a mass by pressure; to filter through a sieve to separate solids from liquids
B181	VERB	622	вскрыть	to unseal	открыть, раскрыть что-либо упакованное, запертое, закрытое, запечатанное	to open by having a seal broken
B181	NOUN	623	потроха рыбы	fish entrails, fish guts	внутренности рыбы, удаляемые при разделке; органы пищеварения и другие внутренние части	the internal organs of a fish, removed during cleaning; digestive organs and other internal parts
B181	NOUN	624	очистки	peelings	остатки, снятые с овощей, фруктов при чистке; отходы пищевой обработки	remnants removed from vegetables or fruits during peeling; waste from food preparation
B181	NOUN	625	отжимки	residue after pressing	остатки продукта после отжима жидкости; выжимки, жмых	remnants of a product after liquid has been squeezed out; pulp, residue after pressing
B181	NOUN	626	раствор для киселя или блинов	batter (for pancakes)	жидкая смесь муки или крахмала с водой, подготовленная для варки киселя или выпечки блинов	a liquid mixture of flour or starch with water, prepared for making jelly or pancakes
B181	NOUN	627	пена	foam, froth, scum	скопление пузырьков на поверхности жидкости; вспененная масса при кипении, брожении	a mass of bubbles on the surface of a liquid; frothy substance formed during boiling or fermentation
B181	NOUN	628	пивная гуща, барда	beer lees, beer sediment	осадок после варки пива; отработанное сусло, используемое как корм или удобрение	residue after beer brewing; used mash, employed as fodder or fertilizer
B181	ADJ	629	горький	bitter	имеющий едкий (обычно неприятный) вкус, свойственный полыни, хине, горчице и т. п.	having an acrid taste (usually from a basic substance)
B181	ADJ	630	кислый	sour	имеющий вкус кислоты; сквашенный, забродивший; не сладкий	having an acid taste; fermented, leavened; not sweet
B181	NOUN	631	плесень	mold	грибковый налёт на продуктах, влажных поверхностях; микроорганизмы, разлагающие органику	a fungal growth on food or damp surfaces; microorganisms that decompose organic matter
B181	NOUN	632	соль	salt	пищевая приправа белого цвета, хлорид натрия; используется для улучшения вкуса и консервации	a white culinary seasoning, sodium chloride; used to enhance flavor and preserve food
B181	NOUN	633	сахар	sugar	сладкое кристаллическое вещество, углевод; пищевая добавка для подслащения	a sweet crystalline substance, a carbohydrate; a food additive for sweetening
B181	NOUN	634	толокно	oat flour; tolokno	мука, приготовленная толчением подсушенных, слегка поджаренных и предварительно пропаренных зёрен овса или ячменя; традиционный продукт северной кухни для приготовления киселей, каш	flour made from roasted oats or barley; a traditional product of northern cuisine for making jellies and porridges
B181	NOUN	635	солод	malt	пророщенное и высушенное зерно (ячмень, рожь); используется в пивоварении, квасоварении	germinated and dried grain (barley, rye); used in brewing beer and kvass
B181	NOUN	636	рассол	brine	крепкий раствор соли в воде; жидкость для засолки овощей, рыбы, мяса	a strong solution of salt in water; liquid used for pickling vegetables, fish, meat
B181	NOUN	637	крупа	groats	очищенные и дроблёные зёрна злаков; продукт для варки каш	hulled and crushed cereal grains; a product for cooking porridge
B181	ADJ	638	крупный (о муке грубого помола)	coarse (of flour), roughly ground	состоящий из больших частиц; грубого помола, неотсеянный	consisting of large particles; roughly ground, unsifted
B181	NOUN	640	кисель	kissel	традиционный кисловатый напиток или десерт из ягодного сока или крахмала	a traditional Russian sweet or sour beverage-dessert made from starch and fruit juice or berries
B181	NOUN	641	квас	kvass	традиционный славянский напиток из сброженного хлеба, муки или фруктов; слабоалкогольный, освежающий	a traditional Slavic fermented beverage made from bread, flour, or fruits; lightly alcoholic, refreshing
B181	NOUN	642	пиво	beer	слабоалкогольный напиток из сброженного солода, хмеля и воды; один из древнейших напитков	a lightly alcoholic beverage made from fermented malt, hops, and water; one of the oldest drinks
B181	NOUN	643	вино	wine	алкогольный напиток, получаемый в результате полного или частичного спиртового брожения сока либо мезги винограда или иных плодов (иногда с добавлением спирта и других веществ)	an alcoholic beverage made by fermenting grape juice or by fermenting other substances
B181	ADJ	644	сытый	full, well-fed	удовлетворивший голод, наевшийся; не испытывающий потребности в еде	having satisfied hunger, having eaten enough; not feeling the need for food
B181	NOUN	645	голод	hunger	ощущение потребности в принятии пищи; сильное желание есть	a need or compelling desire for food
B181	VERB	646	хотеть пить, испытывать жажду	to thirst	чувствовать потребность в жидкости; испытывать желание выпить	to feel the need for liquid; to experience a desire to drink
B181	VERB	647	курить	to smoke	вдыхать дым тлеющего табака или других веществ; употреблять табак через трубку, сигарету	to inhale the smoke of burning tobacco or other substances; to consume tobacco via pipe, cigarette
B181	NOUN	648	табак	tobacco	растение семейства паслёновых, листья которого используют для курения; также — продукт из этих листьев	a plant of the nightshade family, whose leaves are used for smoking; also — the product made from these leaves
B181	NOUN	649	трубка	pipe (for smoking)	приспособление для курения табака; мундштук с чашечкой и длинным или коротким мундштуком	a device for smoking tobacco; a mouthpiece with a bowl and a long or short stem
B181	VERB	1429	проколоть, проткнуть	to pierce, to prick, to puncture	сделать отверстие острым предметом; пронзить, продырявить	to make a hole with a sharp object; to penetrate, to perforate
B182	NOUN	650	одежда	clothing	предметы, которыми покрывают тело для защиты, украшения; совокупность носимых вещей	items worn to cover the body for protection or adornment; a collection of wearable articles
B182	NOUN	651	рубашка (мужская)	shirt (men's)	верхняя или нательная одежда для мужчин с рукавами, воротником и застёжкой спереди	an upper or undergarment for men with sleeves, a collar, and front fastening
B182	NOUN	652	рубашка (женская)	blouse, shirt (women's)	верхняя или нательная одежда для женщин с рукавами, часто с декоративными элементами	an upper or undergarment for women with sleeves, often with decorative elements
B182	NOUN	653	штаны	trousers; pants	предмет одежды, закрывающий нижнюю часть тела и каждую ногу отдельно; брюки	a garment covering the lower body and each leg separately; breeches, pants
B182	NOUN	654	кальсоны	long underwear; longjohns	нижнее мужское бельё в виде длинных штанов; надевается под верхнюю одежду для тепла	men's undergarment in the form of long trousers; worn under outer clothing for warmth
B182	NOUN	655	юбка	skirt	предмет женской одежды, закрывающий нижнюю часть тела от талии; не имеет разделения на ноги	a garment worn by women covering the lower body from the waist; without leg separation
B182	NOUN	656	сарафан	sarafan	традиционная русская женская одежда; длинное платье без рукавов, надеваемое поверх рубашки	a traditional Russian women's garment; a long sleeveless dress worn over a blouse
B182	NOUN	657	чулок	stocking	предмет одежды, облегающий ногу от стопы до бедра или колена; вяжется или шьётся из ткани	a close-fitting garment covering the foot and leg up to the thigh or knee; knitted or made of fabric
B182	NOUN	658	портянки	footwraps, legwraps	прямоугольные куски ткани для обёртывания стопы вместо носков; традиционная военная и походная обувь	rectangular pieces of cloth for wrapping the foot instead of socks; traditional military and travel footgear
B182	NOUN	659	платок	headscarf; shawl	квадратный кусок ткани для покрытия головы, шеи или плеч; также — для вытирания лица	a square piece of cloth for covering the head, neck, or shoulders; also — for wiping the face
B182	NOUN	660	кафтан	kaftan	традиционная мужская одежда с длинными полами и длинными рукавами; застёгивается спереди, носился поверх другой одежды	traditional men's garment with long skirts and sleeves; fastens in front, worn over other clothing
B182	NOUN	661	платье	dress	предмет женской одежды, состоящий из лифа и юбки; цельное одеяние для верхней части тела и ног	a women's garment consisting of a bodice and skirt; a one-piece covering for the upper body and legs
B182	NOUN	662	шуба	fur coat	верхняя зимняя одежда из меха или на меху; для защиты от холода	outer winter clothing made of fur or lined with fur; for protection against cold
B182	NOUN	663	пазуха	bosom (of clothing); chest fold (of garment)	внутренняя часть одежды на груди, за отворотом; место, куда можно что-либо положить	the inner part of a garment at the chest, behind the lapel; a place to put something
B182	NOUN	664	шапка	hat	головной убор для защиты от холода или для украшения; надевается на голову	a head covering for protection from cold or for adornment; worn on the head
B182	NOUN	665	рукавица	mitten	перчатка без разделения пальцев, кроме большого; зимняя одежда для рук	a glove without separate fingers except the thumb; winter handwear
B182	VERB	666	раздеть, снять	to undress; to take off (clothing)	удалить одежду с себя или другого; освободить от одежды	to remove clothing from oneself or another; to free from garments
B182	NOUN	667	пояс	belt	полоса ткани, кожи или другого материала для обвязывания талии; держит одежду, украшает	a strip of fabric, leather, or other material for tying around the waist; holds clothing, decorates
B182	NOUN	668	ремень	strap; belt (leather)	полоса кожи или прочного материала для застёгивания, держания; часть пояса, упряжи	a strip of leather or strong material for fastening, holding; part of a belt or harness
B182	NOUN	669	пряжка	buckle; clasp	приспособление для застёгивания ремня, пояса; металлическая или пластиковая застёжка	a device for fastening a belt or strap; a metal or plastic clasp
B182	NOUN	670	подол	hem; skirt-bottom	нижний край одежды (юбки, платья, рубахи); часть, касающаяся земли	the lower edge of a garment (skirt, dress, shirt); the part touching the ground
B182	NOUN	671	пуговица	button	небольшой предмет для застёгивания одежды; крепится к ткани, продевается в петлю	a small object for fastening clothing; attached to fabric, passed through a loop
B182	NOUN	672	рукав	sleeve	часть одежды, закрывающая руку; пришивается к плечевой части	the part of a garment covering the arm; sewn to the shoulder section
B182	NOUN	673	карман	pocket	мешочек или полость в одежде для хранения мелких вещей; вшивается или нашивается	a pouch or cavity in clothing for holding small items; sewn in or attached
B182	VERB	674	кроить	to cut out (fabric); to cut a pattern	размечать и разрезать ткань по выкройке для пошива одежды; подготавливать детали	to mark and cut fabric according to a pattern for sewing; to prepare garment pieces
B182	VERB	675	шить	to sew	соединять куски ткани нитками с помощью иглы; изготавливать или чинить одежду	to join pieces of fabric with thread using a needle; to make or repair clothing
B182	VERB	676	пороть	to unpick; to rip (a seam)	разъединять по шву что-либо сшитое	to open seams, to disassemble sewn items
B182	VERB	677	подрубать	to hem; to overcast (an edge)	подшивать край ткани, загибая и закрепляя кромку; обрабатывать подол, рукава	to sew the edge of fabric by folding and securing the margin; to finish hems, sleeves
B182	VERB	678	чинить белье	to mend linen; to repair clothing	восстанавливать повреждённую одежду, постельное бельё; зашивать дыры, ставить заплатки	to restore damaged clothing or bed linen; to sew holes, apply patches
B182	NOUN	679	дыра	hole	отверстие, в особенности с неровными краями, прореха или углубление в чём-либо	a hollow place or cavity; an excavation; a pit; a dent; a depression; a fissure
B182	ADJ	680	старый, изношенный (об одежде)	worn, old, shabby (of clothing)	потерявший вид от длительного использования; потёртый, ветхий, не новый	having lost appearance from prolonged use; frayed, threadbare, not new
B182	ADJ	681	новый	new	недавно сделанный, купленный; не бывший в употреблении, свежий	recently made or bought; not previously used, fresh
B182	ADJ	682	тесный	tight; close-fitting; narrow; constricting	узкий, маломерный; не подходящий по размеру, сдавливающий тело	narrow, too small; not fitting properly, constricting the body
B182	NOUN	683	бусы	beads	украшение в виде нити с нанизанными на неё зёрнами из стекла, камня и т. п.	a beaded necklace
B182	NOUN	684	кольцо, перстень	ring	украшение в виде замкнутого круга для ношения на пальце; из металла, с камнем или без	an ornament in the form of a closed circle for wearing on a finger; made of metal, with or without a stone
B182	NOUN	685	серьги	earrings	украшение для ушей; крепится к мочке, из металла, с камнями или без	ornaments for the ears; attached to the earlobe, made of metal, with or without stones
B182	NOUN	686	наперсток	thimble	небольшой колпачок для защиты пальца при шитье; надевается на указательный или средний палец	a small cap for protecting the finger while sewing; worn on the index or middle finger
B182	VERB	687	мыть	to wash	очищать водой с мылом или другим средством; удалять грязь с тела, предметов	to clean with water and soap or another agent; to remove dirt from body, objects
B182	NOUN	688	мыло	soap	моющее средство из жиров и щёлочи; используется для очищения тела, одежды, посуды	a cleansing agent made from fats and alkali; used for cleaning body, clothing, dishes
B182	NOUN	689	пар (в бане)	steam (in the bathhouse)	горячий влажный воздух в бане; образуется при поливании камней водой	hot humid air in a bathhouse; formed by pouring water on hot stones
B182	VERB	690	париться (в бане)	to steam oneself (in the bathhouse)	находиться в бане под действием горячего пара; мыться, прогреваться с веником	to be in a bathhouse under the effect of hot steam; to wash, to warm up with a whisk
B182	ADJ	691	чистый	clean	не загрязнённый, вымытый; свободный от грязи, пятен	not soiled, washed; free from dirt, stains
B182	VERB	692	вытирать	to wipe	проводя чем-либо твёрдым по какой-либо поверхности, делать её чистой или сухой, удалять грязь, пыль, влагу и т. п.; очищать трением	to move an object over, maintaining contact, with the intention of removing some substance from the surface
B182	NOUN	693	полотенце	towel	кусок ткани для вытирания тела, рук, лица; также — для украшения интерьера	a piece of fabric for drying the body, hands, face; also — for interior decoration
B182	NOUN	694	простыня	bed sheet	большой прямоугольный кусок ткани для покрытия матраца или тела в постели	a large rectangular piece of fabric for covering a mattress or body in bed
B182	NOUN	695	скатерть	tablecloth	кусок ткани для покрытия стола; используется при сервировке, для защиты и украшения	a piece of fabric for covering a table; used when setting the table, for protection and decoration
B182	NOUN	696	щёлок	lye; alkaline solution	щелочной раствор из золы и воды; использовался для стирки, мытья посуды	an alkaline solution made from ash and water; used for washing clothes, dishes
B182	NOUN	697	одеяло	blanket	мягкое покрывало для укрывания в постели; сохраняет тепло тела	a soft covering for wrapping in bed; retains body heat
B182	NOUN	698	подушка	pillow	мягкий предмет для подкладывания под голову во время сна; набита пером, пухом, синтетикой	a soft object for placing under the head during sleep; stuffed with feathers, down, or synthetic material
B182	NOUN	699	постель	bed	место для сна с матрацем, простынями, одеялом	a place for sleeping with mattress, sheets, blanket; also — a set of sleep linen
B182	NOUN	700	гребень (для волос)	comb	продолговатая пластинка с рядом зубьев по обеим сторонам, служащая для расчесывания волос; расчёска с крупными зубьями либо украшение для волос, выполненное в виде такой расчёски	a toothed implement for grooming the hair or (formerly) for keeping it in place
B182	NOUN	701	зеркало	mirror	предмет с гладкой отражающей поверхностью для видения своего изображения; обычно стеклянное с металлическим покрытием	an object with a smooth reflective surface for seeing one's image; usually glass with a metal coating
B21	VERB	702	понимать	to understand	осознавать смысл, значение, суть чего-либо; уметь интерпретировать информацию	to realize the meaning, significance, or essence of something; to be able to interpret information
B21	VERB	703	думать	to think	осуществлять мыслительную деятельность 	to ponder, to go over in one's head
B21	VERB	704	помнить	to remember	сохранять в памяти, воспроизводить прошлые события, факты, ощущения	to retain in memory, to reproduce past events, facts, or sensations
B21	VERB	705	упоминать	to mention	называть, ссылаться на что-либо в разговоре или тексте; делать краткое замечание о чём-либо	to name, to refer to something in speech or text; to make a brief remark about something
B21	VERB	706	знать	to know	иметь сведения, информацию о чём-либо; обладать знаниями, навыками, опытом	to have information or data about something; to possess knowledge, skills, or experience
B21	VERB	707	узнавать	to find out	получать сведения о ком-либо или о чём-либо, разузнавая, допытываясь	to obtain information about someone or something by inquiring, prying
B21	VERB	708	забывать	to forget; to fail to remember	терять из памяти, не сохранять в сознании информацию, события, обязательства	to lose from memory, to fail to retain information, events, or obligations in consciousness
B21	NOUN	709	ум	mind; intellect	способность мыслить, рассуждать, понимать; разум, интеллект	the ability to think, reason, understand; intellect, rationality
B21	ADJ	710	умный	smart; intelligent	обладающий умом, способный к рассуждению, обучению, решению задач; сообразительный	possessing intelligence, capable of reasoning, learning, and problem-solving
B21	VERB	711	уметь	to be able to; to have the skill	обладать навыком, способностью выполнять определённое действие; владеть мастерством	to possess a skill or ability to perform a specific action; to have mastery
B21	NOUN	712	мозг	brain	орган центральной нервной системы, управляющий мышлением, движениями, чувствами	the central nervous system organ controlling thought, movement, and emotions
B21	NOUN	713	слово	word	единица языка, выражающая понятие; сочетание звуков или букв, имеющее значение	a unit of language expressing a concept; a combination of sounds or letters with meaning
B21	ADJ	714	скупой	stingy; miserly; tight-fisted	чрезмерно экономный, жадный до денег; не желающий тратить, делиться, помогать	excessively economical, greedy for money; unwilling to spend, share, or help
B22	VERB	715	бояться	to fear	испытывать боязнь, страх	to be afraid of (something or someone); to consider or expect (something or someone) with alarm
B22	VERB	716	хотеть	to want; to wish	испытывать потребность, стремление получить или совершить что-либо; желать	to feel a need or desire to obtain or do something; to wish for
B22	ADJ	717	милый	dear; darling; kind	вызывающий привязанность, симпатию; ласковый	inspiring affection; lovable; kind and gentle
B22	VERB	718	обрадоваться	to rejoice; to be glad	испытывать радость, удовольствие от чего-либо	to feel joy or happiness about something
B22	VERB	719	нравиться	to like; to please	вызывать симпатию или приятное ощущение	to cause someone to feel pleasure or fondness
B22	VERB	720	смеяться	to laugh	издавать звуки, выражающие веселье или радость	to make sounds expressing amusement or joy
B22	VERB	721	сердиться	to be angry; to get angry	испытывать раздражение или гнев	to feel or show anger or irritation
B22	NOUN	722	обида	offence; grievance	чувство обиды, возникающее от несправедливого отношения	a feeling of hurt or resentment caused by unfair treatment
B22	ADV	723	жаль	pity	о чувстве сожаления по поводу чего-либо,  сострадании по отношению к кому-либо, чему-либо	A feeling of sympathy at the misfortune or suffering of someone or something. 
B22	NOUN	724	печаль, тоска	sadness; longing; grief	состояние душевной тяжести, тоски или скорби	a state of sorrow, melancholy, or yearning
B22	VERB	725	мучить	to torment; to cause suffering	причинять страдание или мучение кому-либо	to cause pain or suffering to someone
B22	VERB	726	плакать	to cry	выделять слёзы от горя, боли, радости или других сильных эмоций; выражать чувства плачем	to shed tears due to grief, pain, joy, or other strong emotions; to express feelings through crying
B22	VERB	727	любить	to love	испытывать глубокую привязанность к кому-либо	to feel deep affection for someone
B22	VERB	728	обнимать	to hug; to embrace	обвивать руками в знак ласки или привязанности	to hold someone in one's arms as a sign of affection
B22	VERB	729	целовать	to kiss	прикасаться губами в знак привязанности или приветствия	to touch someone with the lips as a sign of affection or greeting
B22	NOUN	730	беда	misfortune	несчастье, крайне тяжёлое или неприятное событие или обстоятельство	an undesirable event such as an accident
B22	VERB	1166	гладить, поглаживать	to stroke	водить ладонью, пальцами и т. п. по поверхности чего-либо; поглаживать	to move one's hand with gentle pressure over (a surface, especially hair, fur, or skin), typically repeatedly; caress.
B22	NOUN	1450	доверие	trust	положительное отношение к объекту или субъекту, основанное на уверенности в его надёжности, достоверности или, соответственно, честности, добросовестности	сonfidence in or reliance on some person or quality
B23	VERB	731	лгать, обманывать	to lie; to deceive	говорить неправду; вводить в заблуждение	to say something untrue; to mislead or deceive
B23	VERB	732	воровать	to steal	тайно, без разрешения брать кого-, что-либо у кого-либо, незаконно присваивать себе чужое; красть	to take illegally, or without the owner's permission, something owned by someone else without intending to return it
B23	ADJ	733	виноватый	guilty	совершивший проступок, нечто предосудительное	responsible for a dishonest act
B23	VERB	734	бранить, ругать	to scold	порицать, осуждать кого-либо или что-либо	to rebuke angrily
B23	VERB	735	хаять	to disparage; to badmouth	отзываться плохо о ком-либо или о чём-либо, порочить	to speak disparagingly of someone or something; to find fault
B23	VERB	736	дразнить	to tease	намеренно раздражать шутками, приставанием; злить насмешками	to provoke or disturb; to annoy
B23	ADJ	737	хороший	good	обладающий положительными качествами; приятный, полезный, достойный одобрения	possessing positive qualities; pleasant, useful, worthy of approval
B23	ADJ	738	злой	evil, wicked	склонный к причинению вреда, недоброжелательный	inclined to cause harm, malevolent
B23	ADJ	739	плохой	bad; poor	обладающий отрицательными качествами; неприятный, вредный	possessing negative qualities; unpleasant, harmful
B23	ADJ	740	ленивый	lazy; idle	не склонный к труду, деятельности; избегающий усилий, предпочитая бездействие	not inclined to work or activity; avoiding effort, preferring inactivity
B23	VERB	741	завидовать	to envy	испытывать зависть к чужим успехам или имуществу	to feel envy towards another's success or possessions
B23	NOUN	742	стыд	shame	болезненное чувство, вызванное сознанием своего недостойного поведения	a painful feeling caused by awareness of wrongdoing or disgrace
B23	NOUN	743	правда	truth	верное утверждение; то, что соответствует представлениям об истине	a true statement; something that corresponds to ideas about truth
B23	NOUN	744	честь	honour; dignity	внутренняя нравственная ценность; репутация, достоинство	inner moral worth; good reputation; dignity
B23	NOUN	745	милость	mercy; grace; favour	доброжелательное, снисходительное отношение; великодушие	kind, compassionate treatment; benevolence; favour
B31	VERB	746	работать	to work; to labour	выполнять работу, прилагать усилия для достижения результата	to perform work; to exert effort to achieve a result
B31	NOUN	747	работа	work; labour	деятельность, требующая усилий; труд	activity requiring effort; labour; toil
B31	VERB	748	нанимать	to hire; to employ	принимать кого-либо на работу за вознаграждение	to engage someone to work for payment
B31	VERB	749	делать	to make	изготовлять, производить какие-либо действия, обычно с помощью инструментов, машин и пр.; создавать какие-либо произведения живописи, литературы, музыки и т. п.	to build, construct, produce, or originate
B31	NOUN	750	дело	business	работа, занятие, действие	a person's occupation, work, or trade
B31	NOUN	751	подряд	contract; job contract	соглашение о выполнении определённых работ за вознаграждение	an agreement to perform specified work for payment
B31	NOUN	752	ноша	load; burden (carried)	тяжёлый предмет или ноша, которую несут	a heavy object or burden that is carried
B31	VERB	753	тереть	to rub	воздействовать на поверхность трением, очищая, обрабатывая или вызывая раздражение	to act on a surface by friction, cleaning, processing, or causing irritation
B31	VERB	754	прибирать (в квартире)	to tidy up; to clean (a room)	наводить порядок, убирать в помещении	to put in order; to clean a room or dwelling
B31	VERB	755	вить, свивать	to twist	соединять, скручивая, сплетая в одну нить, вместе	to turn the ends of something, usually thread, rope etc., in opposite directions, often using force
B31	VERB	756	сучить (пряжу)	to twist (yarn); to spin	скручивать волокно в нить; сучить пряжу	to twist fibres into thread; to spin yarn
B31	VERB	757	облить	to pour over; to spill over	обливать чем-либо жидким; проливать на что-либо	to pour a liquid over something; to spill onto something
B31	VERB	758	связывать	to tie; to bind	соединять, скрепляя верёвкой или нитью	to fasten or join by tying with rope or thread
B31	VERB	759	отломить, отколоть	to break off; to chip off	отламывать или откалывать часть	to detach a piece by breaking or chipping
B31	NOUN	760	узел	knot	место перекрещивания и завязывания верёвки или нити	the point where a rope or thread is fastened by tying
B31	NOUN	1436	помощник	helper, aide	человек, оказывающий помощь, поддержку в работе, деятельности	a person providing help or support in work or activity
B321	NOUN	761	подсека	slash-and-burn plot; podséka	участок леса, срубленный и выжженный для подготовки под пашню	a forest plot that has been felled and burned to prepare it for cultivation
B321	VERB	762	палить подсеку	to burn the slash-and-burn plot	поджигать поваленные деревья на подсеке для расчистки	to set fire to the felled trees on a slash-and-burn plot
B321	VERB	763	расчищать, раскорчевывать (под пашню, луг)	to clear; to grub up (for a field or meadow)	расчищать землю от деревьев и пней для пашни или луга	to clear land of trees and stumps for a field or meadow
B321	NOUN	764	пожог, выженное место	burnt clearing; burn site	участок, оставшийся после выжигания подсеки	a cleared area remaining after burning a slash-and-burn plot
B321	NOUN	765	груда (камней)	heap	большое количество каких-либо предметов, сложенных, нагромождённых в беспорядке один на другой	a pile or mass; a collection of things laid in a body, or thrown together so as to form an elevation
B321	NOUN	766	поле	field	открытый участок земли, используемый для земледелия	an open area of land used for agriculture
B321	NOUN	767	почва	soil	верхний плодородный слой земли, в котором растут растения	the upper fertile layer of earth in which plants grow
B321	ADJ	768	твердый	hard; firm	сопротивляющийся давлению или деформации; прочный	resistant to pressure or deformation; firm
B321	VERB	769	набухать	to swell; to expand	увеличиваться в объёме от влаги или тепла	to increase in volume by absorbing moisture or heat
B321	VERB	770	обрабатывать (землю)	to till; to cultivate (land)	возделывать почву для посева; пахать, бороновать, рыхлить, готовить землю к выращиванию растений	to prepare soil for sowing; to plow, harrow, or loosen earth to make it ready for growing plants
B321	NOUN	771	полоса (земли)	strip (of land)	узкий длинный участок земли	a long narrow area of land
B321	NOUN	772	пар (в севообороте)	fallow (in crop rotation)	поле, оставленное незасеянным для восстановления плодородия	a field left unsown for a season to restore its fertility
B321	NOUN	773	подсека заросшая	overgrown slash-and-burn plot	бывшая подсека, поросшая молодым лесом или кустарником	a former slash-and-burn plot that has become overgrown with young trees or scrub
B321	NOUN	774	навоз	manure; dung	удобрение из экскрементов сельскохозяйственных животных, смешанных с подстилкой (соломой, опилками); используется для повышения плодородия почвы, улучшения её структуры и питания растений	organic fertilizer made from the excrement of farm animals mixed with bedding (straw, sawdust); used to increase soil fertility, improve its structure, and nourish plants
B321	NOUN	775	навозная куча	manure heap; dunghill	скопление навоза, сложенное в одном месте для хранения, перегнивания и последующего использования как удобрения; место сбора органического удобрения на дворе, в хозяйстве	 an accumulation of manure gathered in one place for storage, decomposition, and later use as fertilizer; a collection point for organic fertilizer in a farmyard or household
B321	VERB	776	копать	to dig	извлекать землю, грунт лопатой или другим орудием; делать углубление, яму, траншею; обрабатывать почву путём перекапывания	to remove earth, soil with a shovel or other tool; to make a depression, hole, or trench; to cultivate soil by turning it over
B321	NOUN	777	мотыга	hoe; mattock	сельскохозяйственное орудие с широким лезвием для рыхления почвы и прополки	an agricultural tool with a broad blade for loosening soil and weeding
B321	NOUN	778	соха	sokha (wooden plough)	традиционное деревянное пахотное орудие с раздвоенным рабочим концом	a traditional wooden plough with a forked working end
B321	NOUN	779	борона	harrow	сельскохозяйственное орудие для обработки почвы, состоящее из тяжелой конструкции, имеющей несколько дисков или зубьев в ряд, которую таскают по вспаханной земле для выравнивания или рыхления почвы, удаления сорняков или прикрытия семян	a device consisting of a heavy framework having several disks or teeth in a row, which is dragged across ploughed land to smooth or break up the soil, to remove weeds or cover seeds; a harrow plow.
B321	NOUN	780	изгородь	fence; enclosure	ограждение из жердей, досок или прутьев	a barrier made of poles, boards or wattles
B321	NOUN	781	кол	stake; pole	заострённый кол, вбиваемый в землю	a pointed stick or pole driven into the ground
B321	VERB	782	сеять	to sow	рассыпать семена по почве для выращивания	to scatter seeds on or in the soil for growing
B321	NOUN	783	всходы	young growth	ростки хлебных злаков, показавшиеся из земли	cereal sprouts emerging from the ground
B321	NOUN	784	росток	sprout; seedling	молодой побег, только что проросший из семени	a young shoot that has just germinated from a seed
B321	NOUN	785	отросток, побег	shoot; offshoot	новый вырост или боковой побег растения	a new growth or lateral shoot of a plant
B321	VERB	786	полоть	to weed	удалять сорные растения с поля или огорода	to remove unwanted plants from a field or garden
B321	ADJ	787	спелый, зрелый	ripe; mature	достигший полной зрелости (о злаках, плодах)	having reached full maturity (of grain crops or fruit)
B321	NOUN	788	полеглость	lodging; crop lodging	полегание злаков под действием ветра, дождя или собственного веса	the flattening of cereal crops by wind, rain, or their own weight
B321	NOUN	789	лемех	ploughshare; lemech	металлическое лезвие плуга, разрезающее почву	the metal blade of a plough that cuts through the soil
B321	VERB	790	пахать	to plough	рыхлить и переворачивать почву плугом	to break up and turn over soil using a plough
B321	NOUN	791	борозда	furrow	длинная канавка на поверхности почвы, проведённая сохой или плугом, для посадки в неё растений	a trench cut in the soil, as when plowed in order to plant a crop
B321	NOUN	1437	жердь	pole	длинный шест из тонкого ствола дерева	Originally, a stick; now specifically, a long and slender piece of metal or (especially) wood, used for various construction or support purposes.
B322	VERB	792	жать	to reap	среза́ть под корень (стебли хлебных растений), убирать урожай зерновых 	To gather (e.g. a harvest) by cutting.
B322	NOUN	793	серп	sickle	ручное сельскохозяйственное орудие с изогнутым лезвием для жатвы	a hand tool with a curved blade used for reaping grain
B322	NOUN	794	сноп	sheaf	связка срезанных злаков, перевязанная вместе	a bundle of cut cereal stalks bound together
B322	NOUN	795	перевясло	straw band; sheaf binder	жгут из соломы или ржаной соломки для перевязки снопа	a band of twisted straw used to bind a sheaf
B322	NOUN	796	суслон, бабка	stook; shook (of sheaves)	несколько снопов, поставленных вертикально вместе для просушки	a group of sheaves set up in the field to dry
B322	NOUN	797	зарод	hay stack; zarod (oblong stack)	продолговатый стог сена или соломы	an elongated stack of hay or straw
B322	NOUN	798	стерня	stubble	остатки стеблей злаков на поле после жатвы	the short stalks of cereal crops remaining in a field after harvesting
B322	NOUN	799	яровые злаки	spring cereals	зерновые культуры, высеваемые весной и убираемые осенью того же года	cereal crops sown in spring and harvested in autumn of the same year
B323	NOUN	800	рига	riga (threshing barn)	строение для сушки и обмолота зерна, традиционное для Карелии и всего Севера	a building for drying and threshing grain, traditional in Karelia and the Russian North
B323	VERB	801	насаживать снопы (в ригу)	to stack sheaves (in the riga)	устанавливать снопы в риге для сушки	to set up sheaves in the riga for drying
B323	VERB	802	молотить	to thresh	отделять зерно от колосьев ударами цепа или молотильной машины	to separate grain from the ears by beating with a flail or threshing machine
B323	NOUN	803	зерно	grain; kernel	зерно злакового растения	the seed of a cereal plant
B323	VERB	804	веять	to winnow	отделять, очищать зерно от мякины и сора на естественном ветре или при помощи веялки	to subject (granular material, especially food grain) to a current of air separating heavier and lighter components, as grain from chaff
B323	NOUN	805	солома	straw	высохшие стебли злаков, остающиеся после обмолота	the dried stalks of cereal plants remaining after threshing
B323	NOUN	806	пучок, связка (соломы)	bundle; bunch (of straw)	связанная или перевязанная охапка соломы	a tied or bound bunch of straw
B323	NOUN	807	полова, мякина	chaff; winnowings	лёгкие шелушинки и оболочки зерна, отделяемые при молотьбе	the light husks and outer coverings of grain separated during threshing
B324	NOUN	808	коса	scythe	сельскохозяйственное орудие с длинным изогнутым лезвием для кошения травы или злаков	an agricultural tool with a long curved blade for cutting grass or grain
B324	VERB	809	косить	to mow; to scythe	срезать траву, злаки специальным инструментом (косой) или машиной	to cut grass or grain with a special tool (scythe) or machine
B324	NOUN	810	сено	hay	срезанная и высушенная трава, используемая как корм для скота	cut and dried grass used as animal fodder
B324	NOUN	811	луг, лужайка	meadow; lawn	открытый участок с травяным покровом	an open area covered with grass
B324	VERB	812	точить на точильном камне	to sharpen on a whetstone	заострять лезвие инструмента или оружия, проводя им по абразивной поверхности точильного камня; восстанавливать режущую кромку путём трения о твёрдый мелкозернистый материал	to hone the edge of a tool or weapon by rubbing it against an abrasive stone surface; to restore a cutting edge through friction with a hard fine-grained material
B324	VERB	813	точить бруском	to sharpen with a honing stick	заострять режущую кромку ножа, косы или другого инструмента, проводя им по специальному абразивному бруску; восстанавливать остроту путём трения о твёрдый мелкозернистый материал	to hone the cutting edge of a knife, scythe, or other tool by drawing it across a specially shaped abrasive stone; to restore sharpness through friction with a hard fine-grained bar
B324	NOUN	814	грабли	rake	садово-огородный инструмент, колодка с зубьями, насаженная на длинную рукоятку	a garden tool with a row of pointed teeth fixed to a long handle, used for collecting debris, grass, etc., for flattening the ground, or for loosening soil
B324	NOUN	815	зуб (граблей)	tooth (of a rake)	один из выступов, прутьев или зубцов рабочей части граблей; служит для захвата, сгребания сена, листьев, почвы; металлический или деревянный элемент сельскохозяйственного орудия	one of the projections, rods, or tines on the working part of a rake; used for gathering, raking hay, leaves, or soil; a metal or wooden element of a farming tool
B324	NOUN	816	валок (сена)	windrow (of hay)	ряд срезанного (скошенного) сена или мелкой зерновой культуры	a long line of raked hay or sheaves of grain laid out to dry in the wind
B324	NOUN	817	куча	pile; heap	небольшое скошение сена, сгрёбленное в одно место на поле или лугу перед окончательной укладкой в стог или погрузкой на транспорт; временная форма хранения скошенной травы в процессе заготовки кормов	a small accumulation of raked hay gathered in one place in a field or meadow before final stacking into a haystack or loading onto transport; a temporary form of storing cut grass during fodder harvesting
B324	NOUN	818	копна (сена)	hay cock	небольшая куча сена, сгрёбленная вместе на поле; временное скопление сена перед укладкой в стог	a small pile of hay raked together in a field; a temporary accumulation of hay before stacking
B324	VERB	819	разбрасывать, расстилать (копны сена)	to spread out (hay); to scatter hay	распределять сено по полю для просушки; разлагать копны или стога для проветривания	to distribute hay across a field for drying; to break up piles or stacks for airing
B324	NOUN	820	носилки для подноски сена	hay-litter; hay-carrying frame	приспособление для переноски сена; два шеста с перекладиной или сеткой между ними, которые несут два человека	a device for carrying hay; two poles with a crossbar or net between them, carried by two people
B324	NOUN	821	прясло	hay-drying rack; praslo	 перекладина или забор из жердей для сушки сена	a rack or pole fence for drying hay
B324	NOUN	822	стог	haystack	большая укладка сена, соломы в виде продолговатого или круглого скирда на поле; способ хранения кормов под открытым небом	a large pile of hay or straw arranged in an elongated or round shape in a field; a method of storing fodder outdoors
B324	NOUN	823	стожар	haystack pole; stojar	центральный кол в стогу, вокруг которого укладывается сено	the central pole of a haystack, around which hay is stacked
B331	NOUN	824	двор для скота	barnyard	часть крестьянского двора, предназначенная для содержания сельскохозяйственных животных	part of a peasant yard intended for keeping farm animals
B331	NOUN	825	хлев	cowshed; byre	хозяйственное строение для содержания скота	a farm building for housing livestock
B331	VERB	826	привязать	to tie up; to tether	прикрепить верёвкой, ремнём к чему-либо; закрепить животное	to attach with a rope, strap to something; to secure an animal
B331	NOUN	827	скот	livestock; cattle	домашние животные, содержащиеся на ферме	domestic animals kept on a farm
B331	VERB	828	кормить	to feed (animals)	давать корм животным	to give food to animals
B331	NOUN	829	ясли	manger; feeding trough	кормушка для скота, лошадей; корыто или ящик для корма в хлеву, конюшне	a feeding trough for cattle, horses; a box or trough for fodder in a barn or stable
B331	NOUN	830	лошадь	horse	домашнее непарнокопытное животное семейства лошадиных; используется для верховой езды, перевозки грузов, сельскохозяйственных работ	a domestic odd-toed ungulate of the family Equidae; used for riding, transporting goods, agricultural work
B331	NOUN	831	жеребец	stallion	взрослый некастрированный самец лошади; используется для размножения или работы	an adult uncastrated male horse; used for breeding or work
B331	NOUN	832	самец	male; masculine	особь мужского пола у животных, способная к оплодотворению; биологический пол	an individual of male sex in animals, capable of fertilization; biological sex
B331	NOUN	833	грива (лошади)	mane	длинная шерсть, растущая на голове, загривке и шее некоторых животных	longer hair growth on back of neck of an animal, especially a horse or lion
B331	NOUN	834	мерин	gelding	кастрированный жеребец; лошадь мужского пола, лишённая способности к размножению	 a castrated stallion; a male horse incapable of reproduction
B331	NOUN	835	кобыла	mare	взрослая лошадь женского пола; самка лошади	an adult female horse; a female equine
B331	NOUN	836	жеребенок	colt	детёныш лошади	A young male horse.
B331	NOUN	837	сбруя, упряжь	harness; tackle	совокупность предметов для запряжки лошади; ремни, хомут, уздечка, вожжи для управления и перевозки	a set of equipment for harnessing a horse; straps, collar, bridle, reins for control and transport
B331	NOUN	838	узда	bridle	снасть для управления лошадью; ремни с удилами, надеваемые на голову животного	equipment for controlling a horse; straps with a bit placed on the animal's hea
B331	NOUN	839	седло	saddle	сиденье для всадника, закрепляемое на спине лошади	a seat for a rider, fixed on the back of a horse
B331	NOUN	840	удила	bit (of a bridle)	металлический стержень, вкладываемый в рот лошади для управления	a metal bar placed in a horse's mouth for control
B331	NOUN	841	хомут	horse collar	часть упряжи в виде овального ошейника; надевается на шею лошади для тяги повозки, плуга	a part of harness in the form of an oval neckpiece; placed on a horse's neck for pulling a cart or plow
B331	NOUN	842	дуга (упряжь)	shaft bow	деревянная часть упряжи, соединяющая оглобли с хомутом и имеющая изогнутую форму	an element of horse harness that is attached to the front of the shafts of a horse-drawn vehicle and joins them by arching high above the neck of the horse
B331	NOUN	843	вожжи	rein	часть упряжи, состоящая из длинного ремня (или толстой тесьмы, верёвки), прикреплённого к удилам, и служащая для того, чтобы править запряжённой лошадью	a long, narrow strap attached at one end to a horse's bit, typically used in pairs to guide or check a horse while riding or driving
B331	NOUN	844	гуж	tug	кожаная или верёвочная петля у хомута, служащая для скрепления оглобель с дугой; в гужи закладываются концы оглобель и через них передаётся тяговое усилие от лошади к повозке	a leather or rope loop at the clamp, which serves to fasten the shaft to the arc; the ends of the shafts are placed in the tugs and through them the traction force is transmitted from the horse to the cart
B331	NOUN	845	супонь	supon (collar strap)	ремень для стягивания двух частей хомута на шее лошади	a strap for tightening the two halves of a horse collar
B331	VERB	846	ржать	to neigh; to whinny	издавать характерные звуки лошадью; кричать, фыркать по-лошадиному	to produce characteristic sounds as a horse; to cry, to snort like a horse
B331	NOUN	847	корова	cow	домашнее парнокопытное животное (Bos taurus), которое разводят ради молока и мяса	a domesticated even-toed ungulate (Bos taurus) raised for milk and meat
B331	NOUN	848	рог	horn	твёрдый костный вырост на голове некоторых животных (коров, овец, коз)	a hard bony projection on the head of certain animals (cattle, sheep, goats); also — an object made from this material
B331	ADJ	849	комолый	hornless	о животных, обыкновенно имеющих рога: безрогий, имеющий вместо рогов только комли рогов, роговые наросты	without horns
B331	ADJ	850	яловый	barren; yeld (of a cow)	не дающий потомства; о корове — не стельная, не оплодотворённая; бесплодный	not producing offspring; of a cow — not pregnant, not fertilized; infertile
B331	NOUN	851	бык	bull	животное рода полорогих парнокопытных, включающего в себя дикий и одомашненный рогатый скот; самец коровы	an adult male of domesticated cattle or oxen
B331	VERB	852	кастрировать	to castrate; to geld	удалять половые железы животным; лишать способности к размножению (жеребцов, быков, баранов)	to remove the gonads of animals; to deprive of reproductive ability (stallions, bulls, rams)
B331	ADJ	853	беременный (о животных)	pregnant (animal)	о самке животного, вынашивающей детёныша	about a female animal carrying developing offspring in her body
B331	NOUN	854	нетель	heifer	молодая корова, ещё не телёвшаяся или ожидающая первого отёла; первотёлка	a young female cow that has not yet calved or is expecting her first calf; a first-calf cow
B331	NOUN	855	вымя	udder	у самок млекопитающих животных — о́рган, выделяющий молоко; молочная железа с соска́ми	an organ formed of the mammary glands of female quadruped mammals, particularly ruminants such as cattle, goats, sheep and deer
B331	VERB	856	мычать	to moo; to low	издавать протяжный низкий звук (о корове или быке)	to make the characteristic deep, prolonged sound of a cow or bull
B331	VERB	857	жевать жвачку	chewing	Пережёвывать возвращаемой из желудка растительной пищи во вторичном процессе пищеварения, характерном для жвачных животных.  	Chewing plant food returned from the stomach in a secondary digestive process characteristic of ruminants.
B331	NOUN	858	копыто	hoof	твёрдый роговой наконечник на ноге копытного животного	the hard horny covering protecting the foot of ungulate animals such as cattle, horses, and sheep
B331	NOUN	859	хвост	tail	удлинённый придаток на конце туловища животного	the hindmost part of an animal, extending beyond the trunk
B331	NOUN	860	баран	ram	жвачное парнокопытное млекопитающее семейства полорогих с длинной вьющейся шерстью и изогнутыми рогами	A male sheep, typically uncastrated.
B331	NOUN	861	овца	sheep	небольшое домашнее жвачное животное семейства полорогих, дающее шерсть, мясо, молоко	a woolly ruminant of the genus Ovis
B331	NOUN	862	овечья шкура	sheepskin	снятая кожа овцы с шерстью; используется для изготовления одежды, обуви, попон	the removed skin of a sheep with wool; used for making clothing, footwear, blankets
B331	NOUN	863	шкура	hide; skin	кожа животного с мехом или без; снятый покров тела, используемый для выделки, изготовления изделий	 the skin of an animal with or without fur; the removed body covering used for tanning, making products
B331	NOUN	864	ягненок	lamb	детёныш овцы в первый год жизни	a young sheep in its first year
B331	NOUN	865	ярка	ewe lamb; young ewe	молодая самка овцы, не достигшая возраста первого ягнения	a young female sheep that has not yet lambed
B331	NOUN	866	овца (самка)	ewe	взрослая самка овцы	an adult female sheep
B331	VERB	867	бодать	to butt	бить, колоть рогами	to strike bluntly, particularly with the head
B331	NOUN	868	шерсть	wool	волосяной покров овцы и некоторых других животных, используемый для изготовления ткани	the soft curly or wavy hair forming the fleece of a sheep or similar animal, used for making textiles
B331	VERB	869	стричь (овец)	to shear (sheep)	срезать шерстяной покров с тела овцы	to cut the wool from a sheep using shears
B331	NOUN	870	свинья	pig	домашнее всеядное животное, разводимое ради мяса и сала	a domesticated omnivorous mammal kept for its meat (pork) and fat
B331	NOUN	871	поросенок	piglet	детёныш свиньи; молодая свинья до нескольких месяцев	a young offspring of a pig; a pig up to several months old
B331	NOUN	1449	самка	female	особь женского пола у животных, способная к вынашиванию потомства; биологический пол	an individual of female sex in animals, capable of bearing offspring; biological sex
B332	VERB	872	курятник	henhouse; chicken coop	помещение для содержания кур; сарай, постройка с гнёздами, насестами, кормушками	a building for keeping chickens; a shed with nests, perches, feeders
B332	NOUN	873	петух	rooster; cock	взрослый самец домашней курицы; имеет яркое оперение, гребень, шпоры; издаёт крик «кукареку»	an adult male domestic chicken; has bright plumage, a comb, spurs; makes the "cock-a-doodle-doo" call
B332	VERB	874	петь (о петухе)	to crow	издавать характерный крик петухом; кукарекать	to produce the characteristic call of a rooster; to make the "cock-a-doodle-doo" sound
B332	NOUN	875	курица	hen; chicken	домашняя птица семейства фазановых; самка, несёт яйца, разводится для мяса и яиц	a domestic bird of the family Phasianidae; a female that lays eggs, raised for meat and eggs
B332	VERB	876	нестись, класть яйца (о птицах)	to lay eggs; to oviposit (of birds)	откладывать яйца; о курицах, утках — производить яйца для размножения или потребления	to deposit eggs; of chickens, ducks — to produce eggs for reproduction or consumption
B332	NOUN	878	зоб	crop; craw	расширение пищевода у птиц, где временно хранится корм перед перевариванием	a pouch-like enlargement of the oesophagus in birds, where food is stored and softened before digestion
B332	NOUN	879	яйцо	egg	округлое тело, покрытое скорлупой, откладываемое птицами и содержащее зародыш	a hard-shelled oval object laid by a female bird, containing a developing embryo
B333	NOUN	880	молоко	milk	белая жидкость, вырабатываемая молочными железами млекопитающих самок для кормления детёнышей	a white liquid produced by the mammary glands of female mammals for feeding their young; used as food and drink by humans
B333	VERB	881	цедить (молоко)	to strain (milk)	пропускать молоко через ткань или сито для очистки от примесей	to pass milk through a strainer or cloth to remove impurities
B333	ADJ	882	свежий	fresh	недавно полученный, не испорченный; не старый, не залежавшийся	recently obtained, not spoiled; not old, not stale
B333	NOUN	883	запеченное молозиво	baked colostrum; baked beestings	блюдо из молозива (первого молока после отёла), запечённого в печи; традиционное северное лакомство	a dish made from colostrum (first milk after calving), baked in an oven; a traditional northern delicacy
B333	NOUN	884	сметана	sour cream; smetana	кисломолочный продукт из сквашенных сливок; густая белая масса, используется в кулинарии	a fermented dairy product made from cultured cream; a thick white mass used in cooking
B333	VERB	885	сбивать (масло)	to churn (butter)	взбивать сливки или сметану для получения масла; разделять жировую и жидкую фракции	to beat cream or sour cream to produce butter; to separate fat and liquid fractions
B333	NOUN	886	масло	butter	жировой продукт, получаемый сбиванием сливок	a solid dairy product made by churning fresh or fermented cream
B333	VERB	887	растопить (масло)	to melt (butter); to clarify (butter)	нагревать масло до жидкого состояния	to heat butter until it becomes liquid
B333	NOUN	888	творог	cottage cheese; curd	кисломолочный продукт, получаемый сквашиванием молока с последующим удалением сыворотки	a soft, fresh dairy product made by curdling milk and draining off the whey; similar to cottage cheese or quark
B333	NOUN	889	сыворотка	whey	жидкость, остающаяся после отделения творога или сыра от молока	the watery liquid that remains after milk has been curdled and the curd (cheese or cottage cheese) removed
B334	NOUN	890	пастбище	pasture	участок луга или поля, где пасут скот	a field or area of land covered with grass, used for grazing livestock
B334	NOUN	891	пастух	shepherd; herdsman	человек, пасущий скот или овец; работник, сопровождающий стадо на пастбище	a person who herds and tends livestock, especially sheep or cattle
B334	NOUN	892	пастуший рожок	shepherd's horn; pastoral horn; herding horn	духовой инструмент из рога или дерева, используемый пастухами для подачи сигналов стаду	a wind instrument made of horn or wood, used by shepherds to signal to the herd
B334	NOUN	893	плеть	whip; lash	гибкий кожаный или плетёный прут, используемый для управления животными	a flexible whip or lash made of leather or plaited cord, used to drive animals
B34	NOUN	894	картофель	potato	клубненосное растение Solanum tuberosum и его съедобные крахмалистые клубни	the starchy edible tubers of the plant Solanum tuberosum, widely cultivated as a vegetable
B34	NOUN	895	ботва	leaves of root vegetables	листья и стебли корнеплодов (свёклы, репы, моркови и т. п.) и картофеля	
B34	NOUN	896	пчела	bee	общественное жалящее насекомое, собирающее нектар и производящее мёд	a social, stinging insect that collects nectar from flowers and produces honey; especially the honeybee (Apis mellifera)
B34	NOUN	897	мед	honey	сладкое густое вещество, вырабатываемое пчёлами из цветочного нектара	a sweet, viscous food substance produced by bees from flower nectar
B34	NOUN	898	воск	wax	пластичная масса жёлтого или белого цвета, производимая пчёлами для постройки сот	any oily, water-resistant, solid or semisolid substance; normally long-chain hydrocarbons, alcohols or esters
B34	NOUN	899	семя	seed	орган размножения растений; зачаток нового растения, покрытый оболочкой	a reproductive organ of plants; an embryo of a new plant covered by a coa
B34	NOUN	900	рассада	seedling; transplant	молодые растения, выращенные из семян для последующей пересадки на постоянное место	young plants grown from seed in a nursery or seedbed for transplanting to a permanent growing place
B34	NOUN	901	лён	flax; linen	однолетнее растение Linum usitatissimum, возделываемое ради волокна и семян	the annual plant Linum usitatissimum, cultivated for its fibres (used to make linen) and its seeds (linseed)
B34	VERB	902	трепать (лен)	to scutch (flax); to process (flax)	обрабатывать волокна льна, очищая их от костры ударными движениями	to process flax fibers by removing woody parts through beating motions
B34	NOUN	903	конопля	hemp	однолетнее растение Cannabis sativa, возделываемое ради волокна, семян и масла	the plant Cannabis sativa, cultivated for its tough fibres, seeds, and oil
B34	VERB	904	мочить	to ret; to soak	замачивать лён или коноплю в воде для отделения волокна от стеблей	to soak flax or hemp in water in order to soften it and separate the fibres from the woody core (retting)
B34	NOUN	905	лыко	bast; linden bark	луб, волокнистая часть коры молодых деревьев (особенно липы), используемая для плетения	the fibrous inner bark of young lime (linden) or other trees, used for weaving bast shoes and other items
B34	NOUN	906	чесалки для шерсти	wool cards; carding combs	ручные инструменты с металлическими зубьями для расчёсывания и выравнивания шерстяных волокон	hand tools fitted with metal teeth (wire), used to comb and align wool fibres before spinning
B34	NOUN	907	смола перегнанная	tar; distilled tar	густая тёмная жидкость, получаемая перегонкой древесины (особенно сосны или берёзы)	a dark, thick liquid obtained by the destructive distillation of wood (especially pine or birch); wood tar
B34	VERB	908	дубить	to tan (leather)	подвергать обработке кожу, шкуру в процессе вымачивания в специальных растворах	to change an animal hide into leather by soaking it in tannic acid
B351	NOUN	909	молоток	hammer	ручной инструмент с металлической головкой на рукоятке для забивания гвоздей и ударных работ	a hand tool with a heavy metal head on a handle, used for driving nails, breaking objects, or striking blows
B351	NOUN	910	гвоздь	nail (fastener)	крепёжное изделие в виде металлического стержня, заострённого с одного конца и, как правило, с плоским утолщением (шляпкой) на втором, тупом конце	a spike-shaped metal fastener used for joining wood or similar materials. The nail is generally driven through two or more layers of material by means of impacts from a hammer or other device. It is then held in place by friction
B351	NOUN	911	клин (деревянный)	wooden wedge	клинообразный кусок дерева для раскалывания брёвен или фиксации деталей	a piece of wood with a tapered edge, used for splitting logs or securing parts together
B351	NOUN	912	веретено	spindle	ручное прядильное орудие в виде длинной, тонкой палочки с заострёнными концами и утолщением посредине	A rod used for spinning and then winding natural fibres (especially wool), usually consisting of a shaft and a circular whorl positioned at either the upper or lower end of the shaft when suspended vertically from the forming thread
B351	NOUN	913	точило	whetstone; grindstone	абразивный инструмент (камень или вращающийся диск) для заточки лезвий	an abrasive stone or rotating disc used for sharpening bladed tools
B351	NOUN	914	долото	chisel	плотницкий или столярный ручной инструмент, предназначенный для выдалбливания отверстий, гнёзд, пазов и т. п.	a cutting tool used to remove parts of stone, wood or metal by pushing or pounding the back when the sharp edge is against the material. It consists of a slim, oblong block of metal with a sharp wedge or bevel formed on one end and sometimes a handle at t
B351	NOUN	915	подмостки для вытаскивания лодки на берег	boat-hauling skids; boat rollers	деревянные подкладки или катки, по которым лодку вытаскивают на берег	wooden skids or rollers on which a boat is hauled up onto the shore
B351	NOUN	916	топор	axe	рубящий инструмент с металлическим лезвием и деревянным топорищем	a chopping tool with a metal head and a wooden handle, used for felling trees and splitting wood
B351	NOUN	917	пятка топора	butt of the axe; axe heel	тупой нижний выступ топора, противоположный лезвию	the blunt lower projection of an axe head, opposite the cutting edge
B351	NOUN	918	обух топора	poll of the axe; axe butt	тупая часть топорной головки, противоположная лезвию	the flat, blunt end of an axe head, opposite to the cutting edge; used for hammering
B351	NOUN	919	вилы	pitchfork	сельскохозяйственное орудие в виде нескольких острозаточенных прутьев, соединённых поперечным стержнем, прикреплённым к ручке	An agricultural tool comprising a fork with sparse, light tines, attached to a long handle, used for pitching hay (especially loose hay) high up onto a stack (as on a wagon or haystack, or into a haymow).
B351	NOUN	920	острие	point; tip; edge	заострённый конец или режущая кромка инструмента или оружия	the sharp tip or cutting edge of a tool, weapon, or other implement
B351	ADJ	921	острый	sharp	имеющий тонкое режущее лезвие или острый конец	having a thin cutting edge or a fine point; able to cut easily
B351	NOUN	922	нож	knife	режущий инструмент с лезвием и рукояткой	a cutting instrument with a blade and a handle
B351	NOUN	923	ножны	sheath; scabbard	чехол из кожи или другого материала для хранения ножа или меча	a close-fitting cover for the blade of a knife or sword, usually made of leather
B351	NOUN	924	брусок	bar	продолговатый предмет, обычно имеющий прямоугольное поперечное сечение с резкими либо скруглёнными продольными и поперечными гранями	a solid, more or less rigid object of metal or wood with a uniform cross-section smaller than its length
B351	NOUN	925	сверло	drill; auger; bit	вращающийся инструмент для сверления отверстий в дереве, металле или другом материале	a rotating tool with a sharp cutting edge, used for boring holes in wood, metal, or other materials
B351	NOUN	926	портной	tailor	мастер, шьющий одежду, преимущественно верхнюю и мужскую	a person whose occupation is making fitted clothing such as suits and coats
B351	NOUN	927	прялка	spinning wheel; distaff	устройство для ручного прядения волокон в нить	a device used for spinning fibres (wool, flax) into yarn or thread
B351	NOUN	928	метла	broom; besom	связка прутьев, прикреплённая к рукоятке, для подметания	a brush of twigs or bristles attached to a long handle, used for sweeping
B351	NOUN	929	лопата	spade; shovel	орудие труда с плоским широким лотком на рукояти для рытья и переброски рыхлых материалов	a tool with a broad flat blade and a long handle, used for digging or moving loose material such as soil
B351	NOUN	930	пешня	ice pick; ice chisel	длинный заострённый инструмент для пробивания льда	a long-handled tool with a pointed metal tip, used for breaking or chipping ice
B352	NOUN	931	хлеб	bread	пищевой продукт, выпекаемый из муки с добавлением воды и закваски или дрожжей	a food made from flour mixed with water and baked; a staple food in many cultures
B352	ADJ	932	мягкий (о хлебе)	soft (of bread)	имеющий мягкую, нежёсткую текстуру (о свежевыпеченном хлебе)	having a soft, yielding texture; not hard or stale (said of freshly baked bread)
B352	NOUN	933	ломтик (хлеба)	slice (of bread)	тонкий плоский кусок, отрезанный от буханки хлеба	a thin, flat piece cut from a loaf of bread
B352	NOUN	934	кусок (хлеба)	piece; chunk (of bread)	отломленный или отрезанный фрагмент хлеба	a portion of bread broken or cut off from a larger piece
B352	NOUN	935	крошка (хлеба)	breadcrumb; crumb	мелкий фрагмент, осыпающийся при резании или разламывании хлеба	a small fragment of bread that breaks off when cutting or eating
B352	NOUN	936	краюха (хлеба)	heel of bread; crust end	крайний кусок буханки с твёрдой корочкой	the end piece of a loaf of bread, with a thick hard crust
B352	NOUN	937	каравай (круглый хлеб)	round loaf; karavai	большой круглый хлеб, традиционно выпекаемый в русской и карельской кухне	a large round loaf of bread, traditionally baked in Russian and Karelian cuisine
B352	VERB	938	молоть	to grind; to mill	измельчать зерно между жерновами для получения муки	to crush or grind grain between millstones to produce flour
B352	NOUN	939	мука	flour	порошкообразный продукт помола зерна, использующийся для выпечки	a powder obtained by grinding grain (especially wheat or rye), used for baking bread and other foods
B352	NOUN	941	высевки	bran	разломанная оболочка семян пшеницы, ржи или других зерновых культур, отделенная от муки или шрота путем просеивания или просеивания; грубая, пленчатая часть молотого зерна	the broken coat of the seed of wheat, rye, or other cereal grain, separated from the flour or meal by sifting or bolting; the coarse, chaffy part of ground grain.
B352	NOUN	942	закваска (для теста)	sourdough starter; leaven	вещество (дрожжи или кисломолочные бактерии), добавляемое в тесто для его подъёма	a substance, such as sourdough culture or yeast, added to dough to make it rise during baking
B352	NOUN	943	дрожжи	yeast	микроскопические одноклеточные грибки, вызывающие брожение	an often humid, yellowish froth produced by fermenting malt worts, and used to brew beer, leaven bread, and also used in certain medicines
B352	NOUN	944	тесто	dough	смесь муки с водой (и другими ингредиентами), приготовленная для выпечки	a thick mixture of flour and water (and other ingredients) prepared for baking
B352	NOUN	945	помело	oven brush; oven mop; pomelo broom	пучок ветвей или тряпки на длинной рукоятке для очистки пода печи от золы перед выпечкой	a long-handled brush or mop of branches or cloth, used to sweep the floor of a bread oven before baking
B352	VERB	946	печь, испечь	to bake	готовить хлеб или тесто, подвергая его воздействию жара в печи	to cook bread or dough by exposing it to dry heat in an oven
B352	VERB	947	резать	to cut; to slice	разделять на части острым инструментом	to divide something into parts using a knife or other sharp tool
B353	NOUN	948	ружье	gun; rifle	огнестрельное оружие с длинным стволом для охоты	a firearm with a long barrel, used for hunting
B353	NOUN	949	лук (оружие)	bow (weapon)	упругое оружие из изогнутой планки с натянутой тетивой для метания стрел	a curved weapon made of a flexible material with a string stretched between its ends, used for shooting arrows
B353	NOUN	950	стрела	arrow	лёгкий снаряд с заострённым наконечником и оперением, выпускаемый из лука	a slender shaft with a sharp point at one end and feathers at the other, shot from a bow
B353	VERB	951	стрелять	to shoot	производить выстрел из огнестрельного или метательного оружия	to discharge a firearm or release an arrow; to fire a weapon
B353	VERB	952	попадать в цель	to hit the target	точным выстрелом или броском поражать намеченный объект	to strike the intended target with a shot or thrown object
B353	NOUN	953	лабаз	cache platform; hunting platform	охотничий помост на дереве или сваях для хранения припасов или засидки на зверя	a raised platform in a tree or on posts, used by hunters as a hide or for storing provisions out of reach of animals
B353	NOUN	954	силок (для птиц)	snare (for birds)	петля или ловушка из нити или проволоки для поимки птиц	a loop or trap made of wire or cord, used to catch birds
B353	NOUN	955	ловушка	trap	приспособление для поимки животных или птиц	a device or mechanism designed to catch and hold animals or birds
B353	NOUN	956	ток пернатой дичи	lekking ground; lek	место, где самцы токующих птиц (тетерева, глухаря) собираются для брачных игр	a traditional gathering place where male birds such as black grouse or capercaillie perform courtship displays
B353	NOUN	957	добыча	prey	то, что добыто охотой, промыслом и т. п.; предмет охоты, промысла и т. п.	an animal that is hunted and killed by another for food
B353	VERB	958	ловить, промышлять рыбу	to fish; to catch fish	заниматься рыбной ловлей, добывать рыбу различными способами	to catch fish as a livelihood or sport, using various methods such as nets, rods, or traps
B353	NOUN	959	крючок рыболовный	fishhook	маленький изогнутый металлический крючок с зазубриной для ловли рыбы	a small curved metal hook with a barb, used for catching fish
B353	NOUN	960	удилище	fishing rod	приспособление для ловли рыбы: гибкий стержень с леской и крючком	a device for catching fish: a flexible rod with line and hook
B353	NOUN	961	леска	fishing line	тонкая крепкая нить, привязываемая к удочке или сети для рыбной ловли	a thin strong cord attached to a fishing rod or net, to which the hook or bait is fastened
B353	VERB	962	лучить рыбу	to spear fish by torchlight; to fish by lamplight	ловить рыбу ночью с помощью остроги, освещая воду факелом или лучиной	to catch fish at night by spearing them, using a torch or fire to attract and illuminate them in the water
B353	NOUN	963	приспособление для огня при лучении рыбы	torch for spearfishing; fire holder for night fishing; fish-gig torch	устройство для поддержания огня при ночной ловле рыбы острогой	a device for maintaining fire during nighttime spearfishing
B353	NOUN	964	острога	fish spear; leister	орудие для колки рыбы — длинное древко с заострёнными зубьями на конце	a spear or trident-like tool with sharp prongs, used for spearing fish
B353	NOUN	965	сеть	(fishing) net	рыболовное орудие из переплетённых нитей с ячейками для ловли рыбы	a mesh of knotted cord or twine used for catching fish
B353	NOUN	966	игла, иглица для вязания сетей	netting needle; net needle	длинная плоская игла с прорезью, используемая для плетения и ремонта рыболовных сетей	a flat elongated needle with a notch, used for weaving and repairing fishing nets
B353	NOUN	967	планка для вязания сетей	net gauge; mesh gauge	деревянная или металлическая планка заданной ширины, используемая для равномерного формирования ячей при вязании сети	a flat strip of wood or metal of a fixed width, used as a gauge when weaving nets to ensure uniform mesh size
B353	NOUN	968	тетива сети	headrope; top rope of a net	верхний трос или шнур, к которому прикреплено верхнее полотно рыболовной сети	the top rope or cord to which the upper edge of a fishing net is attached
B353	NOUN	969	поплавок	float; cork float	лёгкий предмет (обычно из коры или пробки), удерживающий верхний край сети на поверхности воды	a light object (traditionally made of bark or cork) attached to the top of a net to keep it at the surface of the water
B353	NOUN	970	грузило (в сетях)	sinker	небольшой груз, подвешиваемый к лесе удочки или к сети для удержания их на глубине	a weight used in fishing to cause the line or net to sink
B353	VERB	971	красить (сети)	to dye (nets); to tan (nets)	обрабатывать рыболовные сети отваром коры или специальным составом для сохранности	to treat fishing nets with bark decoction or a preservative solution to strengthen and preserve them
B353	NOUN	972	вешало (для сетей, невода)	hanger (for nets)	столб или жерди с поперечными перекладинами для развешивания и сушки чего-либо	a pole or poles with crossbars for hanging and drying something
B353	NOUN	973	невод	seine; dragnet	большая промысловая сеть для облова значительного участка водоёма	a large fishing net with a bag-shaped middle section, dragged through the water to encircle fish; a seine
B353	NOUN	974	мотня невода	seine bag; cod end	мешкообразная центральная часть невода, где скапливается рыба	the bag-shaped central section of a seine net where the catch accumulates
B353	NOUN	975	горловина мережи	neck of Fyke net	первый, входной, обруч ставного невода (рыболовной снасти-ловушки, состоящей из сетки, натянутой на обручи) чаще всего имеет форму арки, на нижних концах которой закреплены небольшие грузы, для более устойчивого положения	the first hoop of Fyke net (a type of fish-trap consisting of tubular nets that are supported by hoops)
B353	NOUN	976	тоня (заводь)	fishing ground; landing place for nets	место на водоёме, удобное для закидывания сетей или неводов	a stretch of water or a spot on a shore used for setting nets or hauling a seine
B353	NOUN	977	мережа	fish trap; fyke net	плетёная конусообразная снасть из сетки, устанавливаемая в воде для ловли рыбы	a cone-shaped fish trap made of net or wicker, set in the water to catch fish; a fyke net
B353	NOUN	978	блесна	minnow	искусственная приманка для ловли рыбы в виде металлической пластины с одним или несколькими рыболовными крючками	an artificial bait in the form of a small fish
B353	VERB	979	ботать	to catch fish with a	ловить рыбу посредством ботало (длинной палки с дощечкой или конусообразным пустым внутри наконечником), которым ударяют по воде при ловле рыбы, пугая её и загоняя в сети	catch fish using a long stick with a plank or a cone-shaped tip empty inside, which is used to hit the water when catching fish, scaring it and driving it into the net
B353	VERB	980	вялить	to jerk	подсушивать на солнце, ветру или искусственным путём для сохранения впрок	to cure (meat or fish) by cutting into strips and drying
B353	NOUN	981	сушеная рыба, сущик	dried fish; sushik	рыба, высушенная на воздухе или в печи для длительного хранения	fish that has been dried in air or in an oven for long-term preservation; a traditional Karelian and Veps product
B353	NOUN	982	кость (рыбья)	fish bone	твёрдая часть скелета рыбы	any of the bones that form the skeleton of a fish
B353	VERB	983	убивать	to kill; to slaughter	лишать жизни животное	to cause the death of an animal; to slaughter
B353	VERB	984	сдирать шкуру (с животных)	to skin (animals); to flay	снимать шкуру с убитого животного	to remove the skin from a dead animal
B353	NOUN	985	мясо	meat; flesh	мягкие мышечные ткани тела животного, употребляемые в пищу	the flesh of an animal, especially a mammal, as food
B353	NOUN	986	кость	bone	твёрдая часть скелета животного	any of the hard parts forming the skeleton of a vertebrate animal
B353	NOUN	987	сало, жир	lard; fat; suet	животный жир, особенно свиной, используемый в кулинарии и для других целей	animal fat, especially from pigs (lard) or other animals, used in cooking and for other purposes
B353	NOUN	988	шкварки	cracklings; greaves; pork scratchings	хрустящие кусочки, остающиеся после вытапливания животного жира	the crispy residues left after rendering animal fat; pork scratchings or cracklings
B354	VERB	989	раскалывать, колоть (дрова)	to split; to cleave; to chop (firewood)	разделять древесину на части ударом топора, колуна или другого инструмента	to divide wood into parts by striking with an axe, maul, or other tool
B354	NOUN	990	колотушка (для колки дров)	wooden mallet; maul; cleaving mallet	тяжёлый деревянный молоток или деревянная кувалда для раскалывания дров	a heavy wooden hammer or wooden mallet used for splitting firewood
B354	VERB	991	тесать	to hew; to adze	обрабатывать дерево (бревно, доску) ударами топора или тесла, придавая нужную форму	to shape wood by cutting with an axe or adze, typically to square off a log or timber
B354	NOUN	992	чурбак	log; block; chunk of wood	короткий толстый отрезок бревна, используемый как заготовка для колки или других работ	a short, thick section of a log, used as material for splitting or other woodworking
B354	VERB	993	щепать (лучину)	to split (kindling); to whittle splints	раскалывать древесину на тонкие длинные щепки (лучины)	to split wood into thin long splints (kindling or torches for light)
B354	NOUN	994	щепка	wood chip; splint	небольшой тонкий кусок дерева, отколовшийся при обработке	a small, thin piece of wood split off from a larger piece during cutting or chopping
B354	VERB	995	долбить	to gouge	ударами какого-либо инструмента проделывать отверстия, углубления в чём-либо твёрдом, разбивать что-либо	to make a dent or a hole by constantly hitting the surface
B354	NOUN	996	доска	board	плоский длинный кусок дерева, пиломатериал, получаемый путём продольной распилки бревна	a relatively long, wide and thin piece of any material, usually wood or similar, often for use in construction or furniture-making
B354	NOUN	997	половица	floorboard	широкая доска пола в деревянной постройке	one of the long flat boards forming the floor of a wooden building
B354	NOUN	998	палка	stick; rod; pole	длинный тонкий предмет из дерева	a long, thin piece of wood
B354	NOUN	999	обруч (у бочки)	hoop (of a barrel)	металлическое или деревянное кольцо, стягивающее клёпки бочки	a metal or wooden band that holds the staves of a barrel together
B355	NOUN	1000	кузнец	blacksmith; smith	мастер, работающий с металлом; кует железо, изготавливает инструменты, подковы	a craftsman who works with metal; forges iron, makes tools, horseshoes
B355	NOUN	1001	наковальня	anvil	массивный металлический блок, на котором кузнец кует металл	a heavy iron or steel block on which a blacksmith hammers metal into shape
B355	NOUN	1002	кузнечные мехи	bellows (forge bellows)	устройство для нагнетания воздуха в горн для усиления горения	a device for pumping air into a forge to increase the heat of the fire
B355	VERB	1003	раздувать (горн)	to blow (the forge); to fan the forge	нагнетать воздух в горн мехами для поддержания огня	to pump air into a forge fire using bellows to intensify the heat
B355	VERB	1004	ковать (железо)	to forge (iron); to smith	обрабатывать нагретый металл ударами молота, придавая нужную форму	to shape hot metal by hammering it on an anvil
B355	NOUN	1005	колесо	wheel	круглая деталь, вращающаяся вокруг оси	a circular object that rotates around an axle, used in vehicles and machinery
B355	NOUN	1006	клещи	tongs; pincers	инструмент с двумя рычажными губками для захвата и удержания горячего металла	a tool with two hinged arms used for gripping and holding hot metal in a forge
B355	NOUN	1007	сталь	steel	твёрдый сплав железа с углеродом, обладающий высокой прочностью	a hard, strong alloy of iron and carbon, widely used in tools and construction
B355	VERB	1008	калить	to heat; to harden (metal); to temper	нагревать металл до высокой температуры (обычно докрасна) для закалки или ковки	to heat metal to a high temperature (typically red-hot) for hardening or forging
B355	VERB	1009	паять	to solder; to braze	соединять металлические детали расплавленным припоем	to join metal parts by melting and flowing a filler metal (solder) into the joint
B355	NOUN	1010	ржавчина (на металле)	rust (on metal)	красно-бурый налёт оксидов железа, образующийся на железе и стали при взаимодействии с влагой и кислородом	a reddish-brown coating of iron oxides that forms on iron or steel when exposed to moisture and oxygen
B355	NOUN	1011	крюк	hook	металлический изогнутый предмет для подвешивания, захвата или удержания чего-либо	a curved or bent piece of metal used for catching, holding, or hanging things
B356	NOUN	1012	домотканая материя, ткань	fabric	тканая материя, материал	a material made of fibers, a textile or cloth
B356	VERB	1013	прясть	to spin	скручивать волокна (шерсть, лён) в нить с помощью веретена или прялки	to draw out and twist fibres (wool, flax) into yarn or thread using a spindle or spinning wheel
B356	NOUN	1014	кудель	distaff fibre; flax tow; prepared flax	подготовленные волокна льна или пеньки, намотанные на прялку для прядения	prepared fibres of flax or hemp wound onto a distaff, ready for spinning
B356	NOUN	1015	веретено, полное пряжи	spindle full of yarn	приспособление для прядения — стержень для навивания пряжи, перерабатываемой в нить	spinning device - a rod for winding yarn to be processed into thread
B356	VERB	1016	мотать нитки на клубок	to wind yarn into a ball	наматывать пряжу в клубок	to wind spun yarn into a ball
B356	NOUN	1017	клубок	ball (of yarn)	нитки или пряжа, намотанные в круглый комок	a rounded mass formed by winding yarn or thread
B356	VERB	1018	мотать нитки на мотовило	to wind yarn onto a reel	наматывать пряжу на мотовило для получения мотка	to wind yarn onto a winding reel (motoviló) to form a skein
B356	VERB	1019	ткать	to weave	переплетать нити основы и утка на ткацком станке, создавая ткань	to interlace warp and weft threads on a loom to produce fabric
B356	NOUN	1020	кросна, стан	loom	ткацкий станок — устройство для изготовления ткани путём переплетения нитей	a frame or machine on which warp and weft threads are woven together to make cloth
B356	VERB	1021	основать	to warp (a loom); to set up the warp	натягивать нити основы на ткацкий станок для начала ткачества	to stretch the warp threads on a loom in preparation for weaving
B356	NOUN	1022	основа ткани	warp	продольные нити, натянутые на ткацком станке, через которые пропускается уток	the longitudinal threads stretched on a loom, through which the weft is interlaced
B356	NOUN	1023	бёрдо	reed (in a loom)	приспособление для ручного ткачества в виде частого гребня	a comb-like part of a beater for beating the weft when weaving.
B356	NOUN	1024	конец нитчёнок	heddle end; heald end	конец нитяных петель (нитчёнок), через которые пропущены нити основы для образования зёва при ткачестве	the end part of the heddles (loops of thread or wire) through which the warp threads pass on a loom
B356	NOUN	1025	уток	weft; woof	поперечные нити, переплетающиеся с основой при ткачестве	the threads running crosswise in woven fabric, interlaced with the warp threads
B356	NOUN	1026	челнок	shuttle	продолговатый инструмент ткача, содержащий шпулю с нитью утка и перебрасываемый через зёв	an elongated device carrying the bobbin of weft thread, passed back and forth through the warp shed on a loom
B356	VERB	1027	вязать	to knit	изготовлять ткань или предметы одежды путём сравнительно неплотного переплетения нитей	to turn thread or yarn into a piece of fabric by forming loops that are pulled through each other; this can be done by hand with needles or by machine
B356	NOUN	1028	узор	pattern; design	орнаментальный или декоративный мотив, вытканный или вышитый на ткани	a decorative or ornamental design woven or embroidered into fabric
B356	NOUN	1029	сукно	broadcloth; woollen cloth	плотная шерстяная ткань с ворсистой поверхностью	a thick, heavy woollen fabric with a smooth, felted surface
B356	NOUN	1030	полотно	linen cloth; homespun linen	ткань, вытканная из льняной пряжи	cloth woven from linen (flax) yarn; homespun linen fabric
B356	NOUN	1031	ширина полотна	cloth width; width of the web	поперечный размер куска ткани	the measurement across a piece of woven fabric from selvedge to selvedge
B356	NOUN	1032	лоскут	piece of cloth; scrap; remnant	небольшой кусок ткани, обрезок	a small piece of cloth; a remnant or scrap of fabric
B356	VERB	1033	выделывать (кожу)	to curry (leather)	подвергать (кожу) специальной обработке с целью придать какое-либо качество, свойство	to dress (leather) after it is tanned by beating, rubbing, scraping and colouring
B356	NOUN	1034	обувь	shoes	изделия для защиты и удобства ног при ходьбе: ботинки, сапоги, туфли и т.п.	products for protecting and facilitating feet while walking: boots, shoes, slippers, etc.
B356	NOUN	1035	дратва	shoe-thread	прочная просмолённая или навощённая нитка для шитья обуви, кожаных изделий	durable tarred or waxed thread for sewing shoes and leather products
B356	NOUN	1036	вар (смола)	brew	варёная смола с примесями, употребляемая в различных ремёслах, строительном деле и т. п.	boiled resin with impurities, used in various crafts, construction, etc.
B356	NOUN	1037	шило	awl	небольшой заострённый инструмент для прокалывания отверстий в коже или ткани	a small pointed tool used for piercing holes in leather or other materials
B356	NOUN	1038	колодка для обуви	shoe last; cobbler's last	деревянная или металлическая форма в виде ноги, на которой шьют и растягивают обувь	a wooden or metal form shaped like a foot, on which shoes are made or repaired
B356	NOUN	1039	голенище	bootleg	часть сапога, охватывающая голень	top of a (high) boot
B356	NOUN	1040	каблук	heel (of a shoe)	выступающая нижняя часть задника обуви	the raised back part of the sole of a shoe or boot
B356	NOUN	1041	подошва	sole (of a shoe)	нижняя часть обуви, соприкасающаяся с землёй	the bottom of a shoe or boot, which comes into contact with the ground
B356	NOUN	1042	лапти берестяные	birch-bark shoes; bast shoes (birch-bark)	традиционная крестьянская плетёная обувь из полос берёзовой коры	traditional peasant shoes woven from strips of birch bark
B356	NOUN	1043	оборы (у лаптей)	bast shoe ties; leg ties	тонкие верёвки или тесьма, которыми крепят лапти к ноге, обматывая их вокруг голени	thin cords or straps used to fasten bast shoes (lapti) to the foot and leg by wrapping around the ankle and calf
B356	NOUN	1044	паголенки	boot shaft; leg of boot; leg wrappings	часть чулка, валенка, сапога и т.п., охватывающая голень; верхняя часть обуви или чулочного изделия	the part of a stocking, felt boot, leather boot, etc. that covers the calf; the upper part of footwear or hosiery
B36	VERB	1045	продавать	to sell	передавать товар покупателю за деньги или в обмен на что-либо	to transfer goods to a buyer in exchange for money or other goods
B36	VERB	1046	торговать	to trade; to do business	осуществлять куплю-продажу товаров	to buy and sell goods; to carry on trade or commerce
B36	NOUN	1047	клад, сокровище	treasure; hoard	скрытые ценности, деньги, драгоценности; также — что-либо очень ценное	hidden valuables, money, jewels; also — something of great value
B36	NOUN	1048	магазин	shop; store	стационарное торговое заведение для розничной продажи товаров	a building or room where goods are sold to the public
B36	NOUN	1049	товар	goods; merchandise; wares	предметы, продаваемые или предназначенные для продажи	items offered for sale; merchandise
B36	VERB	1050	покупать	to buy; to purchase	приобретать что-либо за деньги	to obtain something by paying money for it
B36	VERB	1051	мерить	to measure	определять количество, размер или вес чего-либо	to determine the size, amount, or weight of something by comparison with a standard unit
B36	NOUN	1052	безмен	steelyard	ручные весы	a transportable balance with unequal arm lengths
B36	NOUN	1053	фунт	pound (unit of weight)	единица массы, равная 409,5 г в русской системе мер (торговый фунт) или 453,6 г (английский фунт)	a unit of weight; in the traditional Russian system, approximately 409.5 g; in the British system, 453.6 g (avoirdupois pound)
B36	NOUN	1054	деньги	money	всеобще признанный особый товар (обычно в виде монет и банкнот), являющийся мерой стоимости других товаров и средством платежа	a generally accepted means of exchange and measure of value
B36	VERB	1055	считать	to count; to calculate	определять количество; производить арифметические действия	to determine the total number of something; to perform arithmetic operations
B36	VERB	1056	платить	to pay	отдавать деньги в обмен на товар или услугу	to give money in exchange for goods or services
B36	NOUN	1057	копейка	kopek; copeck	наименьшая денежная единица России, равная 1/100 рубля	the smallest monetary unit of Russia, equal to one hundredth of a rouble
B36	NOUN	1058	рубль	rouble; ruble	основная денежная единица России	the basic monetary unit of Russia
B36	ADJ	1059	дорогой	expensive	стоящий больших денег; продаваемый или покупаемый по высокой цене	having a high price or cost
B36	ADJ	1060	дешевый	cheap	стоящий немного, недорогой	low and/or reduced in price
B36	NOUN	1061	долг	debt	взятое взаймы, то, что необходимо отдать или возместить	money that one person or entity owes or is required to pay to another, generally as a result of a loan or other financial transaction
B36	VERB	1062	менять	to exchange; to swap; to change	отдавать одно в обмен на другое; обменивать товар, деньги	to give one thing in return for another; to exchange goods or currency
B36	VERB	1063	зарабатывать	to earn	получать денежные средства за труд, услуги, деятельность	to receive money for labor, services, or activity
B36	ADJ	1064	бедный, неимущий	poor	такой, у которого не хватает денежных или иных средств для поддержания нормальных условий жизни, малоимущий, имеющий недостаточно средств или относящийся к малоимущим людям	with no or few possessions or money, particularly in relation to contemporaries who do have them
B36	ADJ	1065	богатый	rich	обладающий большим состоянием; очень зажиточный	wealthy: having a lot of money and possessions
B36	VERB	1066	беречь, хранить	to keep safe	хранить в целости, сохранности; дорожа чем-либо, не давать пропасть, потеряться	to keep safe and sound; treasure something, don’t let it go to waste, get lost
B36	NOUN	1067	кошелек для денег	purse; money bag	небольшая сумочка или мешочек для хранения денег	a small bag or pouch for carrying money
B36	NOUN	1068	запас	stock; supply; store	накопленное количество чего-либо, отложенное для будущего использования	a quantity of goods accumulated and stored for future use
B36	VERB	1069	арендовать	to rent	брать (взять) в аренду, то есть во временное пользование на договорных началах	to obtain or have temporary possession of an object in exchange for money
B36	VERB	1070	выкупить	to ransom	заплатив деньги или выполнив иное требование, освободить заложника, пленника 	to pay a price to set someone free from captivity or punishment
B36	NOUN	1071	заработок, оплата	earnings, payment	деньги, полученные за работу; вознаграждение за труд	money received for work; compensation for labor
B36	ADV	1072	даром, бесплатно	free of charge	не получая или не давая ничего взамен	without any payment being required
B36	NOUN	1073	прибавка	supplement; pay raise	денежное дополнение к основной сумме дохода, зарплаты, пенсии или пособия; надбавка, доплата, премия за определённые условия труда, выслугу лет, квалификацию или достижения	an additional sum of money added to a base income, salary, pension, or benefit; an extra payment for specific working conditions, length of service, qualifications, or achievements
B371	NOUN	1074	изба, дом	izba; peasant house; cottage	традиционный деревянный крестьянский дом	a traditional Russian or Karelian peasant house built of logs
B371	NOUN	1075	жилище	dwelling	то же, что жильё; место, где кто-либо укрывается от непогоды, спит, хранит личные вещи и т.д.; дом, жилое помещение, приют.	a house or place in which a person lives; a habitation, a home. 
B371	VERB	1076	жить, проживать	to live	находиться в каком-либо месте на постоянной или длительной основе, использовать его как дом, комнату или иное помещение для повседневного бытия	to stay in a particular place on a regular or long-term basis, using it as one’s home, room, or dwelling for everyday existence
B371	NOUN	1077	хозяйство со всеми постройками, усадьба	farmstead; homestead	совокупность жилых и хозяйственных построек одного крестьянского хозяйства	a farm with all its buildings; a homestead comprising the living house and all outbuildings of a peasant household
B371	NOUN	1078	двор (при доме)	yard	огороженный участок земли при доме, на котором расположены хозяйственные постройки	a small, usually uncultivated area adjoining or (now especially) within the precincts of a house or other building
B371	NOUN	1079	колодец	well	сооружение для подъёма воды из водоносного слоя земли	a shaft sunk into the ground to obtain water from an underground source
B371	NOUN	1080	сусек, закром	grain bin; storage bin	отсек или отдельный ящик в амбаре для хранения зерна	a compartment or large bin in a granary for storing grain
B371	NOUN	1081	яма для хранения овощей	vegetable storage pit; root cellar	углубление в земле, используемое для хранения корнеплодов и других овощей зимой	a pit dug in the ground for storing root vegetables and other produce through winter
B371	NOUN	1082	лавка	bench (in a house); small shop (archaic)	широкая деревянная скамья вдоль стены в избе, служащая для сидения и сна	a wide wooden bench fixed along the wall of a peasant dwelling, used for sitting and sleeping
B371	NOUN	1083	сор, мусор	rubbish; litter; sweepings	отходы, мелкий мусор, сметаемый с пола	refuse, litter, or sweepings; small waste material
B372	VERB	1084	рубить, делать сруб	to build a log cabin; to hew logs; to notch logs	строить бревенчатое сооружение, укладывая брёвна горизонтальными венцами	to construct a log structure by laying hewn logs in horizontal courses, notched at the corners
B372	NOUN	1085	знак, метка	mark; notch; sign	метка, делаемая на бревне или доске для разметки при строительстве	a mark or notch made on a log or board as a guide during construction
B372	VERB	1086	строить (отделывать) дом	to build (to finish) a house	возводить и отделывать жилое строение	to erect and finish a residential building
B372	NOUN	1087	бревно	log	очищенный от веток и лишённый верхушки ствол срубленного большого дерева или часть такого ствола	the trunk of a dead tree, cleared of branches
B372	NOUN	1088	столб	post; pillar; pole	вертикальная опора из дерева или камня, поддерживающая конструкцию	a vertical support of wood or stone used in construction
B372	VERB	1089	конопатить	to caulk; to chink	заполнять щели между брёвнами мхом, паклей или иным материалом для утепления	to fill the gaps between logs with moss, tow, or other material to make a building weathertight
B372	NOUN	1090	конек крыши	roof ridge; ridgepole	верхний горизонтальный брус двускатной крыши	the horizontal beam at the apex of a ridged roof; the ridge
B372	NOUN	1091	этаж	floor; storey	горизонтальный ярус здания	a horizontal level of a building; a storey
B372	NOUN	1092	угол дома (внутренний)	interior corner (of a house)	место соединения двух внутренних стен комнаты	the inner corner where two interior walls of a room meet
B372	NOUN	1093	угол дома (внешний)	exterior corner (of a house)	выступающий наружный угол здания	the projecting outer corner of a building where two exterior walls meet
B372	NOUN	1094	полог	bed curtain; canopy	тканевая завеса над кроватью или вокруг спального места; для защиты от насекомых, сквозняков, украшения	a fabric drape over or around a bed; for protection from insects, drafts, or for decoration
B372	NOUN	1095	подполье (в избе)	underfloor space; cellar under house	пространство под полом дома; используется для хранения продуктов, овощей, коммуникаций	the area beneath the floor of a house; used for storing food, vegetables, or utilities
B372	NOUN	1096	пол	floor	нижняя поверхность помещения, по которой ходят; настил из досок, брёвен или других материалов	the lower surface of a room, walked upon; a decking made of planks, logs, or other materials
B372	NOUN	1097	щель	crack; gap	узкое отверстие, промежуток между предметами; зазор, трещина в стене, полу, двери	a narrow opening or space between objects; a gap or fissure in a wall, floor, or door
B372	NOUN	1098	завалина	earthen bank; draught excluder (earthen wall)	земляная насыпь или вал из досок вдоль нижней части стены дома; для утепления, защиты от промерзания, снега	an earthen embankment or board barrier along the lower part of a house wall; for insulation, protection from freezing or snow
B372	NOUN	1099	стена	wall	вертикальная ограждающая конструкция здания; разделяет помещения, несёт нагрузку крыши или перекрытий	a vertical enclosing structure of a building; separates rooms and supports the roof or floors
B372	NOUN	1100	потолок	ceiling	верхнее перекрытие помещения; внутренняя поверхность, ограничивающая комнату сверху	the upper covering of a room; the inner surface that limits a room from above
B372	NOUN	1101	порог	threshold; doorstep	нижняя часть дверного проёма; планка или брус между комнатами, между домом и улицей	the lower part of a doorway; a strip or beam between rooms or between house and street
B372	NOUN	1102	петля двери	door hinge	металлическое крепление для навешивания двери на косяк; позволяет двери открываться и закрываться	a metal fastening for hanging a door on a frame; allows the door to open and close
B372	NOUN	1103	ручка двери	door handle	приспособление для открывания и закрывания двери; рукоятка, скоба, нажимной или поворотный элемент	a device for opening and closing a door; a grip, latch, or turnable element
B372	NOUN	1104	задвижка дверная, засов	door bolt; door latch	приспособление для запирания двери изнутри; скользящий стержень, щеколда, фиксирующая дверь в закрытом положении	a device for locking a door from inside; a sliding bar or latch that secures the door in closed position
B372	NOUN	1105	замок	lock	запирающее устройство с ключом или механизмом; для охраны двери, сундука, ворот от несанкционированного доступа	a fastening device with a key or mechanism; for securing a door, chest, or gate against unauthorized access
B372	NOUN	1106	крыльцо	porch; stoop 	наружный настил или уступ у входа в дом, часто — под навесом, со ступенькой или лесенкой	an external deck or ledge at the entrance to a house, often covered with a step or ladder
B372	NOUN	1107	ворота	gate	широкий вход или проезд в ограде, в стене, запираемый створами	doorway, opening, or passage in a fence or wall
B372	ADJ	1108	плотный, тесно и прочно соединенный	tight; snug; closely and firmly fitted	о соединении: не имеющий зазоров, плотно сбитый, без зазоров и люфтов	closely and firmly joined, leaving no gaps
B372	NOUN	1109	баня	bath (steam)	специальная постройка, помещение или учреждение, где люди моются и парятся	a type of steam bath, popular in Russia (and in some parts of Alaska as well)
B372	NOUN	1110	амбар	barn	строение для хранения зерна и других видов продовольствия	a building, often found on a farm, used for storage or keeping animals such as cattle
B372	NOUN	1111	окно	window	проём в стене для освещения и вентиляции, обычно застеклённый	an opening in a wall for light and ventilation, usually fitted with glass
B372	NOUN	1112	дверь	door	проём в стене для входа и выхода из помещения или проём во внутреннее пространство чего-либо, а также закрывающие этот проём створ или несколько створов	a portal of entry into a building, room, or vehicle, typically consisting of a rigid plane movable on a hinge; it may have a handle to help open and close, a latch to hold it closed and a lock that ensures it cannot be opened without a key
B372	VERB	1113	открывать	to open	делать доступным, распахивать, устранять преграду; позволять проход, обзор, доступ к чему-либо	to make accessible, to swing wide, to remove a barrier; to allow passage, view, or access to something
B372	VERB	1114	закрывать, затворять	to close; to shut	преграждать доступ, запирать, делать непроходимым; фиксировать дверь, окно в закрытом положении	to block access, to lock, to make impassable; to secure a door or window in closed position
B372	NOUN	1115	крыша	roof	верхнее покрытие здания; защищает от осадков, солнца, ветра	the upper covering of a building; protects from precipitation, sun, wind
B372	NOUN	1116	навес крыши, стреха	eaves; roof overhang	выступающая часть крыши, защищающая стены от дождя	the projecting part of a roof protecting walls from rain
B372	NOUN	1117	лестница	staircase; stairs; ladder	конструкция для подъёма на следующий этаж или уровень	a set of steps or a structure for climbing to a higher level
B372	NOUN	1118	поперечная полка во всю ширину избы, воронец	crossbeam shelf; wide wall shelf	полка, идущая поперёк помещения, часто под потолком; элемент традиционного интерьера	a shelf running across a room, often near the ceiling; an element of traditional interior design
B373	NOUN	1119	посуда	dishes; kitchenware	обобщённое название кухонной утвари — сосудов и ёмкостей для хранения или приготовления еды, питья, а также столовых приборов для приёма пищи	objects for preparing, serving, and eating food: pots, plates, spoons, etc.
B373	ADJ	1120	полный	full; filled	содержащий предельное количество чего-либо; не имеющий свободного места	containing the maximum amount of something; having no empty space
B373	NOUN	1121	миска деревянная	wooden bowl; wooden dish	неглубокая ёмкость из дерева для подачи или приготовления пищи	a shallow container made of wood for serving or preparing food
B373	NOUN	1122	сковорода	frying pan	плоская металлическая посуда с ручкой для жарки продуктов на огне	a flat metal pan with a handle for frying food over heat
B373	NOUN	1123	ложка	spoon	столовый прибор с черпачком на ручке для еды жидкой пищи или перемешивания	a dining utensil with a bowl on a handle for eating liquid food or stirring
B373	VERB	1124	блестеть	to shine	отражать свет, излучать блеск; иметь блестящую, глянцевую поверхность	to reflect light, to emit sparkle; to have a shiny, glossy surface
B373	NOUN	1125	ковш	scoop, dipper	предмет домашней утвари, открытый сосуд с длинной ручкой	a household item, an open vessel with a long handle
B373	NOUN	1126	ведро	pail	сосуд конической или цилиндрической формы с дугообразной ручкой для ношения и хранения жидкостей или сыпучих веществ	a vessel of wood, tin, plastic, etc., usually cylindrical and having a handle -- used especially for carrying liquids, for example water or milk; a bucket (sometimes with a cover)
B373	NOUN	1127	горшок	pot	округлый сосуд для приготовления и хранения пищи, разведения цветов и иных хозяйственных нужд	a container, typically rounded or cylindrical and of ceramic ware or metal, used for storage or cooking
B373	NOUN	1128	котел	cauldron	большая металлическая ёмкость для варки пищи, нагрева воды или технических целей	a large metal container for cooking food, heating water, or technical purposes
B373	NOUN	1129	кадка	 wooden barrel; cask	деревянная ёмкость цилиндрической формы для хранения продуктов, засолки, воды	a wooden cylindrical container for storing food, pickling, or holding water
B373	NOUN	1130	ушат	two-handled wooden bucket	деревянная ёмкость с двумя ушками-ручками по бокам для переноски жидкостей	a wooden bucket with two side handles for carrying liquids
B373	NOUN	1131	решето	sieve	предмет хозяйственной утвари в виде деревянного обода, на который натянута сетка, служащая для просеивания муки и т. п.	a household item in the form of a wooden rim with a mesh stretched over it, used for sifting flour, etc.
B373	NOUN	1132	мутовка	mixing paddle; whisk	лопатка, палочка с крестовинкой, кружком, спиралью и т. п. на конце для взбалтывания, взбивания чего-либо	a spatula, a stick with a cross, circle, spiral, etc. at the end for shaking or whipping something
B373	NOUN	1133	пест	pestle	инструмент в виде палки с утолщённым концом для растирания, измельчения веществ в ступе	a tool in the form of a stick with a thickened end for grinding, crushing substances in a mortar
B373	NOUN	1134	ступа	mortar	ёмкость с толстыми стенками для измельчения, растирания продуктов пестом	a thick-walled vessel for crushing, grinding foodstuffs with a pestle
B373	NOUN	1135	квашня	dough trough; kneading tub	деревянная или глиняная ёмкость для замешивания, брожения теста	a wooden or clay container for mixing, fermenting dough
B373	NOUN	1136	сундук	chest	большой ящик с крышкой для хранения одежды, ценностей, продуктов	a large box with a lid for storing clothes, valuables, or food
B373	NOUN	1137	корзина	basket; wicker container	плетёная ёмкость из прутьев, лозы для переноски, хранения предметов	a woven container made of twigs or wicker for carrying, storing items
B373	NOUN	1138	мешок	bag; sack	мягкая ёмкость из ткани, кожи для хранения, переноски сыпучих или небольших предметов	a soft container made of fabric or leather for storing, carrying bulk or small items
B373	NOUN	1139	кошель	purse; small bag; pouch	небольшой мешочек для денег, мелочи, личных вещей	a small bag for money, coins, or personal items
B373	NOUN	1140	лямка (кошеля, котомки)	strap; shoulder strap; carrying loop	полоса ткани, кожи для переноски сумки, котомки на плече	a strip of fabric or leather for carrying a bag or pouch over the shoulder
B373	NOUN	1141	цепь, крюк для подвешивания котелка над жаратком	chain and hook for hanging a pot over fire	металлическое приспособление с цепью и крюком для регулировки высоты котелка над огнём	a metal device with chain and hook for adjusting the height of a pot over fire
B373	NOUN	1142	кочерга	poker	металлический прут с загнутым концом для перемешивания углей, дров в печи	a metal rod with a curved end for stirring coals, firewood in a stove or fireplace
B373	NOUN	1143	корыто	trough; wooden tub	длинная неглубокая ёмкость для стирки, кормления животных, хозяйственных нужд	a long shallow container for washing, feeding animals, or household tasks
B373	NOUN	1144	мочалка для мытья пола	floor scrubber	приспособление из мочала, ткани или синтетики для мытья, чистки полов	a device made of bast fiber, fabric, or synthetic material for washing, cleaning floors
B374	NOUN	1145	печь (в избе)	stove; masonry heater	сооружение из кирпича, глины для отопления помещения, приготовления пищи	a structure made of brick or clay for heating a room and cooking food
B374	NOUN	1146	загнетка	ash pit; firebox area	углубление на шестке или в устье печи для сгребания углей, розжига огня	a recess on the stove shelf or in the mouth of a Russian oven for gathering coals, kindling fire
B374	VERB	1147	зажигать, разжигать	to light; to kindle	начинать горение, поджигать топливо, создавать огонь	to start combustion, to set fuel alight, to create fire
B374	NOUN	1148	принадлежности для высекания огня (огниво и кремень)	fire-starting kit; fire-making tools	комплект инструментов для получения искры, розжига огня в традиционных условиях	a set of tools for producing sparks, kindling fire in traditional conditions
B374	NOUN	1149	кремень	flint; chert	твёрдый минерал, дающий искры при ударе о сталь; использовался для добывания огня	a hard mineral that produces sparks when struck against steel; used for fire-making
B374	NOUN	1150	кресало, огниво	flint	металлический предмет для высекания искр из кремня при добывании огня	a metal object for striking sparks from flint when making fire
B374	NOUN	1151	огонь	fire	процесс горения с выделением тепла и света; пламя, жар	the process of combustion with emission of heat and light; flame, heat
B374	NOUN	1152	костёр	campfire	горящая (обычно под контролем человека) сравнительно небольшая куча дров, веток или иных воспламеняющихся предметов	a burning (usually human-controlled) relatively small pile of firewood, branches, or other flammable objects
B374	VERB	1153	гореть	to burn	порождать и поддерживать собою пламя, огонь, постепенно уничтожаясь	to produce flames and heat while consuming a material such as coal or wood
B374	NOUN	1154	нодья	nodia	костёр из двух-трёх длинных брёвен, сложенных особым образом для длительного горения	a fire made of two or three long logs stacked in a special way for long-lasting burning
B374	NOUN	1155	лучина	splinter, chip	тонкая щепка из сухого дерева для освещения, растопки печи	a thin splinter of dry wood for lighting, kindling a stove
B374	NOUN	1156	дрова	firewood	древесина в виде брёвен и поленьев для топки, сжигания	wood intended to be burned, typically for heat
B374	NOUN	1157	поленница	woodpile	аккуратно сложенные дрова для хранения, просушки перед использованием	firewood neatly stacked for storage, drying before use
B374	NOUN	1158	головешка	ember	кусок тлеющего или обуглившегося дерева	a glowing piece of coal or wood; a hot coal
B374	VERB	1159	гасить, тушить	extinguish	прекращать горение чего-либо	to put out, as in fire; to end burning; to quench
B374	NOUN	1160	жар (от печи)	heat	сильно нагретый воздух	The condition or quality of being hot. 
B374	VERB	1161	жечь	to burn	заставлять гореть, подвергать действию огня, уничтожать огнём	To cause to be consumed by fire. 
B374	NOUN	1162	сажа	soot	чёрный налёт из углерода, образующийся при неполном сгорании органических материалов	a black carbon deposit formed by incomplete combustion of organic materials
B374	NOUN	1163	зола	ash	серый порошок, остающийся после сгорания дров, угля, растительных материалов	a gray powder remaining after burning wood, coal, or plant materials
B374	NOUN	1164	дым	smoke	совокупность мелких твёрдых частиц и газообразных продуктов, выделяющихся в воздух при сгорании чего-либо	the visible vapor/vapour, gases, and fine particles given off by burning or smoldering material
B374	NOUN	1165	свеча	candle	предмет из воска, стеарина или другого горючего материала с фитилём посередине; используется для освещения, религиозных обрядов, создания атмосферы; горит, плавясь и выделяя свет и тепло	an object made of wax, stearin, or other combustible material with a wick in the center; used for lighting, religious ceremonies, or creating ambiance; burns by melting and emitting light and heat
B375	VERB	1167	мести	to sweep; to clean with a broom	подметать, очищать поверхность (пол, двор, дорогу) от мусора, пыли, снега с помощью метлы, веника или другого приспособления; совершать движения инструментом для сбора и удаления нежелательных частиц	to clean a surface (floor, yard, path) of debris, dust, or snow using a broom, besom, or other tool; to make motions with an instrument to collect and remove unwanted particles
B375	NOUN	1168	веник	broom	связка прутьев или веток с листьями, используемая для подметания пола, либо для па́рения бане	a domestic utensil with fibers bound together at the end of a long handle, used for sweeping
B375	NOUN	1169	игла	needle	тонкий металлический стержень с ушком и остриём для шитья, вышивания	a thin metal rod with an eye and point for sewing, embroidery
B375	NOUN	1170	нить, нитка	thread	тонко скрученные натуральные или искусственные волокна, предназначенные для изготовления тканей, трикотажа, а также для шитья, вязания и т. п.	finely twisted natural or artificial fibers intended for the production of fabrics, knitwear, as well as for sewing, knitting, etc.
B375	NOUN	1171	ножницы для стрижки овец	sheep shears; fleece shears	специальный инструмент с двумя лезвиями для стрижки шерсти с овец	a special tool with two blades for shearing wool from sheep
B375	VERB	1172	убирать (в доме)	to clean; to tidy up; to put in order	наводить чистоту, раскладывать вещи по местам, устранять беспорядок в помещении	to restore cleanliness, arrange items in their places, eliminate disorder in a room
B375	VERB	1174	замачивать	to soak; to immerse in water	погружать в жидкость для размягчения, очистки, подготовки к дальнейшей обработке	to immerse in liquid for softening, cleaning, or preparing for further processing
B375	VERB	1175	полоскать	to rinse	промывать водой или раствором для удаления загрязнений, остатков моющих средств	to wash with water or solution to remove dirt, residue of cleaning agents
B375	NOUN	1176	половик	floor mat	плетёный, тканый или сшитый из разноцветных обрезков ткани узкий длинный коврик, расстилаемый на полу	a long, narrow rug, woven, braided, or sewn from multi-colored scraps of fabric, spread on the floor
B375	NOUN	1177	пятно (на одежде)	stain; spot	загрязнение, изменение цвета ткани от жидкости, жира, красителя	a discoloration or mark on fabric caused by liquid, grease, or dye
B375	NOUN	1178	пыль	dust	мелкие твёрдые частицы, взвешенные в воздухе или оседающие на поверхностях	tiny solid particles suspended in air or settling on surfaces
B375	VERB	1451	гладить, утюжить	to iron	делать гладким при помощи горячего утюга или пресса (бельё, одежду и т. п.)	to pass an iron over (clothing or some other item made of cloth) in order to remove creases
B38	NOUN	1179	дорога	road	путь сообщения; полоса земли для передвижения; составная часть транспортной (дорожной) инфраструктуры	a way used for travelling between places, originally one wide enough to allow foot passengers and horses to travel, now usually one surfaced with asphalt or concrete and designed to accommodate many vehicles travelling in both directions
B38	ADJ	1180	грязный	dirty	запачканный, не чистый, покрытый или пропитанный грязью	unclean; covered with or containing unpleasant substances such as dirt or grime
B38	ADJ	1181	скользкий	slippery	имеющий поверхность, по которой трудно удержаться, легко поскользнуться	having a surface on which it is difficult to maintain footing, easy to slip
B38	NOUN	1182	перевозка	transportation; carriage	процесс перемещения грузов, людей из одного места в другое	the process of moving goods or people from one place to another
B38	NOUN	1183	путь, расстояние	path; route; distance	направление движения, траектория; мера пространства между двумя точками	a direction of movement, trajectory; a measure of space between two points
B38	NOUN	1184	райда, олений обоз	reindeer sled train; deer-drawn convoy	цепочка саней или нарт, запряжённых оленями, для перевозки грузов в тундре	a chain of sleds or pulks harnessed to reindeer for transporting goods in the tundra
B38	VERB	1185	ехать	to ride, to drive	поступательно двигаться по твёрдой поверхности на транспортном средстве (о движении, совершаемом однократно или в определённом направлении)	to transport oneself by sitting on and directing a horse, later also a bicycle etc.
B38	NOUN	1186	телега	cart; wagon; horse-drawn vehicle	четырёхколёсное транспортное средство на конной тяге для перевозки грузов или людей	a four-wheeled vehicle pulled by horses for transporting goods or people
B38	NOUN	1187	сани	sled; sledge; sleigh	транспортное средство на полозьях для движения по снегу, льду; запрягается лошадью или оленем	a vehicle on runners for moving over snow or ice; harnessed to a horse or reindeer
B38	NOUN	1188	саамские сани, кережа	Saami sled; reindeer sled	традиционные сани саамов для перевозки людей или грузов, запрягаемые оленем	traditional Saami sled for transporting people or goods, harnessed to a reindeer
B38	NOUN	1189	передок саней	front part of sled	передняя часть саней, часто загнутая вверх для лучшего скольжения по снегу	the front part of a sled, often curved upward for better gliding over snow
B38	NOUN	1190	копыл	upright support; sled post; vertical brace	короткий брусок в полозьях саней, служащий опорой для кузова	a short beam in the runners of a sled that serves as a support for the body
B38	NOUN	1191	оглобля	shaft	одна из двух жердей, укреплённых концами на передней оси повозки, соединяющихся с дугой и служащих для запряжки лошади	one of two poles, fixed at their ends to the front axle of a cart, connected to the arc and used to harness a horse
B38	NOUN	1192	веревка	rope	гибкое и длинное изделие, — чаще всего сплетённое или свитое из льняных (или пеньковых, полимерных и т. п.) волокон или прядей	thick strings, yarn, monofilaments, metal wires, or strands of other cordage that are twisted together to form a stronger line
B38	NOUN	1193	веха	landmark	шест, указывающий на местности путь или границу участка	an object that marks the boundary of a piece of land
B38	NOUN	1194	зарубка	incision, notch	небольшой вырез, насечка на твёрдом материале для счёта, маркировки, ориентира	a small cut or incision on a hard material for counting, marking, or orientation
B38	NOUN	1195	колея	rut; track	углубление на дороге от колёс или полозьев; след, оставленный транспортным средством	a depression on a road from wheels or runners; a trace left by a vehicle
B38	NOUN	1196	лодка	boat	небольшое плавсредство для передвижения по воде; гребное, парусное или моторное	a small watercraft for moving on water; rowed, sailed, or motorized
B38	NOUN	1197	борт лодки	board	боковая стенка корпуса судна (корабля) или летательного аппарата	the side of a ship
B38	NOUN	1198	черпак (в лодке)	bailer; scoop (for boats)	приспособление для вычерпывания воды из лодки; ковш или ёмкость на ручке	a device for bailing water out of a boat; a scoop or container on a handle
B38	NOUN	1199	весло	oar	приспособление для гребли на плавучих средствах, шест, заканчивающийся плоской лопастью	a type of lever used to propel a boat, having a flat blade at one end and a handle at the other, and pivoted in a rowlock atop the gunwale, whereby a rower seated in the boat and pulling the handle can pass the blade through the water by repeated strokes 
B38	NOUN	1200	уключина весла	oarlock	приспособление на борту лодки для фиксации весла при гребле	a device on a boat's side for securing an oar during rowing
B38	VERB	1201	грести	to row	работать, совершать регулярные отталкивающие движения веслом (вёслами), передвигая плавучее средство по воде; также работать руками, передвигаясь в воде или под водой	to propel (a boat or other craft) over water using oars
B38	NOUN	1202	парус	sail; canvas; wind-catching fabric	тканевое полотно, улавливающее ветер для движения парусного судна	a fabric panel that catches wind to propel a sailing vessel
B38	VERB	1203	идти на лыжах	to ski	передвигаться по снегу на лыжах, используя палки или отталкиваясь ногами	to move over snow on skis, using poles or pushing with legs
B38	NOUN	1204	лыжи	skis	парные длинные планки для передвижения по снегу; спортивный инвентарь	paired long boards for moving over snow; sports equipment
B38	NOUN	1205	котомка	backpack; knapsack	небольшой дорожный мешок или рюкзак для переноски вещей в походе	a small travel bag or backpack for carrying items on a journey
B38	NOUN	1206	провизия в дорогу	provisions for travel; road food	запас еды, напитков для питания в пути; дорожный рацион	a supply of food and drinks for nourishment during travel; travel rations
B38	NOUN	1207	мост	bridge	сооружение для перехода, проезда через реку, овраг, дорогу; переправа	a structure for crossing a river, ravine, or road; a passage way
B38	NOUN	1208	плот	log raft	плавучее сооружение из связанных брёвен, досок для перевозки по воде	a floating structure made of connected logs or planks for water transport
B411	ADJ	1209	молодой	young	не достигший зрелого возраста; имеющий признаки юности, свежести	not having reached mature age; showing signs of youth, freshness
B411	NOUN	1210	жених	bridegroom	мужчина, вступающий в брак	A man in the context of his own wedding; one who is going to marry or has just been married. 
B411	NOUN	1211	невеста	bride; fiancée	женщина, помолвленная, готовящаяся к замужеству; участница свадьбы	a woman engaged, preparing for marriage; a participant in a wedding
B411	VERB	1212	свататься	to propose marriage	обращаться к семье девушки с предложением о браке; вести сватовство	to approach a girl's family with a marriage proposal; to conduct courtship
B411	NOUN	1213	свадьба	wedding	торжественный обряд заключения брака; праздник, связанный с созданием семьи	a solemn ceremony of marriage; a celebration associated with starting a family
B411	VERB	1214	жениться	to marry	вступать в брак (с кем-либо) 	To enter into the conjugal or connubial state.
B411	NOUN	1215	муж	husband	женатый мужчина по отношению к своей жене; супруг, состоящий в зарегистрированном или традиционном браке	a married man in relation to his wife; a spouse in a registered or traditional marriage
B411	NOUN	1216	жена	wife	женщина по отношению к мужчине, с которым она состоит в браке	A married woman, especially in relation to her spouse.
B411	NOUN	1446	друг	friend	тот, кто тесно связан с кем-либо дружбой	a person, typically someone other than a family member, spouse or lover, whose company one enjoys and towards whom one feels affection
B412	NOUN	1217	вдова	widow	женщина, не вступившая в новый брак после смерти мужа	a woman whose spouse has died (and who has not remarried); feminine of widower
B412	NOUN	1218	семья	family	группа близких родственников, живущих вместе; ячейка общества	a group of close relatives living together; a basic social unit
B412	NOUN	1219	родители	parents	отец и мать по отношению к своим детям; предки первого поколения	father and mother in relation to their children; first-generation ancestors
B412	NOUN	1220	отец	father	мужчина по отношению к своим детям	a man in relation to his children
B412	NOUN	1221	крестный отец	godfather	мужчина, принимающий духовное попечение о ребёнке при крещении	a man who takes spiritual responsibility for a child at baptism
B412	NOUN	1222	мать	mother	женщина по отношению к своим детям; родительница	a woman in relation to her children; a female parent
B412	NOUN	1223	мачеха	stepmother	жена отца, не являющаяся биологической матерью ребёнка	the wife of one's father who is not one's biological mother
B412	NOUN	1224	отчим	stepfather	муж матери, не являющийся биологическим отцом ребёнка	the husband of one's mother who is not one's biological father
B412	NOUN	1225	сирота	orphan	ребёнок, потерявший одного или обоих родителей; лишённый попечения	a child who has lost one or both parents; deprived of parental care
B412	VERB	1226	рожать	to give birth	производить на свет ребёнка; завершать беременность появлением потомства	to bring a child into the world; to complete pregnancy with the birth of offspring
B412	VERB	1230	качать, укачивать (ребенка в колыбели)	to rock; to sway (a baby in a cradle)	совершать плавные колебательные движения для успокоения, усыпления ребёнка	to make gentle rocking motions to calm, lull a child to sleep
B412	NOUN	1231	сын	son	мужской ребёнок по отношению к родителям	a male child in relation to parents
B412	NOUN	1232	дочь	daughter	лицо женского пола по отношению к своим отцу и матери	one’s female offspring
B412	NOUN	1233	внук	grandson	сын дочери или сына	a son of one's child
B412	NOUN	1234	брат	brother	каждый из сыновей в отношении к другим детям тех же родителей или одного из них	son of the same parents as another person
B412	NOUN	1235	сестра	sister	женщина по отношению к другим детям тех же родителей; родственница	a woman in relation to other children of the same parents; a female relative
B412	NOUN	1236	дед, дедушка	grandfather	отец отца или матери	a father of someone's parent
B412	NOUN	1237	бабушка	grandmother	мать отца или матери	a mother of someone's parent
B412	NOUN	1238	зять	son-in-law	муж дочери, сестры или золовки; родственник по браку, вступающий в семью через женитьбу на женщине из данного рода	the husband of one's daughter, sister, or sister-in-law; a relative by marriage who enters the family through wedding to a woman of the given lineage
B412	NOUN	1239	невестка	daughter-in-law	жена сына, брата или племянника; женщина, вступающая в семью через брак с мужчиной из данного рода	the wife of one's son, brother, or nephew; a woman who enters the family through marriage to a man of the given lineage
B412	NOUN	1240	дядя	uncle	брат отца или матери, а также муж тёти	the brother or brother-in-law of one’s parent
B412	NOUN	1241	двоюродный брат	cousine	сын дяди или тёти	son of an uncle or aunt
B412	NOUN	1242	двоюродная сестра	cousin (female)	дочь брата или сестры матери либо дочь брата или сестры отца	daughter of an uncle or aunt
B412	NOUN	1243	золовка, сестра мужа	husband's sister; spouse's sister	сестра супруга по отношению к жене; родственница по браку	the sister of one's husband in relation to the wife; a relative by marriage
B412	NOUN	1244	деверь	brother-in-law (husband's side)	брат мужа	husband’s brother
B412	NOUN	1245	шурин	brother-in-law (wife's side)	брат жены	wife’s brother
B412	NOUN	1246	кум	godfather (in mutual ritual kinship); co-parent by baptism; spiritual kin	крёстный отец по отношению к крёстной матери и к родителям крестника; также — отец ребёнка по отношению к крёстному отцу и крёстной матери; участник обряда крещения, связанный с другими участниками духовным родством (кумовством)	a baptismal sponsor in relation to the godmother and to the biological parents of the godchild; also — the biological father in relation to the godfather and godmother; a participant in the baptismal rite connected to other participants through spiritual 
B412	NOUN	1247	тесть	father-in-law (wife's father)	отец жены по отношению к мужу; родственник по браку	the father of one's wife in relation to the husband; a relative by marriage
B412	NOUN	1248	теща	mother-in-law (wife's mother)	мать жены по отношению к мужу; родственница по браку	the mother of one's wife in relation to the husband; a female relative by marriage
B412	NOUN	1249	хозяйка	hostess	женщина, управляющая домом, хозяйством	a woman managing a home or household
B412	NOUN	1250	хозяин	host; master of house; male head of household	мужчина, управляющий домом, хозяйством	a man managing a home or household
B412	NOUN	1251	тезка	namesake	человек, носящий то же имя, что и другой	a person bearing the same name as another
B413	NOUN	1227	ребенок	child	человек в возрасте от рождения до подросткового периода; потомок	a human being from birth to adolescence; a descendant
B413	VERB	1228	пеленать	to swaddle	оборачивать младенца тканью для ограничения движений, согревания	to wrap an infant in cloth to restrict movement, provide warmth
B413	NOUN	1229	колыбель, зыбка	cradle	небольшая подвесная или стационарная кроватка для младенца; люлька	a small hanging or stationary bed for an infant; a baby cradle
B42	VERB	1252	говорить	to say	произносить слова, вести речь, выражать в устной речи какие-либо мысли, мнения, сообщать что-либо	to speak; to express an opinion; to make answer; to reply
B42	VERB	1253	сказать	to say	произносить слова, выражать мысль вербально; сообщать информацию	to pronounce words, express a thought verbally; to convey information
B42	NOUN	1254	сказка	fairy tale	устное или письменное повествование с вымышленными событиями, часто с моралью	an oral or written narrative with fictional events, often with a moral
B42	NOUN	1255	загадка	riddle	вопрос или описание, требующее догадки, сообразительности для ответа	a question or description requiring guesswork, wit to answer
B42	VERB	1256	спрашивать	to ask	обращаться с вопросом, запрашивать информацию, уточнять	to address with a question, request information, seek clarification
B42	VERB	1257	просить	to ask; to request; to beg	обращаться к кому-либо с просьбой, выражать желание получить что-либо или добиться определённого действия; формулировать запрос вербально, используя вежливые или настойчивые формулировки; испрашивать помощь, разрешение, совет или информацию	
B42	NOUN	1258	русские	Russians	представители русского народа, граждане России или люди, имеющие российское происхождение	representatives of the Russian people, citizens of Russia or people of Russian origin
B42	NOUN	1259	финны	Finns	представители народа финно-угорской этноязыковой группы, составляющие коренное население Финляндии; также жители, уроженцы или граждане Финляндии 	representatives of the people of the Finno-Ugric ethnolinguistic group who constitute the indigenous population of Finland; also residents, natives, or citizens of Finland
B42	NOUN	1260	саамы	Saami	народность финно-угорской этноязыковой группы, живущая на Кольском полуострове России, а также на севере Финляндии, Швеции, Норвегии	a Finno-Ugric ethnic group living on the Kola Peninsula of Russia, as well as in northern Finland, Sweden, and Norway
B42	NOUN	1261	карелы	Karelians	народ, проживающий в Карелии и соседних регионах; носители карельского языка	the people living in Karelia and neighboring regions; speakers of the Karelian language
B42	NOUN	1262	вепсы	Vepses	представители малого финно-угорского народа, живущего в Карелии, Вологодской и Ленинградской областях в России, до 1917 вепсы официально именовались чудью	a Finno-Ugric people of northwest Russia
B42	NOUN	1263	шведы	Swedes	народ, основное население Швеции; носители шведского языка	the people, main population of Sweden; speakers of the Swedish language
B42	NOUN	1264	немцы	Germans	представители народа германской этноязыковой группы, составляющего коренное население Германии, Австрии и Лихтенштейна; также граждане, уроженцы или жители Германии, либо потомки выходцев из этой страны	members of the people of the Germanic ethnolinguistic group constituting the indigenous population of Germany, Austria and Liechtenstein; also citizens, natives or residents of Germany, or descendants of immigrants from this country
B42	NOUN	1431	карельский язык	Karelian language	язык прибалтийско-финской группы, на котором говорят карелы	a Baltic-Finnic language spoken by Karelians
B42	NOUN	1432	русский язык	Russian language	язык восточнославянской группы, государственный язык России	an East Slavic language, the state language of Russia
B42	NOUN	1433	карел, карелка	Karelian person	представитель карельского народа; носитель карельской культуры	a representative of the Karelian people; a bearer of Karelian culture
B42	NOUN	1443	разговор	conversation	обмен словами, мыслями между людьми; устное общение	an exchange of words, thoughts between people; oral communication
B43	NOUN	1265	праздник	holiday; festival; celebration	особый день, отмечаемый торжественно; время отдыха, веселья	a special day observed ceremonially; a time of rest, merriment
B43	NOUN	1266	гость	guest	тот, кто пришёл, приехал и т. п. навестить кого-либо, провести у кого-либо время или с какой-либо иной целью	a recipient of hospitality, especially someone staying by invitation at the house of another
B43	NOUN	1267	гостинец	present	вещь, предмет, сладости и т. п., обычно приносимые, привозимые или присылаемые откуда-либо в знак внимания, в качестве подарка	thing, object, sweets, etc., usually brought or sent from somewhere as a sign of attention, as a gift
B43	VERB	1268	дарить	to gift	передавать кому-либо какой-либо объект в собственность с уведомлением о совершаемом действии	to give as a gift or donation
B43	VERB	1269	танцевать, плясать	to dance	совершать ритмичные движения телом под музыку; исполнять танец	to make rhythmic body movements to music; to perform a dance
B43	VERB	1270	петь	to sing	издавать музыкальные звуки голосом, исполнять мелодию со словами	to produce musical sounds with the voice, perform a melody with words
B43	NOUN	1271	песня	song	музыкальное произведение для исполнения голосом, часто со стихами	a musical composition for vocal performance, often with poetry
B43	VERB	1272	играть, забавляться, развлекаться	to play; to amuse oneself	проводить время в приятных занятиях, играх, развлечениях	to spend time in pleasant activities, games, entertainment
B43	NOUN	1273	кантеле	kantele	национальный струнный щипковый инструмент финно-угорских народов	a national plucked string instrument of Finno-Ugric peoples
B43	VERB	1274	свистеть	to whistle	издавать свистящий звук губами, пальцами или инструментом	to produce a whistling sound with lips, fingers, or an instrument
B43	VERB	1275	звенеть	to jingle	издавать чистый, высокий звук, как от металла, стекла, колокольчика	to produce a clear, high-pitched sound, like metal, glass, or a bell
B43	VERB	1276	играть (на гармони)	to play (the accordion)	исполнять какое-нибудь музыкальное произведение на музыкальном инструменте; вообще извлекать звуки из музыкального инструмента	to perform a piece of music on a musical instrument; to produce sounds from a musical instrument in general
B43	NOUN	1277	веселье	fun	праздник, развлечение, праздничное шествие	playful, often noisy, activity
B43	VERB	1278	отдыхать	to rest	прекращать активную деятельность для восстановления сил; проводить время спокойно	to cease active work to restore strength; to spend time calmly
B43	NOUN	1279	кукла	doll	игрушка в виде человека, животного	a toy in the form of a human or animal
B43	NOUN	1280	мяч	ball	круглый предмет для игр, спорта; отскакивает при ударе	a round object for games, sports; bounces when struck
B43	NOUN	1441	артист	actor	профессиональный исполнитель произведений искусства, преимущественно театрального или вокального	a person who portrays a character in a production
B51	NOUN	1281	деревня, село	village	любой сельский населённый пункт, в т.ч. в других странах	any rural settlement
B51	NOUN	1282	собрание	meeting	совместное присутствие людей для обсуждения, принятия решений	a joint presence of people for discussion, decision-making
B51	NOUN	1283	мир	peace	отсутствие войны, согласие между людьми	the absence of war, harmony between people
B51	NOUN	1284	артель	artel	добровольное, обычно временное, объединение физических лиц для совместной работы на основе общей ответственности, самоуправления и долевого участия в доходах	a Russian or Soviet craftsmen's collective
B51	NOUN	1285	род	kin; clan	группа людей, связанных общим происхождением; предки, потомки	a group of people connected by common descent; ancestors, descendants
B51	NOUN	1286	племя	tribe	общность людей с единым языком, культурой, территорией; этническая группа	a community of people with a common language, culture, territory; an ethnic group
B51	NOUN	1287	город	city	сравнительно крупный населённый пункт с развитой административной, хозяйственной и культурной инфраструктурой	a relatively large settlement with a developed administrative, economic and cultural infrastructure
B51	NOUN	1288	закон	low	официальное правило, установленное властью; норма поведения, обязательная для исполнения	an official rule established by authority; a behavioral norm mandatory for compliance
B51	NOUN	1289	сосед	neighbor	человек, живущий рядом, по соседству; житель близлежащего дома или участка	a person living nearby, in the neighborhood; a resident of an adjacent house or plot
B51	NOUN	1297	война	war	вооружённая борьба, боевые действия между племенами, народами, государствами и т. п. или общественными классами внутри государства, направленные на уничтожение кого-либо или чего-либо	organized, large-scale, armed conflict between countries or between national, ethnic, or other sizeable groups, usually but not always involving active engagement of military forces
B51	NOUN	1298	весть	news	известие, сообщение	piece of news, message
B51	NOUN	1299	пари	bet; wager	соглашение о споре на деньги или ценность; условие, при котором проигравший платит	an agreement to dispute over money or value; a condition where the loser pays
B51	VERB	1300	ладить, жить в согласии, мире	to get along; to be at peace	поддерживать хорошие отношения, избегать конфликтов; сосуществовать дружелюбно	to maintain good relations, avoid conflicts; to coexist amicably
B51	NOUN	1301	воля	freedom	свобода, не связанная ограничениями; отсутствие зависимости от кого-, чего-либо, возможность располагать собою по собственному усмотрению, без отчёта кому бы то ни было; свобода от внутренней связи с кем-, чем-либо	the state of being free, of not being imprisoned or enslaved
B51	VERB	1302	встречать	to meet	оказываться около кого-либо, обнаруживать перед собою кого-либо	to come face to face with by accident; to encounter
B51	NOUN	1430	помощь	help	действие, направленное на облегчение труда, решение проблемы; содействие	an action aimed at easing work, solving a problem; support, aid
B51	NOUN	1440	армия	army	совокупность всех сухопутных, морских и воздушных вооружённых сил государства	a large, highly organized military force, concerned mainly with ground (rather than air or naval) operations
B511	NOUN	1290	школа	school	учреждение для систематического обучения детей, подростков; образовательная организация	an institution for systematic education of children, adolescents; an educational organization
B511	VERB	1291	учить	to teach	передавать знания, навыки; заниматься педагогической деятельностью	to impart knowledge, skills; to engage in pedagogical activity
B511	VERB	1292	читать	to read	воспринимать письменную информацию, понимать знаки, буквы, слова	to perceive written information, understand signs, letters, words
B511	NOUN	1293	бумага	paper	печатный материал, изготовляемый из целлюлозы	A sheet material typically used for writing on or printing on (or as a non-waterproof container), usually made by draining cellulose fibres from a suspension in water
B511	NOUN	1294	карандаш	pencil	инструмент для письма, рисования; стержень в деревянной оболочке	a tool for writing, drawing; a rod in a wooden casing
B511	VERB	1295	писать	to write	изображать буквы, слова, знаки для передачи информации; создавать текст	to depict letters, words, signs to convey information; to create text
B511	NOUN	1296	письмо	writing	текст, отправляемый адресату; также — система знаков для записи языка	a text sent to a recipient; also — a system of signs for recording language
B52	NOUN	1303	бог	god	высшее сверхъестественное существо, объект поклонения	a deity or supreme being; a supernatural, typically immortal, being with superior powers, to which personhood is attributed
B52	NOUN	1304	церковь	church	здание для христианских богослужений; также — религиозная организация	a building for Christian worship; also — a religious organization
B52	NOUN	1305	часовня	chapel	небольшое культовое здание с иконами, но без алтаря; место для молитвы	a small religious building with icons but no altar; a place for prayer
B52	NOUN	1306	крест	cross	символ христианской веры в виде длинного вертикального стержня, пересеченного у верхнего конца перекладиной; то же, что крестное знамение магический жест христиан, знак креста, изображаемый перекрёстным движением правой руки	a symbol of the Christian faith in the form of a long vertical rod crossed at the upper end by a crossbar; the same as the sign of the cross, a magical gesture of Christians, the sign of the cross, depicted by a crossing motion of the right hand.
B52	ADJ	1307	святой	holy; saint	обладающий высшим, божественным совершенством	possessing the highest, divine perfection
B52	NOUN	1308	поп	priest; Orthodox clergyman	служитель православной церкви; священник, ведущий богослужения	a clergyman of the Orthodox Church; a priest conducting religious services
B52	NOUN	1309	вера	faith	убеждённость в существовании Бога	a religious or spiritual belief system
B52	ADJ	1310	поганый	pagan; heathen; ritually impure	религиозно нечистый, неверный, также языческий; не принадлежащий к истинной вере, не освящённый церковью; ритуально нечистый, скверный с точки зрения религиозных предписаний	religiously unclean, infidel, also pagan; not belonging to the true faith, not sanctified by the church; ritually impure or defiled according to religious precepts
B52	NOUN	1311	грех	sin	нарушение действием, словом или мыслью воли Бога, религиозно-нравственных предписаний или правил	a violation of God's will or religious law
B52	VERB	1312	благословлять	to bless	совершать обрядовое действо — знамение креста, произнося слова молитвы, призывающие Бога оказать покровительство или помощь кому-либо в новых жизненных обстоятельствах или в каком-либо важном, трудном деле	to make something holy by religious rite, sanctify
B52	VERB	1313	прощать	to forgive (sins); to grant absolution; to show mercy	отпускать грехи, проявлять милосердие к кающемуся; отказываться от осуждения, гнева в соответствии с религиозным учением; совершать акт духовного примирения, даровать прощение по образцу божественного всепрощения	to remit sins, to show mercy to the repentant; to refrain from condemnation or wrath in accordance with religious teaching; to perform an act of spiritual reconciliation, to grant forgiveness following the model of divine mercy
B52	NOUN	1314	рождество	Christmas	христианский праздник рождения Иисуса Христа; отмечается 25 декабря / 7 января	a Christian holiday celebrating the birth of Jesus Christ; observed December 25 / January 7
B52	NOUN	1315	святки	Christmastide	период от Рождества до Крещения в православной традиции; время колядок, гаданий	the period from Christmas to Epiphany in Orthodox tradition; a time of carols, fortune-telling
B52	NOUN	1316	Троица	Trinity	христианский праздник сошествия Святого Духа; один из православных праздников, отмечаемый на пятидесятый день после Пасхи	a Christian holiday celebrating the descent of the Holy Spirit; one of the Orthodox holidays, celebrated on the fiftieth day after Easter
B52	NOUN	1317	пост	fasting	период воздержания от определённой пищи, развлечений по религиозным предписаниям	a period of abstaining from certain foods, entertainments according to religious precepts
B52	NOUN	1318	Пасха	Easter	главный христианский праздник, установленный в честь воскресения Иисуса Христа и отмечаемый ежегодно в воскресенье после первого полнолуния, наступающего после дня весеннего равноденствия в период с 22 марта вплоть до 25 апреля по юлианскому календарю (с 	the main Christian holiday celebrating the resurrection of Jesus Christ; observed in spring
B52	NOUN	1319	крещение	christening, baptising	христианский обряд введения в веру через омовение водой	Christian rite of introduction to the faith through washing with water
B52	NOUN	1320	мясоед (скоромное время)	meat-eating period; non-fasting time	временной период, в течение которого по уставу православной церкви разрешается употребление мясной пищи	a time when non-fasting food (meat, dairy) is permitted outside of fasting periods
B52	NOUN	1321	колокол	bell	отлитый из металла (обычно меди, медного сплава) ударный самозвучащий музыкальный или сигнальный инструмент в форме полого усечённого конуса, (обычно) с подвешенным внутри]ъ металлическим стержнем (языком) для извещения, созыва, богослужений	a metal hanging instrument for signaling, summoning, religious services
B52	VERB	1322	гадать	to tell fortunes	суеверно пытаться узнать будущее по приметам, картам и другим предполагаемым источникам тайных знаний	to tell someone's destiny or future, usually by magic
B52	NOUN	1323	колдун	sorcerer; wizard	человек, практикующий магию, колдовство в народных поверьях	a person practicing magic, witchcraft in folk beliefs
B52	NOUN	1324	порча (в поверьях)	hex; curse; evil spell (folk belief)	вредоносное магическое воздействие в народных представлениях; сглаз, наговор	a harmful magical influence in folk beliefs; the evil eye, a spell
B52	NOUN	1325	черт	devil; demon	злой дух в религиозных и народных представлениях; воплощение зла	an evil spirit in religious and folk beliefs; the embodiment of evil
B52	NOUN	1326	леший	forest spirit; Slavic forest guardian	в славянской мифологии сказочный персонаж, дух леса, его хозяин, обычно враждебный человеку	a mythological forest spirit in Slavic folklore; a protector or trickster
B53	NOUN	1445	документ	document	материальный объект с зафиксированной на нём информацией в виде текста, звукозаписи или изображения, предназначенный для передачи во времени и пространстве в целях хранения и общественного использования	an original or official paper used as the basis, proof, or support of anything else, including any writing, book, or other instrument conveying information pertinent to such proof or support
C1	ADJ	1327	пустой, порожний	empty	не содержащий ничего внутри; свободный от содержания, наполнения	containing nothing inside; free of content, filling
C1	ADJ	1328	легкий (по весу)	lightweight; not heavy	имеющий малый вес, массу; не обременительный для переноски	having small weight, mass; not burdensome to carry
C1	ADJ	1329	тяжелый (по весу)	heavy; weighty	имеющий большой вес, массу; трудный для подъёма, переноски	having large weight, mass; difficult to lift or carry
C1	NOUN	1330	количество	quantity	мера того, сколько чего-либо имеется; численное выражение объёма	a measure of how much of something exists; a numerical expression of volume
C1	NOUN	1331	охапка	armful	количество предметов, которое можно удержать в объятиях, руках	an amount of items that can be held in one's arms or hands
C1	NOUN	1332	пядь	hand span	старорусская единица измерения длины, соответствующая расстоянию между расставленными концами большого и указательного пальцев руки, чуть меньше 18 см	an old Russian unit of measurement of length, corresponding to the distance between the spread tips of the thumb and index finger of the hand, slightly less than 18 cm
C1	NOUN	1333	сажень	sazhen	старинная русская мера длины, приблизительно равная расстоянию между концами пальцев раскинутых в стороны рук (около 2,13 м)	a traditional Russian unit of length, approximately equal to the distance between the fingertips of outstretched arms (about 2.13 m); various types existed (arm-span sazhen, diagonal sazhen, official sazhen); used for measuring distances, depth, height in
C1	NOUN	1334	аршин	arshin	старинная русская мера длины, равная 0,711 метра	an obsolete Russian length unit, equal to 71.12 centimeters, or 28 inches
C1	NOUN	1335	верста	verst	устаревшая русская единица измерения расстояния, равная 1066,8 метра	a Russian unit of length, equivalent to about 1.07 kilometres or about 2⁄3 of a mile
C1	NOUN	1336	горсть	handful	количество, объём того, что удерживается в руке (руках)	the amount that a hand will grasp or contain
C1	NOUN	1337	щепоть, щепотка	pinch	небольшое количество сыпучего вещества, которое можно удержать между пальцами	a small amount of bulk substance that can be held between the fingers
C1	ADV	1338	еще	more	дополнительно; вдобавок к тому же са́мому или в добавление к чему-, кому-либо	in greater number, quantity, amount, or proportion
C1	SCONJ	1339	если	if	употребляется при присоединении придаточного предложения, выражающего потенциально возможное условие	supposing that, assuming that, in the circumstances that; used to introduce a condition or choice
C1	ADV	1340	совсем	completely; entirely; altogether	полностью, до конца; без остатка, исключения	fully, to the end; without remainder, exception
C1	ADJ	1341	единственный	the only one	только один, всего один; существующий только в одном экземпляре	existing in only one copy
C1	ADJ	1342	последний	last; final	находящийся в конце ряда, последовательности; завершающий	being at the end of a series, sequence; concluding
C1	PRON	1343	весь	the whole	совершенно, целиком	entire, undivided
C1	ADJ	1344	многочисленный	numerous	состоящий из большого количества; имеющий много элементов	consisting of a large quantity; having many elements
C1	ADJ	1345	малочисленный	few; scarce; limited in number	состоящий из небольшого количества; имеющий мало элементов	consisting of a small quantity; having few elements
C1	ADV	1346	изрядно, порядочно, довольно	fairly, pretty well	в значительной степени, достаточно; более, чем немного	to a considerable degree, sufficiently; more than a little
C1	ADJ	1347	лишний	extra	превышающий потребность, норму; не нужный в данный момент	exceeding need, norm; not needed at the moment
C1	NOUN	1348	раз	time	однократное действие, один случай в ряду однородных случаев	a single action, one instance in a series of similar instances
C1	PRON	1349	оба, обе	both	указание на два предмета, лица вместе; совокупность двух элементов	indication of two objects, persons together; the totality of two elements
C1	NUM	1350	один	one	целое число между нулём и двумя	an integer between zero and two
C1	NUM	1351	два	two	целое число между 1 (один) и 3 (три)	a numerical value equal to 2; integer between 1 (one) and 3 (three)
C1	NUM	1352	три	three	натуральное число между двумя и четырьмя	the natural number between two and four
C1	NUM	1353	четыре	four	натуральное число между тремя и пятью	the natural number between three and five
C1	NUM	1354	пять	five	натуральное число между четырьмя и шестью	the natural number between four and six
C1	NUM	1355	шесть	six	натуральное число между пятью и семью	the natural number between five and seven
C1	NUM	1356	семь	seven	натуральное число между шестью и восемью	the natural number between six and eight
C1	NUM	1357	восемь	eight	натуральное число между семью и девятью, а также цифра, обозначающая это число	the number occurring after seven and before nine
C1	NUM	1358	девять	nine	натуральное число между восемью и десятью	a numerical value equal to 9; the number following eight and preceding ten
C1	NUM	1359	десять	ten	натуральное число между девятью и одиннадцатью	the number occurring after nine and before eleven
C1	NUM	1360	сто	hundred	натуральное число, равное десяти десяткам	the natural number equal to ten tens
C1	NUM	1361	тысяча	thousand	натуральное число, равное десяти сотням	the natural number equal to ten hundreds
C1	NOUN	1362	половина	half	одна из двух равных частей целого; 50% от общего количества	one of two equal parts of a whole; 50% of the total quantity
C1	NUM	1363	полтора	one and a half	число, равное одному целому и одной второй; 150% от единицы	a number equal to one whole and one half; 150% of a unit
C2	ADJ	1364	прямой	straight; direct	не имеющий изгибов, искривлений; кратчайший путь между точками	having no bends, curves; the shortest path between points
C2	ADJ	1365	правый	right	противоположный левому; находящийся на стороне, противоположной сердцу в нормальном человеческом организме	opposite to the left; located on the side opposite the heart in the normal human body
C2	ADJ	1366	левый	left	находящийся слева, на стороне, соответствующей положению сердца в человеческом организме	located on the left, on the side corresponding to the position of the heart in the human body
C2	ADJ	1367	близкий	close	находящийся недалеко, на небольшом расстоянии от кого-либо или от чего-либо	located close, at a short distance from someone or something
C2	ADJ	1368	далёкий	far	отдалённый, находящийся на большом расстоянии	at, to, or by a great distance (used to indicate the extent to which one thing is distant from another)
C2	ADJ	1369	задний	located behind, behind the rest	находящийся сзади, за остальными	located behind, behind the rest
C2	ADV	1370	вниз	down	по направлению, соответствующему уменьшению высоты, к низу чего-либо	from a higher position to a lower one; downwards
C2	ADV	1371	вверх	upwards	по направлению от земли, в сторону увеличения высоты	towards a higher place; towards what is above
C2	ADV	1372	сквозь, насквозь	through; across	указание на проникновение, прохождение внутри объекта или пространства	indication of penetration, passage inside an object or space
C2	ADJ	1373	передний	front	находящийся спереди, впереди; противоположный заднему	located at the front, ahead; opposite of rear
C2	ADJ	1374	средний	middle; average	находящийся в центре, между крайними	located in the center, between extremes
C2	ADJ	1375	длинный	long	имеющий большую длину, протяжённый	having much distance from one terminating point on an object or an area to another terminating point (usually applies to horizontal dimensions)
C2	ADJ	1376	узкий	narrow	имеющий малую ширину; ограниченное пространство по бокам	having small width; limited space on the sides
C2	ADJ	1377	широкий	wide	имеющий большую ширину; значительное пространство по бокам	having large width; considerable space on the sides
C2	ADJ	1378	редкий	sparse	имеющий большие промежутки между элементами; расположенный негусто, с заметными интервалами в пространстве; не плотный, не частый по распределению объектов на поверхности или в объёме	having large gaps between elements; arranged not densely, with noticeable intervals in space; not thick, not frequent in distribution of objects across a surface or volume
C2	ADJ	1379	частый	dense; closely spaced	имеющий малые промежутки между элементами; расположенный густо, плотно, с небольшими интервалами в пространстве; не редкий, с частым распределением объектов на поверхности или в объёме	having small gaps between elements; arranged thickly, with small intervals in space; not sparse, with frequent distribution of objects across a surface or volume
C2	ADJ	1380	короткий	short	имеющий малую длину, продолжительность; не длинный	having small length, duration; not long
C2	ADJ	1381	круглый	round	имеющий форму круга, шара; без углов, с плавными очертаниями	having the shape of a circle, sphere; without angles, with smooth contours
C2	ADJ	1382	гладкий, ровный	smooth	имеющий ровную поверхность, без шероховатостей, изломов, мелких выступов или впадин	having a texture that lacks friction; not rough
C2	ADJ	1383	кривой (о предмете)	crooked; curved	имеющий изгиб, отклонение от прямой линии; не прямой	having a bend, deviation from a straight line; not straight
C2	NOUN	1384	сторона	side	пространство, находящееся в каком-либо направлении от чего-либо, а также само это направление	space located in any direction from something, as well as this direction itself
C2	NOUN	1385	край	edge	граница, предел объекта или территории	the boundary, limit of an object or territory
C2	NOUN	1386	север	north	одна из четырёх сторон света; направление к Северному полюсу	one of the four cardinal directions; the direction toward the North Pole
C2	NOUN	1387	юг	south	одна из четырёх сторон света; направление к Южному полюсу	one of the four cardinal directions; the direction toward the South Pole
C2	NOUN	1388	запад	west	одна из четырёх сторон света; направление, где заходит солнце	one of the four cardinal directions; the direction where the sun sets
C2	NOUN	1389	восток	east	сторона света, противоположная западу и соответствующая направлению на восход солнца	one of the four principal compass points, specifically 90°, conventionally directed to the right on maps; the direction of the rising sun at an equinox
C2	ADV	1390	где	where	в каком месте; местоименное вопросительное слово в вопросах о месте (местонахождении)	in, at or to which place or situation
C2	ADV	1391	куда	where to; whither; to what place	в какое место, в каком направлении	to what place, in what direction
C2	ADV	1392	там	there; in that place; at that location	указание на удалённое от говорящего место; не здесь	indication of a place distant from the speaker; not here
C2	ADV	1393	туда	there; to that place; thither	указание на направление к удалённому месту; не сюда	indication of direction toward a distant place; not hither
C2	ADV	1394	сюда	here; to this place; hither	указание на направление к месту говорящего; не туда	indication of direction toward the speaker's location; not thither
C2	NOUN	1435	конец	end, ending	завершение процесса, действия; граница во времени или пространстве	the completion of a process, action; a boundary in time or space
C2	NOUN	1438	пространство	space	трёхмерная непрерывность, в которой существуют объекты; место	the three-dimensional continuum in which objects exist; place
C2	NOUN	1439	начало	beginning; start	начальная точка процесса, действия; источник, истоки	the initial point of a process, action; a source, origin
C3	NOUN	1395	время	time	сезон, пора	an instant of time
C3	NOUN	1396	час	hour	единица измерения времени, равная 60 минутам	a unit of time measurement equal to 60 minutes
C3	NOUN	1397	часы	clock; watch	прибор для измерения, отображения времени	a device for measuring, displaying time
C3	NOUN	1398	утро	morning	время суток после ночи, до полудня; начало дня	the time of day after night, before noon; the beginning of the day
C3	NOUN	1399	день	day	часть суток от восхода до заката солнца или между утром и вечером (примерно от 12 до 18 часов)	the time when the Sun is above the horizon and it lights the sky
C3	NOUN	1400	вечер	evening	часть суток между днём и ночью (примерно от 17 до 23 часов включительно)	the time of the day between dusk and night, when it gets dark
C3	NOUN	1401	ночь	night	время суток после вечера, до утра; период темноты	the time of day after evening, before morning; the period of darkness
C3	ADV	1402	вчера	yesterday	день, прямо предшествующий текущему	the day immediately before today; one day ago
C3	ADV	1403	сегодня	today	текущий день, в который происходит речь; не вчера и не завтра	the current day in which speech occurs; not yesterday and not tomorrow
C3	ADV	1404	завтра	tomorrow	день, следующий за текущим; будущее время относительно сегодня	the day following the current one; future time relative to today
C3	ADV	1405	прежде, раньше	before; earlier; previously	в более раннее время; до настоящего момента или другого события	at an earlier time; until now or another event
C3	ADV	1406	поздно	late	после надлежащего, ожидаемого момента; не вовремя	after the proper, expected moment; not on time
C3	ADV	1407	когда	when; at what time	в какое время	At what time? At which time? Upon which occasion or circumstance? Used to introduce direct or indirect questions about time.
C3	ADV	1408	всегда	always	в любой момент времени, во все времена	at all times; throughout all time; since the beginning
C3	ADV	1409	быстро	fast	с большой скоростью; не теряя времени, не мешкая	quickly, with great speed; within a short time
C3	NOUN	1410	неделя	week	период из семи дней; календарная единица между понедельниками	a period of seven days; a calendar unit between Mondays
C3	NOUN	1411	месяц (календарный)	month	период примерно в 30 дней; календарная единица года	a period of approximately 30 days; a calendar unit of the year
C3	NOUN	1412	понедельник	Monday	первый день рабочей недели в многих культурах; день после воскресенья	the first day of the work week in many cultures; the day after Sunday
C3	NOUN	1413	вторник	Tuesday	второй день недели; день, следующий за понедельником	the third day of the week in many religious traditions, and the second day of the week in systems that use the ISO 8601 norm; it follows Monday and precedes Wednesday
C3	NOUN	1414	среда	Wednesday	средний день рабочей недели; день между вторником и четвергом	the middle day of the work week; the day between Tuesday and Thursday
C3	NOUN	1415	четверг	Thursday	четвёртый день недели; день перед пятницей	the fourth day of the week; the day before Friday
C3	NOUN	1416	пятница	Friday	пятый день недели; последний рабочий день перед выходными	the fifth day of the week; the last work day before the weekend
C3	NOUN	1417	суббота	Saturday	шестой день недели; день отдыха в некоторых традициях	the sixth day of the week; a day of rest in some traditions
C3	NOUN	1418	воскресенье	Sunday	день недели между субботой и понедельником	the first day of the week in many religious traditions, and the seventh day of the week in systems using the ISO 8601 standard; the Christian Sabbath; the Lord's Day; it follows Saturday and precedes Monday
C3	NOUN	1419	период	period; interval	отрезок времени с определёнными границами; фаза, этап	a segment of time with defined boundaries; a phase, stage
C3	ADV	1420	давно	long ago	много времени назад	at a time in the past, especially the distant past
C3	ADV	1421	теперь	now	в данный момент времени; в настоящее время	at the current moment in time; in the present time
C3	ADV	1422	тогда	then; at that time; in those days	в указанный ранее момент времени; в прошлом или будущем относительно речи	at a previously specified moment in time; in the past or future relative to speech
C3	NOUN	1423	год	year	единица измерения времени, определяемая астрономически и равная периоду обращения планеты вокруг её звезды (в частном случае для Земли — 365 или 366 дней)	a period of time akin to the time taken for the Earth to undergo a full cycle of seasons
C3	ADV	1424	в прошлом году	last year	год, предшествующий текущему; время 12 месяцев назад	the year preceding the current one; a time 12 months ago
C3	NOUN	1425	зима	winter	время года с низкими температурами, снегом; между осенью и весной	the season with low temperatures, snow; between autumn and spring
C3	NOUN	1426	весна	spring	одно из четырёх времён года между зимой и летом	the season of the year in temperate regions in which plants spring from the ground and into bloom and dormant animals spring to life
C3	NOUN	1427	лето	summer	время года с высокими температурами, длинным днём; между весной и осенью	the season with high temperatures, long days; between spring and autumn
C3	NOUN	1428	осень	autumn; fall	время года с увяданием природы, сбором урожая; между летом и зимой	the season with nature's decline, harvest gathering; between summer and winter
