category_id	pos	concept_id	concept_ru	concept_en	definition_ru	definition_en
A11	NOUN	1	земля, суша	land, ground	часть земной коры, выступающая над уровнем Мирового океана, земная твердь (в отличие от водного или воздушного пространства), материк, берег	the part of Earth which is not covered by oceans or other bodies of water
A11	NOUN	2	небо	sky	пространство над поверхностью Земли или другого астрономического объекта, панорама, открывающаяся при взгляде с этого объекта в направлении космоса	the atmosphere above a given point, especially as visible from the surface of the Earth as the place where the sun, moon, stars, and clouds are seen
A11	NOUN	3	солнце	sun	звезда, являющаяся центром Солнечной системы, как шарообразный светящийся небесный объект, видимый с Земли	a star, especially when seen as the centre of any single solar system
A11	VERB	4	взойти (о небесных светилах)	to rise (of a heavenly body)	появиться, подняться над горизонтом (о небесных светилах)	to appear to move upwards from behind the horizon of a planet as a result of the planet's rotation
A11	VERB	5	опуститься, закатиться (о небесных светилах)	то descend, to set (of a heavenly body)	скрыться за горизонтом, зайти (о небесном светиле)	to disappear behind the horizon, to go down (about a heavenly body)
A11	NOUN	6	луна	moon	естественный спутник Земли (Луна) как светящийся объект на небе	Earth's natural satellite (the Moon) as a luminous object in the sky
A11	NOUN	7	звезда	star	небесное тело, по своей природе сходное с Солнцем, вследствие огромной отдалённости видимое с Земли как светящаяся точка на небесном своде	Any small, natural and bright dot in the sky, most visible in the night or twilight sky.
A11	NOUN	1434	пешеход	pedestrian		
A12	NOUN	8	погода	weather	состояние нижнего слоя атмосферы в определённом месте в определённый момент	the short-term state of the atmosphere at a specific time and place, including the temperature, relative humidity, cloud cover, precipitation, wind, etc.
A12	ADJ	9	тёмный (о ночи)	dark, gloomy	погружённый во мрак, в темноту	not very illuminated; dim because of darkness, especially when appearing depressing or frightening
A12	ADJ	10	мокрый	wet	покрытый или пропитанный водой, влажный	covered or soaked with water, damp
A12	NOUN	11	изморось (мелкий дождь)	drizzle	очень мелкий, моросящий дождь	very fine, drizzling rain
A12	NOUN	12	слякоть	slush	погода сырая с дождем и мокрым снегом	the weather is damp with rain and wet snow
A12	NOUN	13	вёдро	fair weather	тёплая ясная солнечная сухая погода (не о зимней поре)	fair and warm weather (in the summer) 
A12	ADJ	14	ясный (о погоде)	clear; lucid	 светлый, ничем не затемнённый; безоблачный 	bright, not darkened by anything; cloudless
A12	ADJ	15	сухой	dry	не содержащий влаги, не покрытый водой	free from moisture, not covered with water
A12	NOUN	16	роса	dew	атмосферные осадки в виде мелких капелек воды, осаждающихся из влажного воздуха на земле, растениях и т. п. при охлаждении, понижении температуры	any moisture from the atmosphere condensed by cool bodies upon their surfaces
A12	NOUN	17	тень (пространство, защищенное от солнца)	shadow (space protected from the sun)	участок поверхности или область пространства, менее ярко освещённые по сравнению с прочими, скрытые от прямых лучей света	an area protected by an obstacle (likened to an object blocking out sunlight)
A12	NOUN	18	тень (отражение от человека или предмета)	shadow (reflection from a person or object)	тёмный силуэт, формируемый на освещённой поверхности загораживающим свет объектом	a dark image projected onto a surface where light (or other radiation) is blocked by the shade of an object
A12	NOUN	19	сумерки	twilight, dusk	полутёмный промежуток между заходом солнца и ночью, а также в предрассветные часы	the time when said light is visible; the period between daylight and darkness. 
A12	NOUN	20	туман	fog	атмосферное явление, характеризующееся большим количеством в воздухе микроскопических капель воды или кристалликов льда, снижающих прозрачность атмосферы	an atmospheric phenomenon characterized by a large number of microscopic water droplets or ice crystals in the air, which reduce the transparency of the atmosphere
A12	NOUN	21	пар	steam, vapor	газообразное состояние вещества в условиях, когда газовая фаза может находиться в равновесии с жидкой или твёрдой фазами того же вещества	the hot gaseous form of water, formed when water changes from the liquid phase to the gas phase (at or above its boiling point temperature)
A12	NOUN	22	дождь	rain	атмосферные осадки в виде капель или струй воды	condensed water falling from a cloud
A12	VERB	23	дождить	to rain	о дожде (начинающемся и прекращающемся или затяжном): идти	to have rain fall from the sky
A12	VERB	24	капать	to drip, to dribble	падать каплями (о жидкости)	to fall one drop at a time
A12	NOUN	25	ветер	wind	атмосферное явление, представляющее собой горизонтальное движение воздуха; в более широком смысле — вообще поток любого газа	real or perceived movement of atmospheric air usually caused by convection or differences in air pressure
A12	VERB	26	дуть (о ветре)	to blow (about the wind)	веять, вызывать продолжительное движение воздуха	to produce an air current
A12	NOUN	27	ветер весенний	spring wind	движение воздуха, приносящее за собой весну	movement of air bringing spring
A12	NOUN	28	вихрь	whirlwind	порывистое круговое движение потока жидкости или газа	a phenomenon in which a vortex of wind (a vertically oriented rotating column of air) forms due to instabilities and turbulence created by heating and flow (current) gradients
A12	NOUN	29	радуга	rainbow	атмосферное оптическое явление, разноцветная дугообразная полоса на небесном своде, включающая плавно переходящие друг в друга оттенки от фиолетового до красного	a multicoloured arch in the sky, produced by prismatic refraction of light within droplets of rain in the air
A12	NOUN	30	лужа	puddle	углубление со скопившейся в нём водой	a small, often temporary, pool of water, usually on a path or road
A12	NOUN	31	град	hail	атмосферные осадки в виде сферических частиц или кусочков плотного льда (градин) неправильной формы, выпадающие в тёплое время года из мощных кучево-дождевых облаков	an occurrence of precipitation as balls or pieces of ice, often in connection with a thunderstorm; a hailstorm
A12	NOUN	32	снег	snow	вид атмосферных осадков в виде небольших хлопьев застывшей воды (снежинок) в форме шестиугольных пластинок и шестилучевых звёздочек; выпадает из облаков при температуре воздуха ниже 0 °C	the partly frozen, crystalline state of water that falls from the atmosphere as precipitation in flakes; also, the falling of such flakes; and the accumulation of them on the ground or on objects as a white layer
A12	NOUN	33	мороз	frost	очень сильный холод, также холодная погода	the cold weather that causes these ice crystals to form
A12	NOUN	34	лёд	ice	минерал, вода в замёрзшем, затвердевшем состоянии, кристаллическое бесцветное, прозрачное вещество	water in frozen (solid) form
A12	NOUN	35	заморозок	overnight freeze, cold snap	лёгкий мороз, обычно по утрам весной или осенью, когда дни теплые	light frost, usually in late spring or early autumn, when days are warm
A12	NOUN	36	иней	hoarfrost	тонкий слой мелких кристалликов льда, покрывающий поверхность предметов при их резком охлаждении	originally, any frozen dew forming a white deposit on exposed surfaces
A12	NOUN	37	пороша	freshly-fallen snow	свежий, только что выпавший снег	fresh, just-fallen snow
A12	NOUN	38	метель	blizzard, snowstorm	сильный ветер переменного направления со снегом; вьюга	a large snowstorm accompanied by strong winds and greatly reduced visibility caused by blowing snow
A12	NOUN	39	сугроб	snowbank	наметённая ветром куча снега	a heap of snow
A12	NOUN	40	мерзлота	permafrost	мёрзлое состояние почвы; промёрзшая почва	frozen soil
A12	NOUN	41	наст	crust	твёрдая корка на снегу, образующаяся после оттепели и последующего подмерзания	a compacted, icy layer forming on top of snow after thawing and refreezing
A12	VERB	42	таять (о снеге)	to melt	переходить из твёрдого состояния в жидкое под действием тепла	to pass from a solid state into a liquid state due to heat
A21	NOUN	43	вода	water	влага, прозрачная бесцветная жидкость	a substance found at room temperature and pressure as a clear liquid; it is present naturally as rain, and found in rivers, lakes and seas; its solid form is ice and its gaseous form is steam
A21	NOUN	44	ручей	brook	небольшой водный поток, маленькая речка	a body of running water smaller than a river; a small stream
A21	NOUN	45	река	river	разновидность водотока; водный поток, значительный по объёму и направляющийся по относительно постоянному руслу от истока к устью	a large and often winding stream which drains a land mass, carrying water down from higher areas to a lower point, oftentimes ending in another body of water, such as an ocean or in an inland sea
A21	NOUN	46	берег	coast	линия границы между водой и сушей, а также полоса суши в непосредственной близости от этой линии	the edge of the land where it meets an ocean, sea, gulf, bay, or large lake
A21	NOUN	47	дно (водоёма)	bottom	твёрдая поверхность, грунт под водой водоёма	hard surface, soil under water of a reservoir
A21	NOUN	48	волна	wave	вал на поверхности водоёма при её колебании под действием ветра, сейсмических явлений, механического воздействия	a moving disturbance in the level of a body of liquid; an undulation
A21	VERB	49	утихать, успокаиваться (о ветре, реке, море и т.п.)	to subside (of wind, storm, sea, water, or natural forces)	приходить в спокойное, ровное состояние; терять силу, бурность, волнение	to become less strong, violent, or intense; to gradually return to a normal or calm state after a period of agitation or turbulence
A21	NOUN	50	водоворот	vortex	круговое — обычно быстрое — движение воды в реке, озере и т. п., возникающее при столкновении встречных течений; также место, где происходит такое движение	a whirlwind, whirlpool, or similarly moving matter in the form of a spiral or column
A21	NOUN	51	полынья	clearing, water opening	незамёрзший или протаявший участок на воде, промежуток среди льда, покрывающего водоём	a naturally formed area of open water surrounded by sea ice
A21	NOUN	52	прорубь	ice hole	отверстие, прорубленное во льду замёрзшего водоёма	a hole in the ice of a frozen body of water, often man-made with the scope of fishing
A21	NOUN	53	озеро	lake	большой естественный водоём, замкнутый в берегах	a large, landlocked stretch of water or similar liquid
A21	NOUN	54	маленькое лесное озеро	small forest lake	ламба, глухое озеро без истоков, особенно в лесу	a remote lake without sources, especially in the forest
A21	NOUN	55	пространство озера (вдали от берегов)	Lake area (away from the coast)		
A21	NOUN	56	ил	silt	вязкий осадок из минеральных и органических веществ на дне водоёма	mud or fine earth deposited from running or standing water
A21	NOUN	57	пролив	strait	сравнительно узкая полоса воды, разъединяющая участки суши и соединяющая два водных бассейна или две части водного бассейна	a relatively narrow strip of water separating two land masses and connecting two bodies of water or two parts of the same body of water
A21	NOUN	58	залив	bay	обширный участок водного пространства, вдающийся в сушу	A body of water (especially the sea) contained by a concave shoreline.
A21	NOUN	59	наволок, мыс	cape, promontory	участок суши, выдающийся острым углом в водное пространство	a piece or point of land, extending beyond the adjacent coast into a sea or lake; a promontory; a headland
A21	NOUN	60	море	sea	часть океана, обособленная сушей или островами	a large body of salt water
A21	ADJ	61	глубокий	deep	имеющий значительное расстояние между поверхностью и дном, большую глубину	extending far down from the top, or surface, to the bottom, literally or figuratively
A21	ADJ	62	мелкий (неглубокий)	shallow	имеющий небольшую глубину; такой, где от поверхности до дна небольшое расстояние	not deep; having little distance from the surface to the bottom
A21	NOUN	63	болото	bog	участок ландшафта со слоем торфа более 30 см, характеризующийся избыточным увлажнением, повышенной кислотностью и низкой плодородностью почвы, выходом на поверхность стоячих или проточных грунтовых вод, но без постоянного слоя воды на поверхности	an area of decayed vegetation (particularly sphagnum moss) which forms a wet spongy ground too soft for walking; a marsh or swamp
A21	NOUN	64	подснежная вода	subnival water 	вода, находящаяся под снежным покровом; талая или грунтовая вода, протекающая или скапливающаяся между поверхностью земли (льда) и слоем снега	water that flows or accumulates beneath a snow cover; meltwater or groundwater located between the ground (or ice) surface and the snow layer
A22	NOUN	65	гора	mountain	сильно возвышенная местность, большой холм	an elevation of land of considerable dimensions rising more or less abruptly, forming a conspicuous figure in the landscape, usually having a small extent of surface at its summit
A22	NOUN	66	скала	cliff	каменная глыба или гора с крутыми склонами и острыми выступами	a high area of land with a very steep side, especially one next to the sea; a steep face of rock and earth
A22	NOUN	67	низина	lowland	низменное место, участок земли, расположенный ниже окружающей местности 	flat land that is at, or not much higher than, sea level
A22	NOUN	68	пойма, заливной луг	floodplain, floodplain meadow	часть речной долины, затопляемая во время половодья или паводков; низменная полоса земли вдоль реки, покрываемая водой в период высокого уровня	an area of low-lying ground adjacent to a river, formed mainly of river sediments and subject to flooding
A22	NOUN	69	глина	clay	пластичная при увлажнении осадочная горная порода, используемая для производства гончарных изделий, кирпича, а также для строительных и скульптурных работ	a mineral substance made up of small crystals of silica and alumina, that is ductile when moist; the material of pre-fired ceramics
A22	NOUN	70	песок	sand	осадочная порода, состоящая из мелких зёрен кварца и других минералов	Rock that is ground more finely than gravel, but is not as fine as silt (more formally, see grain sizes chart), forming beaches and deserts and also used in construction
A22	NOUN	71	камень	stone	твёрдая горная порода; кусок, обломок такой породы	hard solid non-metallic mineral matter of which rock consists; a piece of rock
A22	NOUN	72	золото	gold (metal)	драгоценный металл жёлтого цвета	A heavy yellow elemental metal of great value
A22	NOUN	73	серебро	silver	драгоценный металл белого цвета, ковкий, тягучий, с высокой электропроводностью; химический элемент Ag	a precious shiny greyish-white metal that is used for making jewellery, ornaments, and coins; the chemical element Ag
A22	NOUN	74	медь	copper	металл красновато-розового цвета, ковкий, тягучий, с высокой электропроводностью и теплопроводностью; химический элемент Cu (атомный номер 29)	a reddish-brown metal that is ductile, malleable, and an excellent conductor of heat and electricity; the chemical element Cu (atomic number 29)
A22	NOUN	75	свинец	lead (metal)	тяжёлый мягкий металл синевато-серого цвета, ковкий, легко плавится; химический элемент Pb (атомный номер 82)	a heavy soft bluish-grey metal that is easily melted and shaped; the chemical element Pb (atomic number 82)
A22	NOUN	76	железо	iron	простое вещество, твёрдый ковкий металл серебристо-белого цвета, который ржавеет, притягивается магнитами, основной компонент чугуна и стали	A common, inexpensive metal, silvery grey when untarnished, that rusts, is attracted by magnets, and is used in making steel. 
A22	NOUN	77	ртуть	mercury (Hg)	тяжёлый жидкий металл серебристо-белого цвета, легко подвижный, испаряется при комнатной температуре; химический элемент Hg (атомный номер 80)	a heavy silvery-white liquid metal that is used in thermometers, barometers, and other scientific instruments; the chemical element Hg (atomic number 80)
A31	VERB	78	расти	to grow	произрастать, находиться где-либо; развиваться из семени, корня	to develop from a seed or root; to exist or be found in a particular place
A31	NOUN	79	цветок	flower	орган семенного размножения цветковых (покрытосеменных) растений; видоизменённый побег, состоящий из стебля, лепестков, тычинок и пестика	the seed-bearing part of a plant, consisting of reproductive organs (stamens and carpels) that are typically surrounded by a brightly coloured corolla of petals and a green calyx
A31	NOUN	80	стебель травянистого растения	stem, stalk	осевая часть побега травянистого растения, несущая листья, почки, цветки; поддерживает растение и проводит питательные вещества от корней к листьям	the main supporting structure of a plant that rises from the root and bears leaves, flowers, and fruits; conducts water and nutrients between roots and leaves
A31	NOUN	81	колос	ear, spike	соцветие злаковых растений, представляющее собой главный побег с расположенными на нём зёрнами; плотный вытянутый колос с цветками и плодами	the seed-bearing flower spike of a cereal plant, especially wheat, barley, or maize; the fruiting part of a grain plant
A31	VERB	82	цвести	to bloom, to blossom, to flower	покрываться цветами, распускаться; находиться в состоянии цветения	to produce flowers; to come into bloom; to reach a state of development or perfection
A31	VERB	83	спеть	to ripen	достигать полной зрелости; становиться готовым к употреблению, сбору	to become ripe; to reach a state of full development and readiness for harvest or consumption
A31	NOUN	84	мох	moss	низшее споровое растение, растущее обычно плотными подушкообразными зарослями на влажных местах (камнях, деревьях, земле, болотах); не имеет настоящих корней, стеблей и листьев	a small soft green plant that grows in dense clumps on damp surfaces such as rocks, trees, and soil; a non-vascular plant that reproduces by spores and lacks true roots, stems, and leaves
A31	NOUN	85	камыш	rush, reed	высокое многолетнее травянистое растение семейства осоковых, растущее в воде или на болотистых местах; имеет длинный прямой стебель с метёлкой или зонтиком на верхушке	a tall slender-leaved plant of the grass family that grows in water or on marshy ground; a wetland plant with hollow jointed stems
A31	NOUN	86	трава прошлогодняя	last year's grass	сухая прошлогодняя растительность, сохранившаяся с предыдущего вегетационного сезона; отмершая трава, лежащая на земле после зимы	dried grass from the previous growing season that remains on the ground after winter; dead vegetation from the prior year
A321	NOUN	87	дерево	tree	многолетнее, как правило, крупное растение с твёрдым стволом, мощной корневой системой и образующими крону ветвями, покрытыми листьями или иголками	a perennial woody plant, differentiated from a shrub by its larger size (typically over a few meters; yards in height) or growth habit, usually having a single (or few) main axis or trunk unbranched for some distance above the ground and a head of branche
A321	ADJ	88	гнилой (о дереве)	rotten	испорченный, повреждённый гниением, тлением	in a state of decay
A321	NOUN	89	почка (древесная)	bud	зачаточный побег дерева или кустарника; орган растения, содержащий зачаток стебля с листьями или цветками, покрытый защитными чешуйками	a small protuberance on a stem or branch of a plant, containing an undeveloped shoot, leaf, or flower; a woody plant's embryonic shoot protected by scales
A321	NOUN	90	корень	root	подземный орган растения, служащий для закрепления в почве, поглощения воды и минеральных веществ, а также для хранения питательных веществ	the underground part of a plant that anchors it in the soil, absorbs water and minerals, and stores nutrients; the basal part of a plant from which stems and leaves grow
A321	NOUN	91	дупло	tree hollow	пустота, отверстие в стволе дерева, образовавшееся на месте выгнившей древесины	a semi-enclosed cavity which has naturally formed in the trunk or branch of a tree
A321	NOUN	92	пень	stump	нижняя часть ствола срубленного или погибшего дерева, остающаяся в земле вместе с корнями; остаток дерева после валки	the part of a tree trunk that remains in the ground after the tree has been cut down; the base of the trunk with roots still attached
A321	NOUN	93	валежина	fallen wood	дерево, лежащее на земле (поваленное ветром, засохшее и т. п.)	a tree lying on the ground
A321	NOUN	94	ветвь	branch	боковой отросток, идущий от ствола дерева или стебля травянистого растения	the woody part of a tree arising from the trunk and usually dividing
A321	NOUN	95	хвоя	needle, foliage	игловидные или чешуйчатые листья хвойных деревьев (сосны, ели, пихты, кедра и др.); вечнозелёная листва голосеменных растений	a thin, pointed, leaf-like structure of a coniferous tree; the modified leaf of a pine, fir, spruce, or other evergreen tree
A321	NOUN	96	смола бегущая, живица	resin	ароматная смола, выделяющаяся из надрезов или ран на стволах хвойных деревьев (сосны, ели, пихты, кедра); застывающая на воздухе вязкая жидкость	a sticky substance secreted by certain trees, especially conifers, that hardens when exposed to air; a natural organic compound used in varnishes, adhesives, and medicines
A321	NOUN	97	сера  (смола, выделяющаяся из хвойных деревьев)	coniferous resin	смола, живица, выделяющаяся из хвойных деревьев (сосны, ели); вязкое ароматное вещество, застывающее на коре	a sticky aromatic substance secreted by coniferous trees, especially pines; tree gum that flows from wounds in the trunk and hardens when exposed to air
A321	NOUN	98	лист	leaf	орган растения, растущий от стебля и служащий для фотосинтеза, испарения воды и газообмена; обычно плоская зелёная пластина с жилками	a flattened structure of a higher plant, typically green and blade-like, that is attached to a stem and functions in photosynthesis, transpiration, and gas exchange
A321	NOUN	99	кора (древесных растений)	bark (of a tree)	наружная защитная оболочка стволов, ветвей и корней древесных растений; состоит из нескольких слоёв тканей, защищающих дерево от повреждений, высыхания, вредителей и болезней	the tough protective outer sheath covering the trunk, branches, and twigs of a tree or woody shrub; consists of multiple tissue layers that protect the tree from damage, dehydration, pests, and diseases
A321	NOUN	100	береста	birchbark	верхний слой коры берёзы	the bark of the birch tree, especially the white bark of the paper birch
A321	NOUN	101	крень (креневое дерево)	compression wood	изменение строения древесины хвойных пород в обращённой вниз (сжатой) зоне ствола и сучьев, проявляющееся в виде кажущегося утолщения и потемнения поздней зоны годичных слоёв	a type of reaction wood formed on the lower (compressed) side of leaning stems and branches in coniferous trees; characterized by darker color, higher lignin content, increased density, and altered mechanical properties compared to normal wood
A321	NOUN	102	заболонь	sapwood	наружные молодые, физиологически активные слои древесины стволов, ветвей и корней, примыкающие к образовательной ткани — камбию	the soft outer layers of recently formed wood between the heartwood and the bark, containing the functioning vascular tissue
A322	NOUN	103	лес	forest	пространство, заросшее деревьями и другими растениями; бор, роща	a dense uncultivated tract of trees and undergrowth, larger than woods
A322	NOUN	104	лес глухой	dense forest	труднопроходимый, удалённый от поселений лесной массив с густым подлеском, завалами, без дорог и троп; часто заболоченный, с преобладанием хвойных пород	a thickly wooded area with heavy undergrowth, limited light penetration, and difficult passage
A322	NOUN	105	бор	pine forest	лес с преобладанием одного вида хвойных деревьев (чаще всего сосны)	a forest or grove of pine trees, either natural or as a plantation
A322	NOUN	106	сосна	pine	типовой род хвойных деревьев, кустарников или стлаников семейства Сосновые	Any coniferous tree of the genus Pinus
A322	NOUN	107	сосна кондовая	resinous pine; dense-grained pine; mast pine	высококачественная сосна с плотной, смолистой, мелкозернистой древесиной; растёт на сухих возвышенных местах (песчаных гривах, сухих борах), отличается прямым стволом и медленным ростом	a high-quality pine tree with dense, resin-rich, fine-grained wood; typically grows in dry, elevated sandy soils, valued for construction and shipbuilding due to its durability and strength
A322	NOUN	108	шишка (хвойных деревьев)	cone	соцветие и плод некоторых растений, включая хвойные, имеющее овальную форму, покрытые чешуйками и сохраняющееся до созревания семян	the fruit of a conifer or a similarly shaped fruit or flower head of certain other plants, such as banksias and proteas
A322	NOUN	109	ель	spruce	род хвойных деревьев семейства сосновые	any of various large coniferous evergreen trees or shrubs from the genus Picea, found in northern temperate and boreal regions; originally and more fully spruce fir
A322	NOUN	110	дуб	oak	род многолетнего лиственного дерева семейства буковых с прочной древесиной и плодами — желудями	a deciduous tree with distinctive deeply lobed leaves, acorns, and notably strong wood
A322	NOUN	111	береза	birch	род листопадных деревьев и кустарников семейства Берёзовые (Betulaceae); широко распространена в Северном полушарии	any of various trees of the genus Betula, native to countries in the Northern Hemisphere.
A322	NOUN	112	сок	sap	жидкость, содержащаяся в клетках, тканях и полостях растительных и животных организмов	a fluid found inside trees and other plants that carries dissolved nutrients and sugars. It flows through two types of tissue: xylem (carrying water and minerals upward from the roots) and phloem (transporting sugars produced by photosynthesis to other pa
A322	NOUN	113	гриб-трутовик	polypore	однолетний или многолетний гриб, паразитирующий на деревьях	a group of fungi that form large fruiting bodies with pores or tubes on the underside
A322	NOUN	114	осина	aspen	лиственное дерево из рода тополь семейства ивовых (Populus tremula)	
A322	NOUN	115	липа	linden		
A322	NOUN	116	клен	maple		
A322	NOUN	117	ива	willow		
A322	NOUN	118	рябина	mountain ash, rowan		
A322	NOUN	119	черемуха	A cherry tree, Prunus padus		
A322	NOUN	120	ольха	alder		
A323	NOUN	121	можжевельник	juniper		
A323	NOUN	122	малина	raspberry		
A323	NOUN	123	красная смородина	redcurrant		
A323	NOUN	124	черная смородина	currant		
A323	NOUN	125	ягода	berry		
A323	ADJ	126	незрелый (о ягодах)	unripe		
A323	VERB	127	собирать (ягоды)	to harvest, to berry		
A323	NOUN	128	черника	blueberry, bilberry, whortleberry		
A323	NOUN	129	голубика	blueberry	вид листопадных кустарников из рода Вакциниум семейства Вересковые с тёмно-синими ягодами	a shrub native of the cool temperate areas of northern hemisphere, Vaccinium uliginosum, and the berry of that shrub
A323	NOUN	130	земляника	wild strawberry	название рода многолетних травянистых растений семейства розоцветных (Fragaria)	A plant of the species of strawberry growing naturally throughout much of the Northern Hemisphere, Fragaria vesca.
A323	NOUN	131	поленика	Arctic bramble, Arctic raspberry		
A323	NOUN	132	костяника	stone bramble		
A323	NOUN	133	морошка	cloudberry, Rubus chamaemorus		
A323	NOUN	134	брусника	cowberry	вечнозелёное кустарничковое растение из рода Vaccinium семейства Вересковых	a shrub native to the cool temperate areas of the Northern Hemisphere
A323	NOUN	135	клюква	cranberry		
A33	NOUN	136	хлеб, хлеба (все злаковые культуры)	bread (all cereals)		
A33	NOUN	137	рожь	rye		
A33	NOUN	138	пшеница	wheat		
A33	NOUN	139	ячмень	barley		
A33	NOUN	140	ость ячменя	beard		
A33	NOUN	141	овёс	avena		
A33	NOUN	142	метелка овса	panicle		
A34	NOUN	143	горох	peas	растение из семейства бобовых	a plant, Pisum sativum, member of the legume (Fabaceae) family
A34	NOUN	144	стручок	pod		
A34	NOUN	145	репа	turnip		
A34	NOUN	146	брюква	rutabaga	огородное растение семейства крестоцветных с крупным шарообразным корнеплодом светло-жёлтого или белого цвета	a root vegetable, a form of Brassica napus
A34	NOUN	147	лук	onion		
A35	NOUN	148	куст	bush, shrub		
A35	NOUN	149	вереск	heather	низкорослый кустарник с очень мелкими листьями и розовыми цветами; род растений семейства вересковых	an evergreen plant, Calluna vulgaris, with spiky leaves and small purple, pink, or white flowers
A35	NOUN	150	клевер	clover		
A35	NOUN	151	крапива	nettle		
A35	NOUN	152	щавель	sorrel		
A35	NOUN	153	папоротник	fern		
A35	NOUN	154	гриб (губчатый)	Bolete	группа базидиальных высших грибов с трубчатым гименофором; трубчатый слой находится на нижней стороне шляпки гриба, его пористая поверхность, на которую выходят окончания трубочек, внешне напоминает поверхность губки	a type of mushroom, or fungal fruiting body; on the underside of the cap there is usually a spongy surface with pores
A35	NOUN	155	гриб (пластинчатый)	agaric	группа базидиальных высших грибов с пластинчатым гименофором; выросты гименофора расположены на нижней стороне шляпки, радиально, в виде пластинок, несущих спороносный слой	a type of fungus fruiting body characterized by the presence of a pileus (cap) that is clearly differentiated from the stipe (stalk), with lamellae (gills) on the underside of the pileu
A35	NOUN	156	груздь	Lactarius mushroom	съедобный пластинчатый гриб отряда млечников с широкой белой мохнатой вогнутой шляпкой и короткой толстой ножкой	a genus of mushroom-producing, ectomycorrhizal fungi, containing several edible species; commonly known as milk-caps, are characterized by the milky fluid ("latex") they exude when cut or damaged; their flesh has a distinctive brittle consistency
A35	NOUN	157	маслёнок	slippery jack mushroom, sticky bun mushroom (Suillus luteus)		
A35	NOUN	158	волнушка	woolly milkcap	съедобный пластинчатый гриб с волнистой розовой или белой шляпкой (употребляется в пищу в солёном виде); шляпка с глубоким пуповидным углублением в центре, с завёрнутыми вниз опушёнными краями; кожица покрыта густыми и грубыми ворсинками	a large agaric fungus Lactarius torminosus; a blend of pink and ochre hues, the cap sometimes has concentric zones of alternating lighter and darker shades; the edge of the cap is rolled inward, and shaggy when young
A36	ADJ	159	белый	white	имеющий цвет чистого снега, отражающий большую часть падающего света, ярко-светлый без оттенков	bright and colourless; reflecting equal quantities of all frequencies of visible light
A36	ADJ	160	черный	black		
A36	ADJ	161	красный	red		
A36	ADJ	162	зелёный	green	Цвет травы и листьев; основной аддитивный цвет, находящийся посередине между желтым и синим.	The color of grass and leaves; a primary additive color midway between yellow and blue. 
A36	ADJ	163	синий	blue		
A36	ADJ	164	жёлтый	yellow	имеющий окраску одного из основных цветов спектра — среднего между оранжевым и зелёным; цве́та яичного желтка, золота	
A36	ADJ	165	серый	grey		
A36	ADJ	166	пёстрый	variegated, motley		
A36	ADJ	167	тёмный	dark		
A411	NOUN	168	собака	dog		
A411	NOUN	169	щенок	puppy		
A411	VERB	170	лаять	to bark		
A411	NOUN	171	кошка	cat		
A411	NOUN	172	котёнок	kitten		
A411	VERB	173	мяукать	to meow, to mew		
A411	NOUN	174	коготь	claw, talon		
A411	NOUN	1447	детёныш (животного)	baby animal, cub	молодое, не достигшее половой зрелости животное, находящееся при матери	a young animal that has not reached puberty and is kept with its mother
A412	NOUN	175	медведь	bear		
A412	NOUN	176	лапа (медведя)	paw		
A412	NOUN	177	морда	face of an animal, muzzle, snout		
A412	NOUN	178	волк	wolf	сравнительно крупное хищное пушистое млекопитающее семейства псовы	сanis lupus; the largest wild member of the canine subfamily
A412	VERB	179	выть	to howl	издавать вой, протяжно громко кричать (о животных)	to utter a loud, protracted, mournful sound or cry, as dogs and wolves often do
A412	NOUN	180	олень	deer		
A412	NOUN	181	лось	moose, elk		
A412	NOUN	182	куница	marten		
A412	NOUN	183	рысь	lynx		
A412	NOUN	184	горностай	stoat	небольшой пушной хищный зверь из рода хорьков, белый, с чёрным кончиком хвоста	the ermine or short-tailed weasel, a mustelid native to Eurasia and North America, distinguished from the least weasel by its larger size and longer tail with a prominent black tip
A412	NOUN	185	лиса	fox		
A412	NOUN	186	белка	squirrel	небольшой пушистый зверёк, представитель семейства беличьих отряда грызунов	any of the rodents of the family Sciuridae distinguished by their large bushy tail
A412	NOUN	187	шерсть (волосяной покров животных)	fur, hair (animal hair or human body hair)		
A412	NOUN	188	заяц	hare	пушистое длинноухое растительноядное млекопитающее из отряда зайцеобразных (Lepus)	Any of several plant-eating mammals of the genus Lepus, similar to a rabbit, but larger and with longer ears.
A412	NOUN	189	ласка	weasel (mammal)		
A412	NOUN	190	норка	mink (animal)		
A412	NOUN	191	выдра	otter	хищное млекопитающее семейства куньих, ведущее полуводный образ жизни; крупный зверь с вытянутым гибким телом обтекаемой формы с короткими лапами с плавательными перепонками, доходящими до конца пальцев, подошва голая	an aquatic or marine carnivorous mammal in the subfamily Lutrinae of the family Mustelidae has long, slim bodies and relatively short limbs, the powerful webbed feet used to swim, and their seal-like abilities for holding breath underwater
A412	NOUN	192	бобр	beaver	сравнительно крупное полуводное млекопитающее отряда грызунов	a semiaquatic rodent of the genus Castor, having a wide, flat tail and webbed feet
A412	NOUN	193	барсук	badger	хищное млекопитающее семейства куньих, с острой мордой, неуклюжим телом и длинной грубой шерстью	a short-legged omnivore of the Mustelidae family, have squat bodies and adaptations for burrowing activity
A412	NOUN	194	росомаха	wolverine		
A412	NOUN	195	крот	mole (burrowing insectivore)		
A412	NOUN	196	крыса	rat		
A412	NOUN	197	летучая мышь	bat (flying mouse)		
A412	NOUN	198	мышь	mouse (animal) 		
A412	NOUN	199	ёж	hedgehog (animal)	небольшое млекопитающее семейства ежовых, спина и бока которого покрыты твёрдыми иглами	a small mammal,  characterized by their spiny back and often by the habit of rolling up into a ball when attacked
A42	NOUN	200	птица	bird		
A42	NOUN	201	стая (птиц)	flock		
A42	NOUN	202	гребень петуха	crest of a rooster	образование из покровных, костных или ороговевших тканей, расположенное на осевой линии верхней части головы самца курицы	tuft growing on the head of a male chicken
A42	NOUN	203	клюв	beak		
A42	NOUN	204	крыло	wing		
A42	NOUN	205	перо	feather, plume		
A42	NOUN	206	пух	soft, fluffy immature feathers which grow on young birds		
A42	NOUN	207	дрозд	thrush (bird)	средних размеров птица семейства дроздовых отряда воробьинообразных	any of numerous species of songbirds of the cosmopolitan family Turdidae
A42	NOUN	208	скворец	starling		
A42	NOUN	209	грач	rook	сравнительно крупная перелётная птица семейства вороновых с чёрным блестящим оперением и светлым клювом	a black bird whose large flocks signal the arrival of spring
A42	NOUN	210	галка	jackdaw	птица семейства врановых с тёмным оперением и большой головой	a European bird (Coloeus monedula) of the crow family, often nesting in church towers and ruins
A42	NOUN	211	кукушка	cuckoo		
A42	NOUN	212	дятел	woodpecker	средних размеров лесная птица семейства дятловых отряда дятлообразных, с клювом, приспособленным для долбления коры и древесины деревьев	any bird of species-rich family Picidae, with a strong pointed beak suitable for pecking holes in wood
A42	NOUN	213	жаворонок	lark, skylark	небольшая певчая птица отряда воробьинообразных семейства жаворонковых, обитающая преимущественно в полях и лугах	A small brown passerine bird, Alauda arvensis, that sings as it flies high into the air.
A42	NOUN	214	куропатка (белая)	partridge		
A42	NOUN	215	ласточка	swallow (bird)		
A42	NOUN	216	голубь	dove, pigeon	птица семейства голубиных, средних размеров, с плотным оперением, обычно серо-сизого цвета	a stocky seed- or fruit-eating bird with a small head, short legs, and a cooing voice
A42	NOUN	217	воробей	sparrow	птица семейства воробьиных; , в расцветке сочетаются серые, буроватые, белые, чёрные, каштановые или рыжие тона; имеют короткие ноги, многие передвигаются по земле прыжками	a small bird with a short bill, and brown, white and gray feathers
A42	NOUN	218	утка	duck		
A42	NOUN	219	гусь	goose	дикая и домашняя крупная водоплавающая птица семейства утиных с длинной шеей	any of various grazing waterfowl of the family Anatidae, which have feathers and webbed feet and are capable of flying, swimming, and walking on land, and which are bigger than ducks
A42	NOUN	220	чирок			
A42	NOUN	221	гагара	loon	крупная северная водоплавающая птица с густым оперением	any of various birds, of the order Gaviiformes, of North America and Europe that dive for fish and have a short tail, webbed feet and a yodeling cry
A42	NOUN	222	чайка	seagull		
A42	NOUN	223	лебедь	swan		
A42	NOUN	224	кулик	sandpiper, snipe		
A42	NOUN	225	журавль	crane	крупная болотная перелётная птица семейства журавлеобразных, с длинным прямым клювом и с длинными ногами и шеей	Any bird of the family Gruidae, large birds with long legs and a long neck which is extended during flight. 
A42	VERB	226	курлыкать	to scream making 'kurla' sounds (about cranes)		
A42	NOUN	227	рябчик	hazel grouse (bird)		
A42	NOUN	228	глухарь	wood grouse	крупная птица из подсемейства тетеревиных, отряда курообразных; отличается сильно округлённым хвостом и удлинёнными перьями на горле	a large bird from the grouse subfamily, order Galliformes; distinguished by a strongly rounded tail and elongated throat feathers
A42	NOUN	229	глухарка	wood grouse (female)	самка глухаря, окрашена весьма пёстро смесью ржаво-жёлтого, ржаво-красного, чёрно-бурого и белого цвета (в виде поперечных тёмных и ржаво-охристых полос)	female capercaillie has feathers on the upper parts are brown with black and silver barring; on the underside they are more light and buffish yellow; hen has a white spot on the wing bow
A42	NOUN	230	тетерев	black grouse		
A42	NOUN	231	сорока	magpie		
A42	NOUN	232	ворона	crow	птица из рода воронов семейства врановых	a bird, usually black, of the genus Corvus, having a strong conical beak, with projecting bristles; it has a harsh, croaking call
A42	NOUN	233	ворон	raven	крупная птица семейства врановых, с чёрным блестящим оперением, гнездящаяся как правило в уединённых местах	any of several, generally large and lustrous black species of birds in the genus Corvus, especially the common raven, Corvus corax
A42	NOUN	234	ястреб	hawk (a predatory bird)		
A42	NOUN	235	орёл	eagle		
A42	NOUN	236	сова	owl		
A43	NOUN	237	рыба	fish		
A43	NOUN	238	чешуя	scales (of fish, reptiles, etc.)		
A43	NOUN	239	плавник	fin, flipper (appendage of a fish)		
A43	NOUN	240	жабры	gill	наружный парный орган дыхания (газообмена) водных животных (рыб, раков, моллюсков и некоторых земноводных), дышащих кислородом, растворённым в воде	A breathing organ of fish and other aquatic animals.
A43	NOUN	241	икра (рыбья)	roe, spawn (of fish)		
A43	VERB	242	метать икру	to spawn		
A43	NOUN	243	молоки	milt		
A43	NOUN	244	молодь рыбы	juvenile fish		
A43	NOUN	245	лосось	salmon		
A43	NOUN	246	сёмга	salmon		
A43	NOUN	247	сиг	coregonus		
A43	NOUN	248	щука	northern pike, pike		
A43	NOUN	249	окунь	European perch, redfin perch, perch		
A43	NOUN	250	налим	burbot, bubbot, mariah, freshwater ling, the lawyer, coney-f		
A43	NOUN	251	язь	ide, orfe		
A43	NOUN	252	лещ	common bream, freshwater bream, bream, bronze bream, carp bream		
A43	NOUN	253	плотва	rutilus		
A43	NOUN	254	ёрш	ruffe	колючая пресноводная рыба семейства окуневых	a small Eurasian freshwater fish
A43	NOUN	255	ряпушка	Coregonus albula, vendace, European cisco		
A43	NOUN	256	корюшка	smelt, European smelt		
A43	NOUN	257	судак	sander, zander		
A43	NOUN	258	хариус	grayling, Thymallus		
A43	NOUN	259	угорь	eel		
A44	NOUN	260	муравей	ant		
A44	NOUN	261	бабочка	butterfly	насекомое отряда чешуекрылых, мотылёк	a flying insect of the order Lepidoptera, distinguished from moths by their diurnal activity and generally brighter colouring
A44	NOUN	262	жук	beetle	Любой из многочисленных видов насекомых отряда жесткокрылых, характеризующийся парой твердых, похожих на раковины передних крыльев, которые в состоянии покоя прикрывают и защищают пару задних крыльев.	Any of numerous species of insect in the order Coleoptera characterized by a pair of hard, shell-like front wings which cover and protect a pair of rear wings when at rest.
A44	NOUN	263	клещ	tick		
A44	NOUN	264	личинка (под корой дерева)			
A44	NOUN	265	клоп			
A44	NOUN	266	таракан			
A44	NOUN	267	паук			
A44	NOUN	268	гнида	nit	яйцо вши (небольшое бескрылое кровососущее насекомое-паразит)	the egg of a louse (a small parasitic wingless insect)
A44	NOUN	269	блоха	flea	мелкое паразитическое кровососущее прыгающее насекомое	a small, wingless, parasitic insect of the order Siphonaptera, renowned for its bloodsucking habits and jumping abilities
A44	NOUN	270	ящерица			
A44	NOUN	271	змея	snake	хищное холоднокровное пресмыкающееся с длинным извивающимся, покрытым чешуёй телом, не имеющее конечностей, часто с ядовитыми же́лезами в пасти, питающееся мелкими млекопитающими, ящерицами, лягушками, птицами, их яйцами, рыбой, насекомыми и другими беспо	Any of the suborder Serpentes of legless reptile with long, thin bodies and fork-shaped tongues.
A44	NOUN	272	лягушка			
A44	NOUN	273	жаба	toad	Земноводное, род лягушек (отряд Anura) с более короткими задними ногами и более сухой, бородавчатой ​​кожей, многие из которых относятся к семейству Bufonidae.	An amphibian, a kind of frog (order Anura) with shorter hindlegs and a drier, wartier skin, many in family Bufonidae. 
A44	NOUN	274	улитка			
A44	NOUN	275	червяк			
A44	NOUN	276	муха			
A44	NOUN	277	овод			
A44	NOUN	278	комар			
A44	NOUN	279	мошка			
A44	NOUN	280	оса			
B11	NOUN	281	человек			
B11	NOUN	282	имя	name		
B11	NOUN	283	мужчина			
B11	NOUN	284	мальчик			
B11	NOUN	285	парень			
B11	NOUN	286	девушка	girl	незамужнее лицо женского пола в период между отрочеством и юностью	a young female human
B11	NOUN	287	женщина	woman	лицо женского пола (обычно только взрослая) 	An adult female human.
B11	NOUN	288	народ, люди	people		
B11	ADJ	289	тихий, спокойный (о человеке)			
B11	ADJ	290	взрослый	adult	достигший зрелого возраста	a fully grown human or animal
B11	ADJ	291	высокий	tall	имеющий большую протяжённость от верхней точки до нижней	having a vertical extent greater than the average
B11	ADJ	292	маленький			
B11	ADJ	293	красивый			
B11	ADJ	294	лучший, самый хороший			
B11	VERB	295	сметь			
B11	ADJ	296	смелый			
B11	ADJ	297	хитрый			
B11	ADJ	298	чужой			
B11	NOUN	299	сила			
B11	NOUN	300	счастье			
B11	NOUN	301	характер			
B11	VERB	302	хвалить			
B11	VERB	303	устать			
B11	PRON	304	я	I		
B11	PRON	305	мы	we		
B11	PRON	306	ты	you		
B11	PRON	307	вы	you	используется для обозначения нескольких лиц, включая собеседника (собеседников), но исключая говорящего	used to refer to several persons, including the interlocutor(s), but excluding the speaker
B11	PRON	308	тот	that		
B11	PRON	309	те	those		
B11	PRON	310	он	he		
B11	PRON	311	они	they		
B11	PRON	312	сам (сама, само)			
B11	PRON	313	свой			
B11	PRON	314	этот	this		
B11	PRON	315	кто	who		
B11	PRON	316	какой			
B11	PRON	317	что	what		
B11	PRON	318	иной, некий, некоторый			
B11	PRON	319	каждый			
B11	ADV	320	как			
B12	NOUN	321	тело	body		
B12	NOUN	322	туловище			
B12	ADJ	323	большой	big	имеющий крупный, значительный размер, превосходящий среднее значение	of great size, large
B12	ADJ	324	толстый, полный (о человеке)			
B12	ADJ	325	тонкий			
B12	ADJ	326	худой, тощий			
B12	ADJ	327	слабый (о человеке)			
B12	ADJ	328	сильный			
B12	NOUN	329	кожа (человека)			
B12	VERB	330	потеть			
B12	NOUN	331	голова	head	верхняя часть тела человека, передняя или верхняя часть тела позвоночного или беспозвоночного животного, а также насекомого, в которой находятся органы зрения и рот	the part of the body of an animal or human which contains the brain, mouth and main sense organs
B12	NOUN	332	затылок	nape	задняя, выдавшаяся назад часть головы у человека и у животных, над самой шеей или загривком, под теменем	The back part of the neck.
B12	NOUN	333	волосы (на голове)	hair	волосяной покров головы, шевелюра как единый объект	the collection or mass of such growths growing from the skin of humans and animals, and forming a covering for a part of the head
B12	NOUN	334	кудри			
B12	NOUN	335	коса (заплетенные волосы)			
B12	NOUN	336	перхоть			
B12	VERB	337	чесать, расчесывать (волосы)			
B12	VERB	338	зудеть, чесаться	to itch	испытывать на коже раздражение, сопровождающееся потребностью тереть, скрести ногтем больное место	To feel itchy; to feel a need to be scratched.
B12	NOUN	339	череп			
B12	ADJ	340	лысый			
B12	NOUN	341	борода	beard	у человека и некоторых животных — волосяной покров нижней части лица	facial hair on the chin, cheeks, jaw and neck
B12	NOUN	342	усы			
B12	NOUN	343	висок	temple	боковая часть головы от уха до начала лба	the slightly flatter region, on either side of the human head, behind the eye and forehead, above the zygomatic arch, and forward of the ear
B12	NOUN	344	лицо			
B12	NOUN	345	лоб			
B12	NOUN	346	щека			
B12	NOUN	347	подбородок			
B12	NOUN	348	рот			
B12	NOUN	349	десны	gums	мышечная ткань и слизистая оболочка, покрывающие края челюстей у основания зубов	the flesh around the teeth
B12	NOUN	350	язык	tongue		
B12	VERB	351	глотать	to swallow	движением глотки проталкивать, перемещать изо рта в пищевод и желудок	to cause (food, drink etc.) to pass from the mouth into the stomach; to take into the stomach through the throat
B12	VERB	352	лизать			
B12	VERB	353	плевать			
B12	VERB	354	дуть	to blow	пускать ртом струю воздуха	to propel by an air current, usually with the mouth
B12	NOUN	355	губа	lip	часть лица, кожно-мускульная складка, закрывающая рот сверху или снизу, также кожно-мускульная складка в других частях тела	either of the two fleshy protrusions around the opening of the mouth
B12	NOUN	356	зуб (у человека)	tooth	костное образование в ротовой полости, служащее в основном для первичной механической обработки пищи	A hard, calcareous structure present in the mouth of many vertebrate animals, generally used for biting and chewing food.
B12	NOUN	357	слюна			
B12	NOUN	358	голос	voice	звуки, возникающие вследствие колебания голосовых связок при разговоре, крике, пении и отличающиеся высотой, характером звучания и т. п.	sound uttered by the mouth, especially by human beings in speech or song; sound thus uttered considered as possessing some special quality or character
B12	VERB	359	кричать			
B12	VERB	360	шептать			
B12	VERB	361	замолчать	to become silent	перестать говорить, петь или издавать иные звуки голосом	To stop speaking, singing, or making other sounds with your voice.
B12	NOUN	362	шея	neck		
B12	NOUN	363	плечо			
B12	NOUN	364	подмышки			
B12	NOUN	365	грудь	chest	верхняя передняя часть туловища человека или другого позвоночного животного	the portion of the front of the human body from the base of the neck to the top of the abdomen
B12	NOUN	366	грудь (женская)	breast	одна из парных молочных желёз человека (правая или левая грудь)	either of the two organs on the front of a female human's chest, which contain the mammary glands; also the analogous organs in males
B12	NOUN	367	бок	side	правая или левая часть туловища от плеча до бедра	one half (left or right, top or bottom, front or back, etc.) of something or someone
B12	NOUN	368	рука			
B12	NOUN	369	ладонь			
B12	NOUN	370	локоть			
B12	NOUN	371	кулак			
B12	NOUN	372	кукиш			
B12	NOUN	373	палец руки			
B12	NOUN	374	палец ноги			
B12	NOUN	375	ноготь			
B12	NOUN	376	запястье			
B12	NOUN	377	нога			
B12	NOUN	378	пятка			
B12	NOUN	379	колено			
B12	NOUN	380	икра ноги			
B12	NOUN	381	подъем ноги			
B12	NOUN	382	голень	shin	часть ноги от колена до стопы	the front part of the leg below the knee
B12	NOUN	383	бедро	hip	часть нижней или задней конечности человека или животного между тазобедренным и коленным суставами	the outward-projecting parts of the pelvis and top of the femur and the overlying tissue.
B12	NOUN	384	спина			
B12	NOUN	385	поясница			
B12	NOUN	386	зад (у человека)			
B12	ADJ	387	голый, нагой	nude	не имеющий на себе одежды, покрова	without clothing or other covering of the skin; without clothing on the genitals or female nipples
B12	NOUN	388	сустав			
B12	NOUN	389	скелет			
B12	NOUN	390	позвоночник			
B12	NOUN	391	таз (у человека)			
B12	NOUN	392	лёгкие			
B12	NOUN	393	горло	throat	передняя часть шеи	the front part of the neck
B12	VERB	394	дышать	to breathe	прогонять воздух через лёгкие, жабры или другие органы дыхания, поглощая кислород и выделяя углекислый газ	to draw air into (inhale), and expel air from (exhale), the lungs in order to extract oxygen and excrete waste gases
B12	NOUN	395	живот	belly	нижняя передняя часть туловища человека, также нижняя часть туловища некоторых животных	the front part of the human trunk below the ribs, containing the stomach and bowels.
B12	NOUN	396	пуп			
B12	NOUN	397	кишки			
B12	VERB	398	рвать, тошнить	to vomit		
B12	NOUN	399	сердце	heart		
B12	NOUN	400	кровь			
B12	NOUN	401	жила (кровеносный сосуд)	vein	кровеносный сосуд человека или млекопитающего	A blood vessel that transports blood from the capillaries back to the heart.
B12	NOUN	402	печень			
B12	NOUN	403	почки			
B12	VERB	404	мочиться			
B12	NOUN	405	глаз	eye	орган зрения человека или животного	an organ through which animals see
B12	NOUN	406	слеза			
B12	NOUN	407	бровь	eyebrow	дугообразная полоска волос над глазной впадиной; эта часть лица	the hair that grows over the bone ridge above the eye socket
B12	NOUN	408	веко	eyelid	подвижная кожная складка вокруг глаза у человека и позвоночных животных	a thin skin membrane that covers and moves over an eye
B12	VERB	409	видеть	to see	обладать зрением, зрительной способностью	to perceive or detect someone or something with the eyes, or as if by sight
B12	VERB	410	смотреть			
B12	ADJ	411	слепой			
B12	NOUN	412	ухо			
B12	VERB	413	слышать			
B12	ADJ	414	глухой	deaf	лишённый слуха, не способный слышать 	unable to hear, or only partially able to hear
B12	NOUN	415	нос	nose		
B12	NOUN	416	ноздря			
B12	NOUN	417	сопли	snot		
B12	VERB	418	нюхать			
B12	VERB	419	пахнуть			
B12	NOUN	420	дерьмо	crap	испражнения	an act of defecation
B12	NOUN	421	нерв	nerve		
B15	VERB	422	терять			
B15	VERB	423	искать	to search		
B15	VERB	424	найти			
B15	VERB	425	поймать			
B15	VERB	426	догонять	to catch up	настигать кого-либо или что-либо, оказываться рядом с кем-либо или с чем-либо, движущимся впереди	to overtake someone or something, to be close to someone or something moving in front
B15	VERB	427	охранять, сторожить			
B15	VERB	428	попадать, оказаться, очутиться			
B15	VERB	429	прятать			
B15	VERB	430	совать			
B15	VERB	431	просовывать, вдевать			
B15	VERB	432	заталкивать, запихивать (во что-либо)			
B15	VERB	433	держать	to hold	взять что-либо в руки, в рот, в лапы, в зубы и т. п., ухватившись за что-либо, не выпускать, иметь в руках, в зубах и т. п.	to grasp or grip
B15	VERB	434	отбирать, отнимать	to take away		
B15	VERB	435	бросать, кидать	to throw	резким движением, взмахом руки заставлять перемещаться по воздуху, кидать, заставлять лететь и падать куда-либо	to hurl; to release (an object) with some force from one's hands, an apparatus, etc. so that it moves rapidly through the air
B15	VERB	436	класть			
B15	VERB	437	укладывать, складывать в определенном порядке			
B15	VERB	438	переламывать	to break to pieces		
B15	VERB	439	ломать, разбивать			
B15	VERB	440	ломать, разбирать (печь, дом)			
B15	VERB	441	давить, придавливать	to press	нажимать на что-то (или кого-то) с силой 	to exert weight or force against, to act upon with force or weight; to exert pressure upon
B15	VERB	442	махать, взмахивать, размахивать			
B15	VERB	443	махать, указывать, показывать	to wave, to point, to show		
B15	VERB	444	оставлять	to leave		
B15	VERB	445	схватить			
B15	VERB	446	толкать			
B15	VERB	447	поднять	to raise, to elevate, to lift up		
B15	VERB	448	летать			
B15	VERB	449	вешать	to hang up	помещать на весу, то есть без опоры снизу	to put up to hang
B15	VERB	450	ложиться	to lie down		
B15	VERB	451	лежать	lie		
B15	VERB	452	проснуться			
B15	VERB	453	стоять			
B15	VERB	454	наступать (ногой)			
B15	VERB	455	пинать			
B15	VERB	456	скакать, прыгать			
B15	VERB	457	сидеть	to sit		
B15	VERB	458	бежать	to be running	быстро перемещаться на ногах или лапах, периодически полностью отрываясь от опоры (о движении, совершаемом однократно или в определённом направлении)	to move forward quickly upon two feet by alternately making a short jump off either foot
B15	VERB	459	ползать			
B15	VERB	460	падать			
B15	VERB	461	выпадать	to fall out	падать сверху вниз	to come out of something by falling
B15	VERB	462	брать	to take	хватать, захватывать кого-либо или что-либо; поднимать с пола или снимать со стены, с полки и т. п.	to get into one's hands, possession or control, with or without force
B15	VERB	463	давать	to give	перемещать что-либо в распоряжение другого субъекта	to move, shift, provide something abstract or concrete to someone or something or somewhere
B15	VERB	464	добавлять	to add	давать, класть, наливать, насыпа́ть и т. п. к уже имеющемуся; пополнять недостающее	to join or unite (e.g. one thing to another, or as several particulars) so as to increase the number, augment the quantity or enlarge the magnitude, or so as to form into one aggregate
B15	VERB	465	начинать			
B15	VERB	466	кончать			
B15	VERB	467	портить	to spoil, to ruin, to mar, to damage		
B15	VERB	468	рубить			
B15	VERB	469	ударять			
B15	VERB	470	выбирать	to choose	рассматривать множество имеющихся вариантов, определяя нужные или желательные и отвергая ненужные или нежелательные	to pick; to make the choice of; to select
B15	VERB	471	делить	to divide	разъединять что-либо, делать из целого части	to split or separate (something) into two or more parts
B15	VERB	472	лить	to pour, to spill		
B15	VERB	473	липнуть, прилипать			
B15	VERB	474	опрокидывать			
B15	VERB	475	обрывать (листья)			
B15	VERB	476	рвать			
B15	VERB	477	мешать, размешивать			
B15	VERB	478	мешать (быть помехой)			
B15	VERB	479	показывать			
B15	VERB	480	сжимать, сдавливать, стискивать			
B15	VERB	481	собирать	to gather, to collect		
B15	VERB	482	посылать	to send		
B15	VERB	483	пускать			
B15	VERB	484	доставать, приобретать	to acquire	получать что-либо в своё распоряжение, владение, собственность, становиться обладателем кого-либо, чего-либо, обзаводиться кем-либо, чем-либо	to gain, usually by one's own exertions; to get as one's own
B15	VERB	485	трогать, прикасаться			
B15	VERB	486	возвратиться	to come back	прибыть, прийти, приехать, прилететь назад, обратно; вернуться на то же место	to return to a place
B15	VERB	487	опаздывать	to be late		
B15	VERB	488	гнать, выгонять	to oust	заставлять двигаться, перемещаться куда-либо (о движении, совершаемом однократно или в определённом направлении)	to force someone to leave
B15	VERB	489	двигаться	to move	находиться в движении, перемещаться, изменять своё положение в пространстве	to change place or posture; to go, in any manner, from one place or position to another
B15	VERB	490	ходить			
B15	VERB	491	шагать			
B15	NOUN	492	шаг	step		
B15	VERB	493	уходить, идти	to leave, to go		
B15	VERB	494	пойти, отправиться			
B15	VERB	495	приходить			
B15	VERB	496	плавать	to swim		
B15	VERB	497	тонуть			
B15	VERB	498	возить	to carry	обеспечивать доставку кого-либо или чего-либо на транспортном средстве либо иметь при себе в поездке	support and move (someone or something) from one place to another.
B15	VERB	499	нести			
B15	VERB	500	останавливать			
B15	VERB	501	поворачивать, изменять направление			
B15	VERB	502	править, управлять			
B15	VERB	503	щекотать			
B15	VERB	504	пугать			
B15	VERB	505	успевать	to arrive in time (for), to be in time (for)		
B15	VERB	506	помогать			
B15	VERB	507	велеть	to order	твёрдо распорядиться, заявить кому-либо о необходимости сделать что-то, приказать	to give an authoritative direction or instruction to do something
B15	VERB	508	обещать			
B15	VERB	509	кланяться			
B15	VERB	510	звать			
B15	VERB	511	называть			
B16	ADJ	512	здоровый			
B16	ADJ	513	больной	ill	имеющий расстроенное здоровье, поражённый каким-либо заболеванием (о человеке, животном, растении)	in poor health; ill
B16	ADJ	514	бледный (о человеке)	pale	слабо окрашенный, не имеющий загара или румянца, лишённый естественной окраски (о цвете лица, кожи)	having a pallor (a light color, especially due to sickness, shock, fright etc.)
B16	NOUN	515	бедняга	wretch	несчастное существо (обычно человек), тот, кто вызывает сожаление, сочувствие, сострадание	an unhappy, unfortunate, or miserable person
B16	ADJ	516	беременная (женщина)	pregnant	женщина, находящаяся в состоянии беременности	сarrying developing offspring within the body
B16	NOUN	517	болезнь, недуг	illness, sickness	расстройство здоровья живого организма, нарушение его деятельности	the quality or state of being sick or diseased
B16	VERB	518	болеть	to be sick	страдать болезнью, хворать, быть больным	to suffer from illness, to be ill
B16	VERB	519	болеть (ощущать боль)	to pain	больно, чувствуется боль где-нибудь	to hurt; to put to bodily uneasiness or anguish; to afflict with uneasy sensations of any degree of intensity; to torment; to torture
B16	NOUN	520	желтуха	jaundice	желтушное окрашивание кожи и видимых слизистых оболочек, обусловленное повышенным содержанием в крови и тканях билирубина	A morbid condition, characterized by yellowness of the eyes, skin, and urine.
B16	NOUN	521	корь	measles		
B16	NOUN	522	оспа	smallpox, variola		
B16	NOUN	523	серная пробка в ухе			
B16	VERB	524	ушибить			
B16	NOUN	525	синяк			
B16	NOUN	526	шишка, нарост на теле			
B16	VERB	527	пухнуть			
B16	NOUN	528	чесотка			
B16	VERB	529	кашлять	to cough		
B16	NOUN	530	колики			
B16	NOUN	531	нарыв			
B16	NOUN	532	гной	pus	густая жидкость желтовато-зеленоватого или сероватого цвета, обычно с дурным запахом, образующаяся в тканях живого организма при воспалении, гниении, вызванных особыми бактериями	a whitish-yellow or yellow substance composed primarily of dead white blood cells and dead pyogenic bacteria; normally found in regions of bacterial infection
B16	VERB	533	терпеть			
B16	VERB	534	угореть			
B16	NOUN	535	угар			
B16	VERB	536	неметь, терять чувствительность			
B16	VERB	537	вылечить	to cure (of)	лечением восстановить здоровье; излечить 	to relieve (a person or animal) of the symptoms of a disease or condition
B16	VERB	538	замерзать			
B16	VERB	539	дрожать	to shiver	трястись, испытывать частое судорожное сокращение мышц (от холода, при нервном возбуждении и т. п.)	to tremble or shake, especially when cold or frightened
B16	VERB	540	простужаться			
B16	NOUN	541	насморк			
B16	VERB	542	чихать			
B16	NOUN	543	горб	hump	резко выраженное выпячивание грудного отдела позвоночника или грудной клетки вследствие деформации	a deformity in humans caused by abnormal curvature of the upper spine
B16	ADJ	544	хромой			
B16	ADJ	545	немой			
B17	ADJ	546	старый (о человеке)			
B17	NOUN	547	старик	old man		
B17	NOUN	548	старуха	old woman		
B17	NOUN	549	морщина			
B17	ADJ	550	живой	alive	обладающий жизнью, не мёртвый	Having life; living; not dead. 
B17	VERB	551	умирать			
B17	NOUN	552	смерть			
B17	NOUN	553	покойник			
B17	VERB	554	хоронить			
B17	NOUN	555	плакальщица			
B17	NOUN	556	гроб	coffin	специальный ящик для погребения умерших	a rectangular closed box in which the body of a dead person is placed for burial
B17	NOUN	557	могила			
B17	NOUN	558	место			
B17	NOUN	559	душа	soul	нематериальная составляющая личности, её внутренний мир	the spirit or essence of a person usually thought to consist of one's thoughts and personality, often believed to live on after the person's death
B17	VERB	560	дремать	to doze	пребывать в сонливом, полусонном состоянии	to sleep lightly or briefly; to nap, snooze.
B17	VERB	561	спать			
B17	VERB	562	заснуть			
B17	VERB	563	храпеть (о человеке)			
B17	NOUN	564	сон			
B17	VERB	566	успокаивать (о человеке)			
B17	VERB	567	спорить			
B17	VERB	568	видеть	to see	обладать зрением, зрительной способностью	to perceive or detect someone or something with the eyes, or as if by sight
B17	VERB	569	замечать (обнаруживать что-либо и уделять этому внимание)	to detect, to notice		
B17	NOUN	570	забота			
B17	VERB	571	быть	to be	существовать	to exist
B17	AUX	572	не (отрицательный глагол, 3-е л. ед. ч.)	not		
B17	VERB	573	мочь			
B17	VERB	574	ждать	to wait	проводить время, рассчитывая на появление кого-либо или чего-либо	 to expect, to wait (to believe that something will happen or count on something happening)
B17	VERB	575	намереваться			
B17	VERB	576	отгадывать			
B17	VERB	577	провожать			
B17	VERB	578	заблудиться			
B17	VERB	579	торопиться			
B17	NOUN	580	привычка			
B17	NOUN	581	возраст	age	количество прожитых лет от рождения	The number of full years, months, days, hours, etc., that someone, or something, has been alive.
B17	NOUN	582	жребий	lot	предмет, применяемый при жеребьёвке (решении спора, вопроса о праве или очерёдности )	Anything (as a die, pebble, ball, or slip of paper) used in determining a question by chance, or without human choice or will. 
B17	VERB	583	надо			
B17	VERB	584	отвечать			
B17	NOUN	585	спасибо			
B17	NOUN	586	ссора	quarrel		
B17	VERB	587	драться	to fight	бить друг друга; устраивать драку	to engage in combat with; to oppose physically, to contest with
B17	ADJ	588	знакомый			
B17	ADJ	589	трусливый			
B181	ADJ	565	вкусный	tasty	приятный на вкус; вызывающий приятные ощущения у едока	having a pleasant or satisfying flavor; delicious
B181	NOUN	590	пища			
B181	VERB	591	есть	to eat	употреблять (что-то твердое или полутвердое, обычно пищу), помещая это в рот и проглатывая	to consume (something solid or semi-solid, usually food) by putting it into the mouth and swallowing it
B181	VERB	592	пить			
B181	VERB	593	хлебать			
B181	VERB	594	сосать			
B181	NOUN	595	прием пищи			
B181	NOUN	596	завтрак			
B181	NOUN	597	обед			
B181	NOUN	598	ужин			
B181	VERB	599	варить	to boil	получать, приготавливать посредством термической обработки	to cook in boiling water
B181	VERB	600	парить			
B181	ADJ	601	сладкий			
B181	ADJ	602	пресный (о тесте, хлебе, лепешках)			
B181	ADJ	603	холодный			
B181	ADJ	604	тёплый	warm		
B181	ADJ	605	горячий	hot	имеющий высокую температуру	having a high temperature
B181	VERB	606	кипеть			
B181	NOUN	607	чай			
B181	NOUN	608	блин	pancake	плоская тонкая лепёшка, испечённая из жидкого теста на сковороде	a thin batter cake fried in a pan or on a griddle in oil or butter
B181	NOUN	609	сканец			
B181	NOUN	610	пирог			
B181	NOUN	611	рыбник (пирог)			
B181	NOUN	612	каша из муки, загуста			
B181	ADJ	613	густой	dense	плотный, состоящий из множества однородных, расположенных на небольших расстояниях друг от друга частей, объектов	having relatively high density
B181	ADJ	614	жидкий	liquid	имеющий свойство текучести, занимающий постоянный объём, но легко меняющий форму и под действием силы тяжести принимающий форму объемлющего сосуда	A substance that is flowing, and keeping no shape, such as water; a substance of which the molecules, while not tending to separate from one another like those of a gas, readily change their relative position, and which therefore retains no definite shape
B181	NOUN	615	крошево			
B181	NOUN	616	бульон	bouillon	отвар, употребляемый как первое блюдо или служащий основой для приготовления различных супов или соусов	water in which food (meat or vegetable etc) has been boiled
B181	NOUN	617	суп	soup		
B181	VERB	618	кусать			
B181	VERB	619	пробовать (на вкус)	to taste		
B181	VERB	620	размельчать			
B181	VERB	621	отжимать, выжимать, пропуская через сито			
B181	VERB	622	вскрыть	to unseal	открыть, раскрыть что-либо упакованное, запертое, закрытое, запечатанное	to open by having a seal broken
B181	NOUN	623	потроха рыбы			
B181	NOUN	624	очистки			
B181	NOUN	625	отжимки			
B181	NOUN	626	раствор для киселя или блинов			
B181	NOUN	627	пена			
B181	NOUN	628	пивная гуща, барда			
B181	ADJ	629	горький	bitter	имеющий едкий (обычно неприятный) вкус, свойственный полыни, хине, горчице и т. п.	having an acrid taste (usually from a basic substance)
B181	ADJ	630	кислый			
B181	NOUN	631	плесень			
B181	NOUN	632	соль			
B181	NOUN	633	сахар			
B181	NOUN	634	толокно			
B181	NOUN	635	солод			
B181	NOUN	636	рассол			
B181	NOUN	637	крупа			
B181	ADJ	638	крупный (о муке грубого помола)			
B181	NOUN	640	кисель			
B181	NOUN	641	квас			
B181	NOUN	642	пиво			
B181	NOUN	643	вино	wine	алкогольный напиток, получаемый в результате полного или частичного спиртового брожения сока либо мезги винограда или иных плодов (иногда с добавлением спирта и других веществ)	an alcoholic beverage made by fermenting grape juice or by fermenting other substances
B181	ADJ	644	сытый			
B181	NOUN	645	голод	hunger	ощущение потребности в принятии пищи; сильное желание есть	a need or compelling desire for food
B181	VERB	646	хотеть пить, испытывать жажду			
B181	VERB	647	курить			
B181	NOUN	648	табак			
B181	NOUN	649	трубка			
B181	VERB	1429	проколоть, проткнуть			
B182	NOUN	650	одежда			
B182	NOUN	651	рубашка (мужская)			
B182	NOUN	652	рубашка (женская)			
B182	NOUN	653	штаны			
B182	NOUN	654	кальсоны			
B182	NOUN	655	юбка			
B182	NOUN	656	сарафан			
B182	NOUN	657	чулок			
B182	NOUN	658	портянки			
B182	NOUN	659	платок			
B182	NOUN	660	кафтан			
B182	NOUN	661	платье			
B182	NOUN	662	шуба			
B182	NOUN	663	пазуха			
B182	NOUN	664	шапка			
B182	NOUN	665	рукавица			
B182	VERB	666	раздеть, снять			
B182	NOUN	667	пояс			
B182	NOUN	668	ремень			
B182	NOUN	669	пряжка			
B182	NOUN	670	подол			
B182	NOUN	671	пуговица			
B182	NOUN	672	рукав			
B182	NOUN	673	карман			
B182	VERB	674	кроить			
B182	VERB	675	шить			
B182	VERB	676	пороть			
B182	VERB	677	подрубать			
B182	VERB	678	чинить белье			
B182	NOUN	679	дыра	hole	отверстие, в особенности с неровными краями, прореха или углубление в чём-либо	a hollow place or cavity; an excavation; a pit; a dent; a depression; a fissure
B182	ADJ	680	старый, изношенный (об одежде)			
B182	ADJ	681	новый			
B182	ADJ	682	тесный			
B182	NOUN	683	бусы	beads	украшение в виде нити с нанизанными на неё зёрнами из стекла, камня и т. п.	a beaded necklace
B182	NOUN	684	кольцо, перстень			
B182	NOUN	685	серьги			
B182	NOUN	686	наперсток			
B182	VERB	687	мыть			
B182	NOUN	688	мыло			
B182	NOUN	689	пар (в бане)			
B182	VERB	690	париться (в бане)			
B182	ADJ	691	чистый			
B182	VERB	692	вытирать	to wipe	проводя чем-либо твёрдым по какой-либо поверхности, делать её чистой или сухой, удалять грязь, пыль, влагу и т. п.; очищать трением	to move an object over, maintaining contact, with the intention of removing some substance from the surface
B182	NOUN	693	полотенце			
B182	NOUN	694	простыня			
B182	NOUN	695	скатерть			
B182	NOUN	696	щелок			
B182	NOUN	697	одеяло			
B182	NOUN	698	подушка			
B182	NOUN	699	постель			
B182	NOUN	700	гребень (для волос)	comb	продолговатая пластинка с рядом зубьев по обеим сторонам, служащая для расчесывания волос; расчёска с крупными зубьями либо украшение для волос, выполненное в виде такой расчёски	a toothed implement for grooming the hair or (formerly) for keeping it in place
B182	NOUN	701	зеркало			
B21	VERB	702	понимать	to understand		
B21	VERB	703	думать	to think	осуществлять мыслительную деятельность 	to ponder, to go over in one's head
B21	VERB	704	помнить	to remember		
B21	VERB	705	упоминать	to mention		
B21	VERB	706	знать	to know		
B21	VERB	707	узнавать	to recognize, to learn, to get to know		
B21	VERB	708	забывать	to forget		
B21	NOUN	709	ум			
B21	ADJ	710	умный			
B21	VERB	711	уметь	to be able		
B21	NOUN	712	мозг			
B21	NOUN	713	слово			
B21	ADJ	714	скупой			
B22	VERB	715	бояться	to fear	испытывать боязнь, страх	to be afraid of (something or someone); to consider or expect (something or someone) with alarm
B22	VERB	716	хотеть	to want		
B22	ADJ	717	милый			
B22	VERB	718	обрадоваться			
B22	VERB	719	нравиться			
B22	VERB	720	смеяться			
B22	VERB	721	сердиться			
B22	NOUN	722	обида			
B22	ADV	723	жаль	pity	о чувстве сожаления по поводу чего-либо,  сострадании по отношению к кому-либо, чему-либо	A feeling of sympathy at the misfortune or suffering of someone or something. 
B22	NOUN	724	печаль, тоска			
B22	VERB	725	мучить			
B22	VERB	726	плакать	to cry		
B22	VERB	727	любить			
B22	VERB	728	обнимать			
B22	VERB	729	целовать			
B22	NOUN	730	беда	misfortune	несчастье, крайне тяжёлое или неприятное событие или обстоятельство	an undesirable event such as an accident
B22	VERB	1166	гладить, поглаживать	to stroke	водить ладонью, пальцами и т. п. по поверхности чего-либо; поглаживать	to move one's hand with gentle pressure over (a surface, especially hair, fur, or skin), typically repeatedly; caress.
B22	NOUN	1450	доверие	trust	положительное отношение к объекту или субъекту, основанное на уверенности в его надёжности, достоверности или, соответственно, честности, добросовестности	сonfidence in or reliance on some person or quality
B23	VERB	731	лгать, обманывать			
B23	VERB	732	воровать	to steal	тайно, без разрешения брать кого-, что-либо у кого-либо, незаконно присваивать себе чужое; красть	to take illegally, or without the owner's permission, something owned by someone else without intending to return it
B23	ADJ	733	виноватый	guilty	совершивший проступок, нечто предосудительное	responsible for a dishonest act
B23	VERB	734	бранить, ругать	to scold	порицать, осуждать кого-либо или что-либо	to rebuke angrily
B23	VERB	735	хаять			
B23	VERB	736	дразнить	to tease	намеренно раздражать шутками, приставанием; злить насмешками	to provoke or disturb; to annoy
B23	ADJ	737	хороший	good		
B23	ADJ	738	злой	evil, wicked		
B23	ADJ	739	плохой	bad		
B23	ADJ	740	ленивый	lazy		
B23	VERB	741	завидовать			
B23	NOUN	742	стыд			
B23	NOUN	743	правда	truth		
B23	NOUN	744	честь			
B23	NOUN	745	милость			
B31	VERB	746	работать			
B31	NOUN	747	работа			
B31	VERB	748	нанимать			
B31	VERB	749	делать	to make	изготовлять, производить какие-либо действия, обычно с помощью инструментов, машин и пр.; создавать какие-либо произведения живописи, литературы, музыки и т. п.	to build, construct, produce, or originate
B31	NOUN	750	дело	business	работа, занятие, действие	a person's occupation, work, or trade
B31	NOUN	751	подряд			
B31	NOUN	752	ноша			
B31	VERB	753	тереть	to rub		
B31	VERB	754	прибирать (в квартире)			
B31	VERB	755	вить, свивать	to twist	соединять, скручивая, сплетая в одну нить, вместе	to turn the ends of something, usually thread, rope etc., in opposite directions, often using force
B31	VERB	756	сучить (пряжу)			
B31	VERB	757	облить			
B31	VERB	758	связывать			
B31	VERB	759	отломить, отколоть			
B31	NOUN	760	узел			
B31	NOUN	1436	помощник	helper, aid		
B321	NOUN	761	подсека			
B321	VERB	762	палить подсеку			
B321	VERB	763	расчищать, раскорчевывать (под пашню, луг)			
B321	NOUN	764	пожог, выженное место			
B321	NOUN	765	груда (камней)	heap	большое количество каких-либо предметов, сложенных, нагромождённых в беспорядке один на другой	a pile or mass; a collection of things laid in a body, or thrown together so as to form an elevation
B321	NOUN	766	поле			
B321	NOUN	767	почва	soil		
B321	ADJ	768	твердый			
B321	VERB	769	набухать			
B321	VERB	770	обрабатывать (землю)			
B321	NOUN	771	полоса (земли)			
B321	NOUN	772	пар (в севообороте)			
B321	NOUN	773	подсека заросшая			
B321	NOUN	774	навоз			
B321	NOUN	775	навозная куча			
B321	VERB	776	копать			
B321	NOUN	777	мотыга			
B321	NOUN	778	соха			
B321	NOUN	779	борона	harrow	сельскохозяйственное орудие для обработки почвы, состоящее из тяжелой конструкции, имеющей несколько дисков или зубьев в ряд, которую таскают по вспаханной земле для выравнивания или рыхления почвы, удаления сорняков или прикрытия семян	a device consisting of a heavy framework having several disks or teeth in a row, which is dragged across ploughed land to smooth or break up the soil, to remove weeds or cover seeds; a harrow plow.
B321	NOUN	780	изгородь			
B321	NOUN	781	кол			
B321	VERB	782	сеять			
B321	NOUN	783	всходы	young growth	ростки хлебных злаков, показавшиеся из земли	cereal sprouts emerging from the ground
B321	NOUN	784	росток			
B321	NOUN	785	отросток, побег			
B321	VERB	786	полоть			
B321	ADJ	787	спелый, зрелый			
B321	NOUN	788	полеглость			
B321	NOUN	789	лемех			
B321	VERB	790	пахать			
B321	NOUN	791	борозда	furrow	длинная канавка на поверхности почвы, проведённая сохой или плугом, для посадки в неё растений	a trench cut in the soil, as when plowed in order to plant a crop
B321	NOUN	1437	жердь	pole	длинный шест из тонкого ствола дерева	Originally, a stick; now specifically, a long and slender piece of metal or (especially) wood, used for various construction or support purposes.
B322	VERB	792	жать	to reap	среза́ть под корень (стебли хлебных растений), убирать урожай зерновых 	To gather (e.g. a harvest) by cutting.
B322	NOUN	793	серп			
B322	NOUN	794	сноп			
B322	NOUN	795	перевясло			
B322	NOUN	796	суслон, бабка			
B322	NOUN	797	зарод			
B322	NOUN	798	стерня			
B322	NOUN	799	яровые злаки			
B323	NOUN	800	рига			
B323	VERB	801	насаживать снопы (в ригу)			
B323	VERB	802	молотить			
B323	NOUN	803	зерно			
B323	VERB	804	веять	to winnow	отделять, очищать зерно от мякины и сора на естественном ветре или при помощи веялки	to subject (granular material, especially food grain) to a current of air separating heavier and lighter components, as grain from chaff
B323	NOUN	805	солома			
B323	NOUN	806	пучок, связка (соломы)			
B323	NOUN	807	полова, мякина			
B324	NOUN	808	коса			
B324	VERB	809	косить	to mow, to cut		
B324	NOUN	810	сено			
B324	NOUN	811	луг, лужайка			
B324	VERB	812	точить на точильном камне			
B324	VERB	813	точить бруском			
B324	NOUN	814	грабли	rake	садово-огородный инструмент, колодка с зубьями, насаженная на длинную рукоятку	a garden tool with a row of pointed teeth fixed to a long handle, used for collecting debris, grass, etc., for flattening the ground, or for loosening soil
B324	NOUN	815	зуб (граблей)			
B324	NOUN	816	валок (сена)	windrow (of hay)	ряд срезанного (скошенного) сена или мелкой зерновой культуры	a long line of raked hay or sheaves of grain laid out to dry in the wind
B324	NOUN	817	куча			
B324	NOUN	818	копна (сена)			
B324	VERB	819	разбрасывать, расстилать (копны сена)			
B324	NOUN	820	носилки для подноски сена			
B324	NOUN	821	прясло			
B324	NOUN	822	стог			
B324	NOUN	823	стожар			
B331	NOUN	824	двор для скота	barnyard	часть крестьянского двора, предназначенная для содержания сельскохозяйственных животных	part of a peasant yard intended for keeping farm animals
B331	NOUN	825	хлев			
B331	VERB	826	привязать			
B331	NOUN	827	скот			
B331	VERB	828	кормить			
B331	NOUN	829	ясли			
B331	NOUN	830	лошадь			
B331	NOUN	831	жеребец	stallion	самец лошади 	An adult male horse.
B331	NOUN	832	самец	masculine		
B331	NOUN	833	грива (лошади)	mane	длинная шерсть, растущая на голове, загривке и шее некоторых животных	longer hair growth on back of neck of an animal, especially a horse or lion
B331	NOUN	834	мерин			
B331	NOUN	835	кобыла			
B331	NOUN	836	жеребенок	colt	детёныш лошади	A young male horse.
B331	NOUN	837	сбруя, упряжь			
B331	NOUN	838	узда			
B331	NOUN	839	седло			
B331	NOUN	840	удила			
B331	NOUN	841	хомут			
B331	NOUN	842	дуга (упряжь)	shaft bow	деревянная часть упряжи, соединяющая оглобли с хомутом и имеющая изогнутую форму	an element of horse harness that is attached to the front of the shafts of a horse-drawn vehicle and joins them by arching high above the neck of the horse
B331	NOUN	843	вожжи	rein	часть упряжи, состоящая из длинного ремня (или толстой тесьмы, верёвки), прикреплённого к удилам, и служащая для того, чтобы править запряжённой лошадью	a long, narrow strap attached at one end to a horse's bit, typically used in pairs to guide or check a horse while riding or driving
B331	NOUN	844	гуж	tug	кожаная или верёвочная петля у хомута, служащая для скрепления оглобель с дугой; в гужи закладываются концы оглобель и через них передаётся тяговое усилие от лошади к повозке	a leather or rope loop at the clamp, which serves to fasten the shaft to the arc; the ends of the shafts are placed in the tugs and through them the traction force is transmitted from the horse to the cart
B331	NOUN	845	супонь - ремень для стягивания хомута (обычно под шеей лошади)			
B331	VERB	846	ржать			
B331	NOUN	847	корова			
B331	NOUN	848	рог			
B331	ADJ	849	комолый	hornless	о животных, обыкновенно имеющих рога: безрогий, имеющий вместо рогов только комли рогов, роговые наросты	without horns
B331	ADJ	850	яловый			
B331	NOUN	851	бык	bull	животное рода полорогих парнокопытных, включающего в себя дикий и одомашненный рогатый скот; самец коровы	an adult male of domesticated cattle or oxen
B331	VERB	852	кастрировать			
B331	ADJ	853	беременный (о животных)	pregnant (animal)	о самке животного, вынашивающей детёныша	about a female animal carrying developing offspring in her body
B331	NOUN	854	нетель			
B331	NOUN	855	вымя	udder	у самок млекопитающих животных — о́рган, выделяющий молоко; молочная железа с соска́ми	an organ formed of the mammary glands of female quadruped mammals, particularly ruminants such as cattle, goats, sheep and deer
B331	VERB	856	мычать			
B331	VERB	857	жевать жвачку	chewing	Пережёвывать возвращаемой из желудка растительной пищи во вторичном процессе пищеварения, характерном для жвачных животных.  	Chewing plant food returned from the stomach in a secondary digestive process characteristic of ruminants.
B331	NOUN	858	копыто			
B331	NOUN	859	хвост			
B331	NOUN	860	баран	ram	жвачное парнокопытное млекопитающее семейства полорогих с длинной вьющейся шерстью и изогнутыми рогами	A male sheep, typically uncastrated.
B331	NOUN	861	овца	sheep	небольшое домашнее жвачное животное семейства полорогих, дающее шерсть, мясо, молоко	a woolly ruminant of the genus Ovis
B331	NOUN	862	овечья шкура			
B331	NOUN	863	шкура			
B331	NOUN	864	ягненок			
B331	NOUN	865	ярка			
B331	NOUN	866	овца (самка)			
B331	VERB	867	бодать	to butt	бить, колоть рогами	to strike bluntly, particularly with the head
B331	NOUN	868	шерсть			
B331	VERB	869	стричь (овец)			
B331	NOUN	870	свинья			
B331	NOUN	871	поросенок			
B331	NOUN	1449	самка	female		
B332	VERB	872	курятник			
B332	NOUN	873	петух			
B332	VERB	874	петь (о петухе)			
B332	NOUN	875	курица			
B332	VERB	876	нестись, класть яйца (о птицах)			
B332	NOUN	878	зоб			
B332	NOUN	879	яйцо			
B333	NOUN	880	молоко			
B333	VERB	881	цедить (молоко)			
B333	ADJ	882	свежий			
B333	NOUN	883	запеченное молозиво			
B333	NOUN	884	сметана			
B333	VERB	885	сбивать (масло)			
B333	NOUN	886	масло			
B333	VERB	887	растопить (масло)			
B333	NOUN	888	творог			
B333	NOUN	889	сыворотка			
B334	NOUN	890	пастбище			
B334	NOUN	891	пастух			
B334	NOUN	892	пастуший рожок	shepherd's horn		
B334	NOUN	893	плеть			
B34	NOUN	894	картофель			
B34	NOUN	895	ботва	leaves of root vegetables	листья и стебли корнеплодов (свёклы, репы, моркови и т. п.) и картофеля	
B34	NOUN	896	пчела			
B34	NOUN	897	мед			
B34	NOUN	898	воск	wax	пластичная масса жёлтого или белого цвета, производимая пчёлами для постройки сот	any oily, water-resistant, solid or semisolid substance; normally long-chain hydrocarbons, alcohols or esters
B34	NOUN	899	семя			
B34	NOUN	900	рассада			
B34	NOUN	901	лён			
B34	VERB	902	трепать (лен)	scutch		
B34	NOUN	903	конопля			
B34	VERB	904	мочить			
B34	NOUN	905	лыко			
B34	NOUN	906	чесалки для шерсти			
B34	NOUN	907	смола перегнанная			
B34	VERB	908	дубить	to tan (leather)	подвергать обработке кожу, шкуру в процессе вымачивания в специальных растворах	to change an animal hide into leather by soaking it in tannic acid
B351	NOUN	909	молоток			
B351	NOUN	910	гвоздь	nail (fastener)	крепёжное изделие в виде металлического стержня, заострённого с одного конца и, как правило, с плоским утолщением (шляпкой) на втором, тупом конце	a spike-shaped metal fastener used for joining wood or similar materials. The nail is generally driven through two or more layers of material by means of impacts from a hammer or other device. It is then held in place by friction
B351	NOUN	911	клин (деревянный)			
B351	NOUN	912	веретено	spindle	ручное прядильное орудие в виде длинной, тонкой палочки с заострёнными концами и утолщением посредине	A rod used for spinning and then winding natural fibres (especially wool), usually consisting of a shaft and a circular whorl positioned at either the upper or lower end of the shaft when suspended vertically from the forming thread
B351	NOUN	913	точило			
B351	NOUN	914	долото	chisel	плотницкий или столярный ручной инструмент, предназначенный для выдалбливания отверстий, гнёзд, пазов и т. п.	a cutting tool used to remove parts of stone, wood or metal by pushing or pounding the back when the sharp edge is against the material. It consists of a slim, oblong block of metal with a sharp wedge or bevel formed on one end and sometimes a handle at t
B351	NOUN	915	подмостки для вытаскивания лодки на берег			
B351	NOUN	916	топор			
B351	NOUN	917	пятка топора			
B351	NOUN	918	обух топора			
B351	NOUN	919	вилы	pitchfork	сельскохозяйственное орудие в виде нескольких острозаточенных прутьев, соединённых поперечным стержнем, прикреплённым к ручке	An agricultural tool comprising a fork with sparse, light tines, attached to a long handle, used for pitching hay (especially loose hay) high up onto a stack (as on a wagon or haystack, or into a haymow).
B351	NOUN	920	острие			
B351	ADJ	921	острый			
B351	NOUN	922	нож			
B351	NOUN	923	ножны			
B351	NOUN	924	брусок	bar	продолговатый предмет, обычно имеющий прямоугольное поперечное сечение с резкими либо скруглёнными продольными и поперечными гранями	a solid, more or less rigid object of metal or wood with a uniform cross-section smaller than its length
B351	NOUN	925	сверло			
B351	NOUN	926	портной			
B351	NOUN	927	прялка			
B351	NOUN	928	метла			
B351	NOUN	929	лопата			
B351	NOUN	930	пешня			
B352	NOUN	931	хлеб			
B352	ADJ	932	мягкий (о хлебе)			
B352	NOUN	933	ломтик (хлеба)			
B352	NOUN	934	кусок (хлеба)			
B352	NOUN	935	крошка (хлеба)			
B352	NOUN	936	краюха (хлеба)			
B352	NOUN	937	каравай (круглый хлеб)			
B352	VERB	938	молоть			
B352	NOUN	939	мука			
B352	NOUN	941	высевки	bran	разломанная оболочка семян пшеницы, ржи или других зерновых культур, отделенная от муки или шрота путем просеивания или просеивания; грубая, пленчатая часть молотого зерна	the broken coat of the seed of wheat, rye, or other cereal grain, separated from the flour or meal by sifting or bolting; the coarse, chaffy part of ground grain.
B352	NOUN	942	закваска (для теста)			
B352	NOUN	943	дрожжи	yeast	микроскопические одноклеточные грибки, вызывающие брожение	an often humid, yellowish froth produced by fermenting malt worts, and used to brew beer, leaven bread, and also used in certain medicines
B352	NOUN	944	тесто			
B352	NOUN	945	помело			
B352	VERB	946	печь, испечь			
B352	VERB	947	резать			
B353	NOUN	948	ружье			
B353	NOUN	949	лук (оружие)			
B353	NOUN	950	стрела			
B353	VERB	951	стрелять			
B353	VERB	952	попадать в цель			
B353	NOUN	953	лабаз			
B353	NOUN	954	силок (для птиц)			
B353	NOUN	955	ловушка			
B353	NOUN	956	ток пернатой дичи			
B353	NOUN	957	добыча	prey	то, что добыто охотой, промыслом и т. п.; предмет охоты, промысла и т. п.	an animal that is hunted and killed by another for food
B353	VERB	958	ловить, промышлять рыбу			
B353	NOUN	959	крючок рыболовный			
B353	NOUN	960	удилище	fishing rod		
B353	NOUN	961	леска			
B353	VERB	962	лучить рыбу			
B353	NOUN	963	приспособление для огня при лучении рыбы	device for fire when beaming fish		
B353	NOUN	964	острога			
B353	NOUN	965	сеть			
B353	NOUN	966	игла, иглица для вязания сетей			
B353	NOUN	967	планка для вязания сетей			
B353	NOUN	968	тетива сети			
B353	NOUN	969	поплавок			
B353	NOUN	970	грузило (в сетях)	sinker	небольшой груз, подвешиваемый к лесе удочки или к сети для удержания их на глубине	a weight used in fishing to cause the line or net to sink
B353	VERB	971	красить (сети)			
B353	NOUN	972	вешало (для сетей, невода)	hanger (for nets)	столб или жерди с поперечными перекладинами для развешивания и сушки чего-либо	a pole or poles with crossbars for hanging and drying something
B353	NOUN	973	невод			
B353	NOUN	974	мотня невода			
B353	NOUN	975	горловина мережи	neck of Fyke net	первый, входной, обруч ставного невода (рыболовной снасти-ловушки, состоящей из сетки, натянутой на обручи) чаще всего имеет форму арки, на нижних концах которой закреплены небольшие грузы, для более устойчивого положения	the first hoop of Fyke net (a type of fish-trap consisting of tubular nets that are supported by hoops)
B353	NOUN	976	тоня (заводь)			
B353	NOUN	977	мережа			
B353	NOUN	978	блесна	minnow	искусственная приманка для ловли рыбы в виде металлической пластины с одним или несколькими рыболовными крючками	an artificial bait in the form of a small fish
B353	VERB	979	ботать	to catch fish with a	ловить рыбу посредством ботало (длинной палки с дощечкой или конусообразным пустым внутри наконечником), которым ударяют по воде при ловле рыбы, пугая её и загоняя в сети	catch fish using a long stick with a plank or a cone-shaped tip empty inside, which is used to hit the water when catching fish, scaring it and driving it into the net
B353	VERB	980	вялить	to jerk	подсушивать на солнце, ветру или искусственным путём для сохранения впрок	to cure (meat or fish) by cutting into strips and drying
B353	NOUN	981	сушеная рыба, сущик			
B353	NOUN	982	кость (рыбья)			
B353	VERB	983	убивать			
B353	VERB	984	сдирать шкуру (с животных)			
B353	NOUN	985	мясо			
B353	NOUN	986	кость			
B353	NOUN	987	сало, жир			
B353	NOUN	988	шкварки			
B354	VERB	989	раскалывать, колоть (дрова)	to chop wood		
B354	NOUN	990	колотушка (для колки дров)			
B354	VERB	991	тесать			
B354	NOUN	992	чурбак			
B354	VERB	993	щепать (лучину)			
B354	NOUN	994	щепка			
B354	VERB	995	долбить	to gouge	ударами какого-либо инструмента проделывать отверстия, углубления в чём-либо твёрдом, разбивать что-либо	to make a dent or a hole by constantly hitting the surface
B354	NOUN	996	доска	board	плоский длинный кусок дерева, пиломатериал, получаемый путём продольной распилки бревна	a relatively long, wide and thin piece of any material, usually wood or similar, often for use in construction or furniture-making
B354	NOUN	997	половица			
B354	NOUN	998	палка			
B354	NOUN	999	обруч (у бочки)			
B355	NOUN	1000	кузнец			
B355	NOUN	1001	наковальня			
B355	NOUN	1002	кузнечные мехи			
B355	VERB	1003	раздувать (горн)			
B355	VERB	1004	ковать (железо)			
B355	NOUN	1005	колесо			
B355	NOUN	1006	клещи			
B355	NOUN	1007	сталь			
B355	VERB	1008	калить			
B355	VERB	1009	паять			
B355	NOUN	1010	ржавчина (на металле)			
B355	NOUN	1011	крюк			
B356	NOUN	1012	домотканая материя, ткань	fabric	тканая материя, материал	a material made of fibers, a textile or cloth
B356	VERB	1013	прясть			
B356	NOUN	1014	кудель			
B356	NOUN	1015	веретено, полное пряжи	spindle full of yarn	приспособление для прядения — стержень для навивания пряжи, перерабатываемой в нить	spinning device - a rod for winding yarn to be processed into thread
B356	VERB	1016	мотать нитки на клубок			
B356	NOUN	1017	клубок			
B356	VERB	1018	мотать нитки на мотовило			
B356	VERB	1019	ткать			
B356	NOUN	1020	кросна, стан			
B356	VERB	1021	основать			
B356	NOUN	1022	основа ткани			
B356	NOUN	1023	бёрдо	reed (in a loom)	приспособление для ручного ткачества в виде частого гребня	a comb-like part of a beater for beating the weft when weaving.
B356	NOUN	1024	конец нитчёнок			
B356	NOUN	1025	уток			
B356	NOUN	1026	челнок			
B356	VERB	1027	вязать	to knit	изготовлять ткань или предметы одежды путём сравнительно неплотного переплетения нитей	to turn thread or yarn into a piece of fabric by forming loops that are pulled through each other; this can be done by hand with needles or by machine
B356	NOUN	1028	узор			
B356	NOUN	1029	сукно			
B356	NOUN	1030	полотно			
B356	NOUN	1031	ширина полотна			
B356	NOUN	1032	лоскут			
B356	VERB	1033	выделывать (кожу)	to curry (leather)	подвергать (кожу) специальной обработке с целью придать какое-либо качество, свойство	to dress (leather) after it is tanned by beating, rubbing, scraping and colouring
B356	NOUN	1034	обувь	shoes		
B356	NOUN	1035	дратва	shoe-thread	прочная просмолённая или навощённая нитка для шитья обуви, кожаных изделий	durable tarred or waxed thread for sewing shoes and leather products
B356	NOUN	1036	вар (смола)	brew	варёная смола с примесями, употребляемая в различных ремёслах, строительном деле и т. п.	boiled resin with impurities, used in various crafts, construction, etc.
B356	NOUN	1037	шило			
B356	NOUN	1038	колодка для обуви			
B356	NOUN	1039	голенище	bootleg	часть сапога, охватывающая голень	top of a (high) boot
B356	NOUN	1040	каблук			
B356	NOUN	1041	подошва			
B356	NOUN	1042	лапти берестяные			
B356	NOUN	1043	оборы (у лаптей)			
B356	NOUN	1044	паголенки			
B36	VERB	1045	продавать			
B36	VERB	1046	торговать			
B36	NOUN	1047	клад, сокровище	treasure		
B36	NOUN	1048	магазин			
B36	NOUN	1049	товар			
B36	VERB	1050	покупать			
B36	VERB	1051	мерить			
B36	NOUN	1052	безмен	steelyard	ручные весы	a transportable balance with unequal arm lengths
B36	NOUN	1053	фунт			
B36	NOUN	1054	деньги	money	всеобще признанный особый товар (обычно в виде монет и банкнот), являющийся мерой стоимости других товаров и средством платежа	a generally accepted means of exchange and measure of value
B36	VERB	1055	считать			
B36	VERB	1056	платить			
B36	NOUN	1057	копейка			
B36	NOUN	1058	рубль			
B36	ADJ	1059	дорогой	expensive	стоящий больших денег; продаваемый или покупаемый по высокой цене	having a high price or cost
B36	ADJ	1060	дешевый	cheap	стоящий немного, недорогой	low and/or reduced in price
B36	NOUN	1061	долг	debt	взятое взаймы, то, что необходимо отдать или возместить	money that one person or entity owes or is required to pay to another, generally as a result of a loan or other financial transaction
B36	VERB	1062	менять			
B36	VERB	1063	зарабатывать	to earn		
B36	ADJ	1064	бедный, неимущий	poor	такой, у которого не хватает денежных или иных средств для поддержания нормальных условий жизни, малоимущий, имеющий недостаточно средств или относящийся к малоимущим людям	with no or few possessions or money, particularly in relation to contemporaries who do have them
B36	ADJ	1065	богатый	rich	обладающий большим состоянием; очень зажиточный	wealthy: having a lot of money and possessions
B36	VERB	1066	беречь, хранить	to keep safe	хранить в целости, сохранности; дорожа чем-либо, не давать пропасть, потеряться	to keep safe and sound; treasure something, don’t let it go to waste, get lost
B36	NOUN	1067	кошелек для денег			
B36	NOUN	1068	запас			
B36	VERB	1069	арендовать	to rent	брать (взять) в аренду, то есть во временное пользование на договорных началах	to obtain or have temporary possession of an object in exchange for money
B36	VERB	1070	выкупить	to ransom	заплатив деньги или выполнив иное требование, освободить заложника, пленника 	to pay a price to set someone free from captivity or punishment
B36	NOUN	1071	заработок, оплата	earnings, payment		
B36	ADV	1072	даром, бесплатно	free of charge	не получая или не давая ничего взамен	without any payment being required
B36	NOUN	1073	прибавка	increase, increment		
B371	NOUN	1074	изба, дом			
B371	NOUN	1075	жилище	dwelling	то же, что жильё; место, где кто-либо укрывается от непогоды, спит, хранит личные вещи и т.д.; дом, жилое помещение, приют.	a house or place in which a person lives; a habitation, a home. 
B371	VERB	1076	жить, проживать	to live	находиться в каком-либо месте на постоянной или длительной основе, использовать его как дом, комнату или иное помещение для повседневного бытия	to stay in a particular place on a regular or long-term basis, using it as one’s home, room, or dwelling for everyday existence
B371	NOUN	1077	хозяйство со всеми постройками, усадьба			
B371	NOUN	1078	двор (при доме)	yard	огороженный участок земли при доме, на котором расположены хозяйственные постройки	a small, usually uncultivated area adjoining or (now especially) within the precincts of a house or other building
B371	NOUN	1079	колодец			
B371	NOUN	1080	сусек, закром			
B371	NOUN	1081	яма для хранения овощей			
B371	NOUN	1082	лавка			
B371	NOUN	1083	сор, мусор			
B372	VERB	1084	рубить, делать сруб			
B372	NOUN	1085	знак, метка			
B372	VERB	1086	строить (отделывать) дом			
B372	NOUN	1087	бревно	log	очищенный от веток и лишённый верхушки ствол срубленного большого дерева или часть такого ствола	the trunk of a dead tree, cleared of branches
B372	NOUN	1088	столб			
B372	VERB	1089	конопатить			
B372	NOUN	1090	конек крыши			
B372	NOUN	1091	этаж			
B372	NOUN	1092	угол дома (внутренний)			
B372	NOUN	1093	угол дома (внешний)			
B372	NOUN	1094	полог			
B372	NOUN	1095	подполье (в избе)			
B372	NOUN	1096	пол			
B372	NOUN	1097	щель			
B372	NOUN	1098	завалина			
B372	NOUN	1099	стена			
B372	NOUN	1100	потолок			
B372	NOUN	1101	порог			
B372	NOUN	1102	петля двери			
B372	NOUN	1103	ручка двери			
B372	NOUN	1104	задвижка дверная, засов			
B372	NOUN	1105	замок			
B372	NOUN	1106	крыльцо			
B372	NOUN	1107	ворота	gate	широкий вход или проезд в ограде, в стене, запираемый створами	doorway, opening, or passage in a fence or wall
B372	ADJ	1108	плотный, тесно и прочно соединенный			
B372	NOUN	1109	баня	bath (steam)	специальная постройка, помещение или учреждение, где люди моются и парятся	a type of steam bath, popular in Russia (and in some parts of Alaska as well)
B372	NOUN	1110	амбар	barn	строение для хранения зерна и других видов продовольствия	a building, often found on a farm, used for storage or keeping animals such as cattle
B372	NOUN	1111	окно			
B372	NOUN	1112	дверь	door	проём в стене для входа и выхода из помещения или проём во внутреннее пространство чего-либо, а также закрывающие этот проём створ или несколько створов	a portal of entry into a building, room, or vehicle, typically consisting of a rigid plane movable on a hinge; it may have a handle to help open and close, a latch to hold it closed and a lock that ensures it cannot be opened without a key
B372	VERB	1113	открывать			
B372	VERB	1114	закрывать, затворять			
B372	NOUN	1115	крыша			
B372	NOUN	1116	навес крыши, стреха	eaves		
B372	NOUN	1117	лестница			
B372	NOUN	1118	поперечная полка во всю ширину избы, воронец			
B373	NOUN	1119	посуда			
B373	ADJ	1120	полный			
B373	NOUN	1121	миска деревянная			
B373	NOUN	1122	сковорода	pan		
B373	NOUN	1123	ложка			
B373	VERB	1124	блестеть	to shine	ярко светиться	to emit or reflect light so as to glow
B373	NOUN	1125	ковш			
B373	NOUN	1126	ведро	pail	сосуд конической или цилиндрической формы с дугообразной ручкой для ношения и хранения жидкостей или сыпучих веществ	a vessel of wood, tin, plastic, etc., usually cylindrical and having a handle -- used especially for carrying liquids, for example water or milk; a bucket (sometimes with a cover)
B373	NOUN	1127	горшок	pot	округлый сосуд для приготовления и хранения пищи, разведения цветов и иных хозяйственных нужд	a container, typically rounded or cylindrical and of ceramic ware or metal, used for storage or cooking
B373	NOUN	1128	котел			
B373	NOUN	1129	кадка			
B373	NOUN	1130	ушат			
B373	NOUN	1131	решето			
B373	NOUN	1132	мутовка			
B373	NOUN	1133	пест			
B373	NOUN	1134	ступа			
B373	NOUN	1135	квашня			
B373	NOUN	1136	сундук			
B373	NOUN	1137	корзина			
B373	NOUN	1138	мешок			
B373	NOUN	1139	кошель			
B373	NOUN	1140	лямка (кошеля, котомки)			
B373	NOUN	1141	цепь, крюк для подвешивания котелка над жаратком			
B373	NOUN	1142	кочерга			
B373	NOUN	1143	корыто			
B373	NOUN	1144	мочалка для мытья пола			
B374	NOUN	1145	печь (в избе)			
B374	NOUN	1146	загнетка (место на шестке или в самой русской печи (около устья), куда сгребают горящие угли)			
B374	VERB	1147	зажигать, разжигать			
B374	NOUN	1148	принадлежности для высекания огня (огниво и кремень)			
B374	NOUN	1149	кремень			
B374	NOUN	1150	кресало, огниво			
B374	NOUN	1151	огонь			
B374	NOUN	1152	костер			
B374	VERB	1153	гореть	to burn	порождать и поддерживать собою пламя, огонь, постепенно уничтожаясь	to produce flames and heat while consuming a material such as coal or wood
B374	NOUN	1154	нодья (особый вид костра)	nodia		
B374	NOUN	1155	лучина			
B374	NOUN	1156	дрова	firewood	древесина в виде брёвен и поленьев для топки, сжигания	wood intended to be burned, typically for heat
B374	NOUN	1157	поленница			
B374	NOUN	1158	головешка	ember	кусок тлеющего или обуглившегося дерева	a glowing piece of coal or wood; a hot coal
B374	VERB	1159	гасить, тушить	extinguish	прекращать горение чего-либо	to put out, as in fire; to end burning; to quench
B374	NOUN	1160	жар (от печи)	heat	сильно нагретый воздух	The condition or quality of being hot. 
B374	VERB	1161	жечь	to burn	заставлять гореть, подвергать действию огня, уничтожать огнём	To cause to be consumed by fire. 
B374	NOUN	1162	сажа			
B374	NOUN	1163	зола			
B374	NOUN	1164	дым	smoke	совокупность мелких твёрдых частиц и газообразных продуктов, выделяющихся в воздух при сгорании чего-либо	the visible vapor/vapour, gases, and fine particles given off by burning or smoldering material
B374	NOUN	1165	свеча			
B375	VERB	1167	мести			
B375	NOUN	1168	веник	broom	связка прутьев или веток с листьями, используемая для подметания пола, либо для па́рения бане	a domestic utensil with fibers bound together at the end of a long handle, used for sweeping
B375	NOUN	1169	игла			
B375	NOUN	1170	нить, нитка			
B375	NOUN	1171	ножницы для стрижки овец			
B375	VERB	1172	убирать (в доме)			
B375	VERB	1174	замачивать			
B375	VERB	1175	полоскать			
B375	NOUN	1176	половик			
B375	NOUN	1177	пятно (на одежде)			
B375	NOUN	1178	пыль			
B375	VERB	1451	гладить, утюжить	to iron	делать гладким при помощи горячего утюга или пресса (бельё, одежду и т. п.)	to pass an iron over (clothing or some other item made of cloth) in order to remove creases
B38	NOUN	1179	дорога	road	путь сообщения; полоса земли для передвижения; составная часть транспортной (дорожной) инфраструктуры	a way used for travelling between places, originally one wide enough to allow foot passengers and horses to travel, now usually one surfaced with asphalt or concrete and designed to accommodate many vehicles travelling in both directions
B38	ADJ	1180	грязный	dirty	запачканный, не чистый, покрытый или пропитанный грязью	unclean; covered with or containing unpleasant substances such as dirt or grime
B38	ADJ	1181	скользкий	slippery		
B38	NOUN	1182	перевозка			
B38	NOUN	1183	путь, расстояние			
B38	NOUN	1184	райда, олений обоз			
B38	VERB	1185	ехать	to ride, to drive	поступательно двигаться по твёрдой поверхности на транспортном средстве (о движении, совершаемом однократно или в определённом направлении)	to transport oneself by sitting on and directing a horse, later also a bicycle etc.
B38	NOUN	1186	телега			
B38	NOUN	1187	сани			
B38	NOUN	1188	саамские сани, кережа			
B38	NOUN	1189	передок саней			
B38	NOUN	1190	копыл			
B38	NOUN	1191	оглобля			
B38	NOUN	1192	веревка	rope	гибкое и длинное изделие, — чаще всего сплетённое или свитое из льняных (или пеньковых, полимерных и т. п.) волокон или прядей	thick strings, yarn, monofilaments, metal wires, or strands of other cordage that are twisted together to form a stronger line
B38	NOUN	1193	веха	landmark	шест, указывающий на местности путь или границу участка	an object that marks the boundary of a piece of land
B38	NOUN	1194	зарубка			
B38	NOUN	1195	колея			
B38	NOUN	1196	лодка			
B38	NOUN	1197	борт лодки	board	боковая стенка корпуса судна (корабля) или летательного аппарата	the side of a ship
B38	NOUN	1198	черпак (в лодке)			
B38	NOUN	1199	весло	oar	приспособление для гребли на плавучих средствах, шест, заканчивающийся плоской лопастью	a type of lever used to propel a boat, having a flat blade at one end and a handle at the other, and pivoted in a rowlock atop the gunwale, whereby a rower seated in the boat and pulling the handle can pass the blade through the water by repeated strokes 
B38	NOUN	1200	уключина весла			
B38	VERB	1201	грести	to row	работать, совершать регулярные отталкивающие движения веслом (вёслами), передвигая плавучее средство по воде; также работать руками, передвигаясь в воде или под водой	to propel (a boat or other craft) over water using oars
B38	NOUN	1202	парус			
B38	VERB	1203	идти на лыжах			
B38	NOUN	1204	лыжи			
B38	NOUN	1205	котомка			
B38	NOUN	1206	провизия в дорогу			
B38	NOUN	1207	мост			
B38	NOUN	1208	плот			
B411	ADJ	1209	молодой			
B411	NOUN	1210	жених	bridegroom	мужчина, вступающий в брак	A man in the context of his own wedding; one who is going to marry or has just been married. 
B411	NOUN	1211	невеста			
B411	VERB	1212	свататься			
B411	NOUN	1213	свадьба			
B411	VERB	1214	жениться	to marry	вступать в брак (с кем-либо) 	To enter into the conjugal or connubial state.
B411	NOUN	1215	муж	husband		
B411	NOUN	1216	жена	wife	женщина по отношению к мужчине, с которым она состоит в браке	A married woman, especially in relation to her spouse.
B411	NOUN	1446	друг	friend	тот, кто тесно связан с кем-либо дружбой	a person, typically someone other than a family member, spouse or lover, whose company one enjoys and towards whom one feels affection
B412	NOUN	1217	вдова	widow	женщина, не вступившая в новый брак после смерти мужа	a woman whose spouse has died (and who has not remarried); feminine of widower
B412	NOUN	1218	семья			
B412	NOUN	1219	родители			
B412	NOUN	1220	отец			
B412	NOUN	1221	крестный отец			
B412	NOUN	1222	мать			
B412	NOUN	1223	мачеха			
B412	NOUN	1224	отчим			
B412	NOUN	1225	сирота			
B412	VERB	1226	рожать			
B412	VERB	1230	качать, укачивать (ребенка в колыбели)			
B412	NOUN	1231	сын			
B412	NOUN	1232	дочь	daughter	лицо женского пола по отношению к своим отцу и матери	one’s female offspring
B412	NOUN	1233	внук	grandson	сын дочери или сына	a son of one's child
B412	NOUN	1234	брат	brother	каждый из сыновей в отношении к другим детям тех же родителей или одного из них	son of the same parents as another person
B412	NOUN	1235	сестра			
B412	NOUN	1236	дед, дедушка	grandfather	отец отца или матери	a father of someone's parent
B412	NOUN	1237	бабушка	grandmother	мать отца или матери	a mother of someone's parent
B412	NOUN	1238	зять	son-in-law		
B412	NOUN	1239	невестка	daughter-in-law		
B412	NOUN	1240	дядя	uncle	брат отца или матери, а также муж тёти	the brother or brother-in-law of one’s parent
B412	NOUN	1241	двоюродный брат	cousine	сын дяди или тёти	son of an uncle or aunt
B412	NOUN	1242	двоюродная сестра	cousin (female)	дочь брата или сестры матери либо дочь брата или сестры отца	daughter of an uncle or aunt
B412	NOUN	1243	золовка, сестра мужа			
B412	NOUN	1244	деверь	brother-in-law (husband's side)	брат мужа	husband’s brother
B412	NOUN	1245	шурин	brother-in-law (wife's side)	брат жены	wife’s brother
B412	NOUN	1246	кум			
B412	NOUN	1247	тесть			
B412	NOUN	1248	теща			
B412	NOUN	1249	хозяйка	housewife		
B412	NOUN	1250	хозяин			
B412	NOUN	1251	тезка			
B413	NOUN	1227	ребенок			
B413	VERB	1228	пеленать			
B413	NOUN	1229	колыбель, зыбка			
B42	VERB	1252	говорить	to say	произносить слова, вести речь, выражать в устной речи какие-либо мысли, мнения, сообщать что-либо	to speak; to express an opinion; to make answer; to reply
B42	VERB	1253	сказать	to say		
B42	NOUN	1254	сказка			
B42	NOUN	1255	загадка	riddle		
B42	VERB	1256	спрашивать	to ask		
B42	VERB	1257	просить			
B42	NOUN	1258	русские			
B42	NOUN	1259	финны			
B42	NOUN	1260	саамы			
B42	NOUN	1261	карелы			
B42	NOUN	1262	вепсы	Vepses	представители малого финно-угорского народа, живущего в Карелии, Вологодской и Ленинградской областях в России, до 1917 вепсы официально именовались чудью	a Finno-Ugric people of northwest Russia
B42	NOUN	1263	шведы			
B42	NOUN	1264	немцы			
B42	NOUN	1431	карельский язык			
B42	NOUN	1432	русский язык	the Russian language		
B42	NOUN	1433	карел, карелка			
B42	NOUN	1443	разговор	conversation		
B43	NOUN	1265	праздник			
B43	NOUN	1266	гость	guest	тот, кто пришёл, приехал и т. п. навестить кого-либо, провести у кого-либо время или с какой-либо иной целью	a recipient of hospitality, especially someone staying by invitation at the house of another
B43	NOUN	1267	гостинец	present	вещь, предмет, сладости и т. п., обычно приносимые, привозимые или присылаемые откуда-либо в знак внимания, в качестве подарка	thing, object, sweets, etc., usually brought or sent from somewhere as a sign of attention, as a gift
B43	VERB	1268	дарить	to gift	передавать кому-либо какой-либо объект в собственность с уведомлением о совершаемом действии	to give as a gift or donation
B43	VERB	1269	танцевать, плясать			
B43	VERB	1270	петь			
B43	NOUN	1271	песня			
B43	VERB	1272	играть, забавляться, развлекаться			
B43	NOUN	1273	кантеле			
B43	VERB	1274	свистеть			
B43	VERB	1275	звенеть			
B43	VERB	1276	играть (на гармони)			
B43	NOUN	1277	веселье	fun	праздник, развлечение, праздничное шествие	playful, often noisy, activity
B43	VERB	1278	отдыхать			
B43	NOUN	1279	кукла			
B43	NOUN	1280	мяч			
B43	NOUN	1441	артист	actor	профессиональный исполнитель произведений искусства, преимущественно театрального или вокального	a person who portrays a character in a production
B51	NOUN	1281	деревня, село	village	любой сельский населённый пункт, в т.ч. в других странах	any rural settlement
B51	NOUN	1282	собрание			
B51	NOUN	1283	мир	peace		
B51	NOUN	1284	артель	artel	добровольное, обычно временное, объединение физических лиц для совместной работы на основе общей ответственности, самоуправления и долевого участия в доходах	a Russian or Soviet craftsmen's collective
B51	NOUN	1285	род			
B51	NOUN	1286	племя			
B51	NOUN	1287	город	city	сравнительно крупный населённый пункт с развитой административной, хозяйственной и культурной инфраструктурой	a relatively large settlement with a developed administrative, economic and cultural infrastructure
B51	NOUN	1288	закон			
B51	NOUN	1289	сосед			
B51	NOUN	1297	война	war	вооружённая борьба, боевые действия между племенами, народами, государствами и т. п. или общественными классами внутри государства, направленные на уничтожение кого-либо или чего-либо	organized, large-scale, armed conflict between countries or between national, ethnic, or other sizeable groups, usually but not always involving active engagement of military forces
B51	NOUN	1298	весть	news	известие, сообщение	piece of news, message
B51	NOUN	1299	пари			
B51	VERB	1300	ладить, жить в согласии, мире			
B51	NOUN	1301	воля	freedom	свобода, не связанная ограничениями; отсутствие зависимости от кого-, чего-либо, возможность располагать собою по собственному усмотрению, без отчёта кому бы то ни было; свобода от внутренней связи с кем-, чем-либо	the state of being free, of not being imprisoned or enslaved
B51	VERB	1302	встречать	to meet	оказываться около кого-либо, обнаруживать перед собою кого-либо	to come face to face with by accident; to encounter
B51	NOUN	1430	помощь			
B51	NOUN	1440	армия	army	совокупность всех сухопутных, морских и воздушных вооружённых сил государства	a large, highly organized military force, concerned mainly with ground (rather than air or naval) operations
B511	NOUN	1290	школа			
B511	VERB	1291	учить			
B511	VERB	1292	читать			
B511	NOUN	1293	бумага	paper	печатный материал, изготовляемый из целлюлозы	A sheet material typically used for writing on or printing on (or as a non-waterproof container), usually made by draining cellulose fibres from a suspension in water
B511	NOUN	1294	карандаш			
B511	VERB	1295	писать			
B511	NOUN	1296	письмо			
B52	NOUN	1303	бог	god	высшее сверхъестественное существо, объект поклонения	a deity or supreme being; a supernatural, typically immortal, being with superior powers, to which personhood is attributed
B52	NOUN	1304	церковь			
B52	NOUN	1305	часовня			
B52	NOUN	1306	крест			
B52	ADJ	1307	святой			
B52	NOUN	1308	поп			
B52	NOUN	1309	вера	faith	убеждённость в существовании Бога	a religious or spiritual belief system
B52	ADJ	1310	поганый	frigging		
B52	NOUN	1311	грех	sin	нарушение действием, словом или мыслью воли Бога, религиозно-нравственных предписаний или правил	a violation of God's will or religious law
B52	VERB	1312	благословлять	to bless	совершать обрядовое действо — знамение креста, произнося слова молитвы, призывающие Бога оказать покровительство или помощь кому-либо в новых жизненных обстоятельствах или в каком-либо важном, трудном деле	to make something holy by religious rite, sanctify
B52	VERB	1313	прощать			
B52	NOUN	1314	рождество			
B52	NOUN	1315	святки			
B52	NOUN	1316	троица			
B52	NOUN	1317	пост			
B52	NOUN	1318	пасха			
B52	NOUN	1319	крещение			
B52	NOUN	1320	мясоед (скоромное время)			
B52	NOUN	1321	колокол			
B52	VERB	1322	гадать	to tell fortunes	суеверно пытаться узнать будущее по приметам, картам и другим предполагаемым источникам тайных знаний	to tell someone's destiny or future, usually by magic
B52	NOUN	1323	колдун			
B52	NOUN	1324	порча (в поверьях)			
B52	NOUN	1325	черт			
B52	NOUN	1326	леший			
B53	NOUN	1445	документ	document	материальный объект с зафиксированной на нём информацией в виде текста, звукозаписи или изображения, предназначенный для передачи во времени и пространстве в целях хранения и общественного использования	an original or official paper used as the basis, proof, or support of anything else, including any writing, book, or other instrument conveying information pertinent to such proof or support
C1	ADJ	1327	пустой, порожний			
C1	ADJ	1328	легкий (по весу)			
C1	ADJ	1329	тяжелый (по весу)			
C1	NOUN	1330	количество			
C1	NOUN	1331	охапка			
C1	NOUN	1332	пядь			
C1	NOUN	1333	сажень	sazhen		
C1	NOUN	1334	аршин	arshin	старинная русская мера длины, равная 0,711 метра	an obsolete Russian length unit, equal to 71.12 centimeters, or 28 inches
C1	NOUN	1335	верста	verst	устаревшая русская единица измерения расстояния, равная 1066,8 метра	a Russian unit of length, equivalent to about 1.07 kilometres or about 2⁄3 of a mile
C1	NOUN	1336	горсть	handful	количество, объём того, что удерживается в руке (руках)	the amount that a hand will grasp or contain
C1	NOUN	1337	щепоть, щепотка			
C1	ADV	1338	еще	more	дополнительно; вдобавок к тому же са́мому или в добавление к чему-, кому-либо	in greater number, quantity, amount, or proportion
C1	SCONJ	1339	если	if	употребляется при присоединении придаточного предложения, выражающего потенциально возможное условие	supposing that, assuming that, in the circumstances that; used to introduce a condition or choice
C1	ADV	1340	совсем			
C1	ADJ	1341	единственный	the only one	только один, всего один; существующий только в одном экземпляре	existing in only one copy
C1	ADJ	1342	последний	last		
C1	PRON	1343	весь	the whole	совершенно, целиком	entire, undivided
C1	ADJ	1344	многочисленный	numerous		
C1	ADJ	1345	малочисленный	not numerous		
C1	ADV	1346	изрядно, порядочно, довольно			
C1	ADJ	1347	лишний	superfluous, excess, spare, extra		
C1	NOUN	1348	раз			
C1	PRON	1349	оба, обе	both		
C1	NUM	1350	один			
C1	NUM	1351	два	two	целое число между 1 (один) и 3 (три)	a numerical value equal to 2; integer between 1 (one) and 3 (three)
C1	NUM	1352	три			
C1	NUM	1353	четыре			
C1	NUM	1354	пять			
C1	NUM	1355	шесть			
C1	NUM	1356	семь			
C1	NUM	1357	восемь	eight	натуральное число между семью и девятью, а также цифра, обозначающая это число	the number occurring after seven and before nine
C1	NUM	1358	девять	nine	натуральное число между восемью и десятью	a numerical value equal to 9; the number following eight and preceding ten
C1	NUM	1359	десять	ten	натуральное число между девятью и одиннадцатью	the number occurring after nine and before eleven
C1	NUM	1360	сто			
C1	NUM	1361	тысяча	thousand		
C1	NOUN	1362	половина			
C1	NUM	1363	полтора			
C2	ADJ	1364	прямой			
C2	ADJ	1365	правый	right		
C2	ADJ	1366	левый			
C2	ADJ	1367	близкий	close	находящийся недалеко, на небольшом расстоянии от кого-либо или от чего-либо	located close, at a short distance from someone or something
C2	ADJ	1368	далёкий	far	отдалённый, находящийся на большом расстоянии	at, to, or by a great distance (used to indicate the extent to which one thing is distant from another)
C2	ADJ	1369	задний			
C2	ADV	1370	вниз	down	по направлению, соответствующему уменьшению высоты, к низу чего-либо	from a higher position to a lower one; downwards
C2	ADV	1371	вверх	upwards	по направлению от земли, в сторону увеличения высоты	towards a higher place; towards what is above
C2	ADV	1372	сквозь, насквозь			
C2	ADJ	1373	передний	front		
C2	ADJ	1374	средний	average		
C2	ADJ	1375	длинный	long	имеющий большую длину, протяжённый	having much distance from one terminating point on an object or an area to another terminating point (usually applies to horizontal dimensions)
C2	ADJ	1376	узкий			
C2	ADJ	1377	широкий	wide		
C2	ADJ	1378	редкий	sparse		
C2	ADJ	1379	частый	frequent		
C2	ADJ	1380	короткий	short		
C2	ADJ	1381	круглый	round		
C2	ADJ	1382	гладкий, ровный	smooth	имеющий ровную поверхность, без шероховатостей, изломов, мелких выступов или впадин	having a texture that lacks friction; not rough
C2	ADJ	1383	кривой (о предмете)	crooked		
C2	NOUN	1384	сторона	side		
C2	NOUN	1385	край			
C2	NOUN	1386	север			
C2	NOUN	1387	юг	south		
C2	NOUN	1388	запад			
C2	NOUN	1389	восток	east	сторона света, противоположная западу и соответствующая направлению на восход солнца	one of the four principal compass points, specifically 90°, conventionally directed to the right on maps; the direction of the rising sun at an equinox
C2	ADV	1390	где	where	в каком месте; местоименное вопросительное слово в вопросах о месте (местонахождении)	in, at or to which place or situation
C2	ADV	1391	куда			
C2	ADV	1392	там	there		
C2	ADV	1393	туда			
C2	ADV	1394	сюда			
C2	NOUN	1435	конец	end, ending		
C2	NOUN	1438	пространство	space		
C2	NOUN	1439	начало			
C3	NOUN	1395	время	time	сезон, пора	an instant of time
C3	NOUN	1396	час	hour		
C3	NOUN	1397	часы			
C3	NOUN	1398	утро			
C3	NOUN	1399	день	day	часть суток от восхода до заката солнца или между утром и вечером (примерно от 12 до 18 часов)	the time when the Sun is above the horizon and it lights the sky
C3	NOUN	1400	вечер	evening	часть суток между днём и ночью (примерно от 17 до 23 часов включительно)	the time of the day between dusk and night, when it gets dark
C3	NOUN	1401	ночь			
C3	ADV	1402	вчера	yesterday	день, прямо предшествующий текущему	the day immediately before today; one day ago
C3	ADV	1403	сегодня	today		
C3	ADV	1404	завтра	tomorrow		
C3	ADV	1405	прежде, раньше			
C3	ADV	1406	поздно	late		
C3	ADV	1407	когда	when		
C3	ADV	1408	всегда	always	в любой момент времени, во все времена	at all times; throughout all time; since the beginning
C3	ADV	1409	быстро	fast	с большой скоростью; не теряя времени, не мешкая	quickly, with great speed; within a short time
C3	NOUN	1410	неделя	week		
C3	NOUN	1411	месяц (календарный)	month		
C3	NOUN	1412	понедельник	Monday		
C3	NOUN	1413	вторник	Tuesday	второй день недели; день, следующий за понедельником	the third day of the week in many religious traditions, and the second day of the week in systems that use the ISO 8601 norm; it follows Monday and precedes Wednesday
C3	NOUN	1414	среда			
C3	NOUN	1415	четверг			
C3	NOUN	1416	пятница			
C3	NOUN	1417	суббота			
C3	NOUN	1418	воскресенье	Sunday	день недели между субботой и понедельником	the first day of the week in many religious traditions, and the seventh day of the week in systems using the ISO 8601 standard; the Christian Sabbath; the Lord's Day; it follows Saturday and precedes Monday
C3	NOUN	1419	период	period		
C3	ADV	1420	давно	long ago	много времени назад	at a time in the past, especially the distant past
C3	ADV	1421	теперь	now		
C3	ADV	1422	тогда			
C3	NOUN	1423	год	year	единица измерения времени, определяемая астрономически и равная периоду обращения планеты вокруг её звезды (в частном случае для Земли — 365 или 366 дней)	a period of time akin to the time taken for the Earth to undergo a full cycle of seasons
C3	ADV	1424	в прошлом году	last year		
C3	NOUN	1425	зима			
C3	NOUN	1426	весна	spring	одно из четырёх времён года между зимой и летом	the season of the year in temperate regions in which plants spring from the ground and into bloom and dormant animals spring to life
C3	NOUN	1427	лето			
C3	NOUN	1428	осень			
