id,meaning_id,lemma_id,lemma,lang,pos,meaning_ru,meaning_en,concept_id,category_id
1,89725,76818,Agd’e,lud,PROPN,Агде,,,
2,78116,66728,Agrofena,lud,PROPN,"Агриппина, Аграфена",,,
3,77161,65849,Agveh,lud,PROPN,Яковлевская,,,
4,90781,77869,Ahpuoiselge,lud,PROPN,Афанасьева Сельга,,,
5,89540,76642,Ala-Viidana,lud,PROPN,Нижние Виданы,,,
6,89538,76640,Ala-Šuoju,lud,PROPN,Нижняя Шуя,,,
7,77324,66000,Alakylä,lud,PROPN,Нижняя деревня,,,
8,77309,65985,Alavoine,lud,PROPN,пос. Ильинский,,,
9,74706,63759,Anapka,lud,PROPN,Анапка (кличка),,,
10,78040,66658,Anna,lud,PROPN,Анна,,,
11,90307,77382,Anni,lud,PROPN,"Анна, Аня",,,
12,34402,29586,Anus,lud,PROPN,Олонец,,,
13,78498,67070,Arhangel’sk,lud,PROPN,Архангельск,,,
14,90175,77253,Ar’hippe,lud,PROPN,Архип,,,
15,91018,78110,Ar’t’uoi,lud,PROPN,Артём,,,
16,78080,66694,Aša,lud,PROPN,Аня,,,
17,78106,66720,Ašein’ka,lud,PROPN,Ашенька,,,
18,90687,77777,Barancov,lud,PROPN,Баранцев,,,
19,74330,63406,Barduoiniemi,lud,PROPN,Бородиннаволок (деревня),,,
20,78544,67110,Bohatteri,lud,PROPN,Бохаттери (фамилия жителя Пелдожи),,,
21,90171,77249,Borancev,lud,PROPN,Баранцев,,,
22,90173,77251,Borancou,lud,PROPN,Баранцев,,,
23,90163,77241,Borančikke,lud,PROPN,Баранчик (прозвище жителей с фамилией Баранцевых),,,
24,74707,63760,Brus’a,lud,PROPN,Бруся (кличка),,,
25,77829,66465,Deššu,lud,PROPN,Верхняя ламба,,,
26,77836,66472,Dimjoi,lud,PROPN,Демьян,,,
27,77826,66462,Duuhanpäive,lud,PROPN,Духов день,,,
28,77813,66449,Dyrkänmägi,lud,PROPN,Юркостров,,,
29,78678,67222,D’akku,lud,PROPN,Дякку,,,
30,90695,77786,D’ekku,lud,PROPN,"Декку, Ефим",,,
31,90950,78036,D’el’a,lud,PROPN,"Деля, Елена",,,
32,90943,78029,D’ermolajov,lud,PROPN,Ермолаев (фамилия),,,
33,78170,66770,D’essoil,lud,PROPN,Эссойла,,,
34,89861,76952,D’essuoil,lud,PROPN,посёлок Эссойла,,,
35,90286,77362,D’eša,lud,PROPN,"Дёша, Егор",,,
36,77838,66474,D’ogensuu,lud,PROPN,Устье ,,,
37,90168,77246,D’ohor,lud,PROPN,"Дёхор, Егор",,,
38,90257,77333,D’oška,lud,PROPN,Дёшка,,,
39,91017,78109,D’uakuoi,lud,PROPN,Яков,,,
40,90732,77820,D’uard’e,lud,PROPN,Дарья,,,
41,77810,66447,D’umaldomanpäive,lud,PROPN,День Богородицы,,,
42,90497,77585,D’ürgimpäi,lud,PROPN,Георгиев день,,,
43,77155,65843,Emaganpäiv,lud,PROPN,Успение Богородицы,,,
44,15859,14296,Englanti,lud,PROPN,Англия,,,
45,15862,14299,Espanja,lud,PROPN,Испания ,,,
46,90149,77227,Fed’a,lud,PROPN,"Федя, Фёдор",,,
47,90697,77788,Fekku,lud,PROPN,"Фекку, Фёкла",,,
48,77851,66487,Frolanpäive,lud,PROPN,Фролов день,,,
49,78167,66767,Frolu,lud,PROPN,Фролов день,,,
50,77253,65931,Germanii,lud,PROPN,Германия,,,
51,78546,67112,Golovan,lud,PROPN,Голован(ов) (фамилия жителя Пелдожи),,,
52,90189,77267,Griguoi,lud,PROPN,Григорий,,,
53,90377,77450,Griišše,lud,PROPN,Григорий,,,
54,90145,77223,Grišše,lud,PROPN,"Гриша, Григорий",,,
55,77815,66451,Hal’därv,lud,PROPN,Галлезеро,,,
56,89728,76821,Haude,lud,PROPN,Хауде,,,
57,89824,76916,Hedotišto,lud,PROPN,деревня Плоскозеро,,,
58,78039,66657,Helsingi,lud,PROPN,Хельсинки,,,
59,77848,66484,Hidniem,lud,PROPN,Гижино,,,
60,77154,65842,Hidnim,lud,PROPN,Гижино,,,
61,87454,74738,Hiidenniem,lud,PROPN,"Чёртов Стул - скалистое урочище, геологический памятник природы",,,
62,90169,77247,Hilippe,lud,PROPN,"Хилиппе, Филипп",,,
63,90238,77314,Hilipäine,lud,PROPN,Филипп,,,
64,77936,66565,Hirvas,lud,PROPN,Гирвас,,,
65,77850,66486,Homselg,lud,PROPN,Гомсельга,,,
66,91682,78757,Honganual,lud,PROPN,дер. Гонганалица,,,
67,90952,78038,Houri,lud,PROPN,Хоури,,,
68,90581,77669,Huabid’alge,lud,PROPN,Осиновая нога (прозвище),,,
69,77800,66438,Huot’niemi,lud,PROPN,Готнаволок,,,
70,90723,77812,Ignuoi,lud,PROPN,"Игнуой, Игнатий",,,
71,90192,77270,Ignuoil,lud,PROPN,деревня Игнойла,,,
72,77151,65839,Iivan,lud,PROPN,Иван,,,
73,77806,66444,Iivananpäive,lud,PROPN,Иоанн Златоуст (праздник),,,
74,77839,66475,Il’l’a,lud,PROPN,Илья,,,
75,77153,65841,Il’l’anpäive,lud,PROPN,Ильин день,,,
76,90845,77929,Il’l’e,lud,PROPN,Илья,,,
77,90584,77672,Irin’n’e,lud,PROPN,Иринья,,,
78,90077,77155,Ivan,lud,PROPN,Иван,,,
79,90078,77156,Ivanič,lud,PROPN,Иванович (отчество),,,
80,78079,66693,Kalajogi,lud,PROPN,Рыбрека,,,
81,90580,77668,Kalud’alge,lud,PROPN,Деревянная нога (прозвище),,,
82,15866,14303,Kard’al,lud,PROPN,Карелия ,,,
83,90376,77449,Karpan,lud,PROPN,"Карпан (фамилия), Карпов",,,
84,89811,76903,Kaskezniemi,lud,PROPN,деревня Каскеснаволок,,,
85,90179,77257,Katti,lud,PROPN,"Катти, Катя",,,
86,77837,66473,Kazanskuu,lud,PROPN,Праздник Казанской иконы Божьей Матери,,,
87,89770,76863,Kaškan,lud,PROPN,деревня Кашканы,,,
88,78542,67108,Kažinagd’e,lud,PROPN,Кажинагде (часть Пелдожи),,,
89,74705,63758,Kažinpäive,lud,PROPN,День кошек,,,
90,77855,66491,Kegri,lud,PROPN,Кегри,,,
91,77820,66456,Kendärv,lud,PROPN,Кончезеро,,,
92,89846,76937,Keski-külä,lud,PROPN,Средняя Пряжа (часть Пряжи),,,
93,77812,66448,Keväz’-Dyrgi,lud,PROPN,Егорий Вешний,,,
94,77816,66452,Keväz’-Miikul,lud,PROPN,Никола Вешний,,,
95,89813,76905,Kiiškuoiniemi,lud,PROPN,деревня Ёршнаволок,,,
96,89836,76928,Kikin-oja,lud,PROPN,Кикин ручей,,,
97,89828,76920,Kikki,lud,PROPN,деревня Кикки,,,
98,89779,76872,Kindaz,lud,PROPN,деревня Киндасово,,,
99,89818,76910,Kin’n’er’mägi,lud,PROPN,деревня Кинерма,,,
100,90291,77367,Kirvezd’ärvi,lud,PROPN,д. Кирвесозеро,,,
101,89814,76906,Kodžuri,lud,PROPN,деревня Котчури,,,
102,77814,66450,Koikkar,lud,PROPN,Койкары,,,
103,89829,76921,Kokkuoil,lud,PROPN,деревня Коккойла,,,
104,89822,76914,Kolatselge,lud,PROPN,деревня Колатсельга,,,
105,77801,66439,Kompohd’,lud,PROPN,Кондопога,,,
106,90147,77225,Kondruoi,lud,PROPN,Кондруой,,,
107,89791,76883,Korze,lud,PROPN,деревня Корза,,,
108,89781,76874,Koski,lud,PROPN,деревня Коски,,,
109,91062,78153,Koččurimägi,lud,PROPN,Котчури-гора (Железная гора),,,
110,74326,63402,Krissan,lud,PROPN,Христьяны (деревня),,,
111,77852,66488,Kuiv-Iivan,lud,PROPN,"Иван постный, полетник, полетовщик (прездник)",,,
112,91720,78792,Kujarvi,lud,PROPN,село Михайловское,,,
113,34411,29595,Kujärv,lud,PROPN,Михайловское,,,
114,77822,66458,Kukuoiniem,lud,PROPN,Кукойнаволок,,,
115,78190,66790,Kursk,lud,PROPN,Курск,,,
116,90253,77329,Kuudam,lud,PROPN,деревня Кудама,,,
117,77835,66471,Kuz’moi,lud,PROPN,Кузьма,,,
118,90347,77421,Käppi,lud,PROPN,Кяппи (прозвище),,,
119,74693,63746,Lahdenpohje,lud,PROPN,Лахденпохья,,,
120,77311,65987,Laht,lud,PROPN,Спасская Губа,,,
121,77809,65987,Laht,lud,PROPN,Лахта,,,
122,90067,77145,Lahtemmägi,lud,PROPN,Лахтинская гора,,,
123,90066,77144,Lahtenmägi,lud,PROPN,Лахтинская гора,,,
124,88259,75457,Lahti,lud,PROPN,Спасская Губа,,,
125,90068,77146,Lauri,lud,PROPN,Лаури,,,
126,91213,78302,Lavri,lud,PROPN,"Лаври, Лаврентий",,,
127,78550,67116,Lesken,lud,PROPN,Лескен (фамилия жителя Пелдожи),,,
128,77798,66436,Lidžmi,lud,PROPN,Лижма,,,
129,78630,67183,Lid’a,lud,PROPN,Лидия,,,
130,89848,76939,Lietemägi,lud,PROPN,Лиэте-гора (Песчаная гора),,,
131,77819,66455,Liidečura,lud,PROPN,Восточное Кончезеро,,,
132,78072,66686,Liiga,lud,NOUN,Лига,,,
133,89528,76630,Lind’ärvi,lud,PROPN,Линдозеро,,,
134,86250,73632,Ližmäine,lud,PROPN,Лижмозеро,,,
135,89769,76862,Login,lud,PROPN,Логиново,,,
136,89536,76638,Lohmuoine,lud,PROPN,Логмозеро,,,
137,77862,66498,Luodehkylä,lud,PROPN,Западное Кончезеро,,,
138,89807,76899,Lužme,lud,PROPN,озеро Лужма,,,
139,90967,78053,Löhlö,lud,PROPN,Лёхлё (кличка),,,
140,78547,67113,L’evoske,lud,PROPN,Левоски (фамилия жителя Пелдожи),,,
141,90975,78061,Madžu,lud,PROPN,"Маджу (имя, прозвище)",,,
142,77846,66482,Makovei,lud,PROPN,Маковей,,,
143,89833,76925,Mange,lud,PROPN,деревня Маньга,,,
144,90431,77516,Man’a,lud,PROPN,"Маня, Маша, Мария",,,
145,91646,78719,Man’oi,lud,PROPN,"Манёй, Маша",,,
146,90181,77259,Martte,lud,PROPN,Марта,,,
147,89529,76631,Matrosse,lud,PROPN,посёлок Матросы,,,
148,90193,77271,Mačči,lud,PROPN,"Маччи, Матвей",,,
149,77808,66446,Mecuoiniem,lud,PROPN,Мошничье,,,
150,89803,76895,Mel’l’ičče,lud,PROPN,деревня Мелличче (Мельница),,,
151,89819,76911,Mel’l’iččekülä,lud,PROPN,деревня Мельница,,,
152,91716,78788,Mečuoiniemi,lud,PROPN,деревня Мошничье,,,
153,78545,67111,Miikkul,lud,PROPN,"Мийкул, Николай",,,
154,90953,78039,Miitrii,lud,PROPN,Дмитрий,,,
155,90250,77326,Mikki,lud,PROPN,Микки,,,
156,89856,76947,Mikkil,lud,PROPN,деревня Миккелица,,,
157,78182,66782,Mikko,lud,PROPN,Миша,,,
158,90194,77272,Mikku,lud,PROPN,Микку,,,
159,77160,65848,Mitrij,lud,PROPN,Дмитрий,,,
160,77856,66492,Mitrijanpäiv,lud,PROPN,Дмитриев день,,,
161,90970,78056,Mit’t’u,lud,PROPN,Митя,,,
162,91015,78107,Mit’uoi,lud,PROPN,"Митя, Дмитрий",,,
163,90060,77138,Miša,lud,PROPN,"Миша, Михаил",,,
164,78108,66722,Mišinselg,lud,PROPN,Мишинсельга,,,
165,78543,67109,Muale,lud,PROPN,Муале (часть Пелдожи),,,
166,77842,66478,Mundärv,lud,PROPN,Мунозеро,,,
167,91717,78789,Mužal,lud,PROPN,деревня Мужала,,,
168,90917,77998,Märä,lud,PROPN,Мяря (фамилия),,,
169,90371,77444,Nastuoi,lud,PROPN,"Настя, Анастасия",,,
170,74656,63711,Natoi,lud,PROPN,"Наталья, Наташа",,,
171,90373,77446,Nattu,lud,PROPN,"Натту, Наташа",,,
172,90180,77258,Natuoi,lud,PROPN,"Натуой, Наташа, Наталья",,,
173,77033,65740,Natuu,lud,PROPN,Наталья,,,
174,89751,76844,Niglinkke,lud,PROPN,река Неглинка,,,
175,89774,76867,Niimägi,lud,PROPN,деревня Нинисельга,,,
176,74325,63401,Nirkke,lud,PROPN,Нирка (деревня),,,
177,15860,14297,Norja,lud,PROPN,Норвегия,,,
178,77817,66453,Novikuo,lud,PROPN,Новиково,,,
179,77843,66480,Nuamoil,lud,PROPN,Намоево,,,
180,89786,76878,Nuoidan-suari,lud,PROPN,Нойданостров,,,
181,78169,66769,Nuožarvi,lud,PROPN,Крошнозеро,,,
182,89817,76909,N’akuoin’külä,lud,PROPN,деревня Някуойн,,,
183,77310,65986,N’olgamdärvi,lud,PROPN,Нелгомозеро,,,
184,90290,77366,Oguoi,lud,PROPN,"Огуой, Агафья",,,
185,90576,77664,Okulin,lud,PROPN,Акулина,,,
186,90550,77638,Ol’eša,lud,PROPN,"Олёша, Алексей",,,
187,78365,66949,Ol’oi,lud,PROPN,Ольга,,,
188,90520,77609,Ondrii,lud,PROPN,"Ондрий, Андрей",,,
189,90142,77220,Ontuoi,lud,PROPN,Онтуой,,,
190,90911,77992,Onuoi,lud,PROPN,"Онуой, Андрей",,,
191,90966,78052,Opičaine,lud,PROPN,Опичайне (кличка),,,
192,90288,77364,Ort’uoi,lud,PROPN,"Ортюой, Артём",,,
193,90443,77528,Osippe,lud,PROPN,Осип,,,
194,90544,77632,Outi,lud,PROPN,"Оути, Евдокия",,,
195,90848,77932,Oša,lud,PROPN,Оша,,,
196,77034,65741,Palag,lud,PROPN,Пелагея,,,
197,89820,76912,Palalaht,lud,PROPN,деревня Палалахта,,,
198,77156,65844,Palanim,lud,PROPN,Палнаволок,,,
199,86486,73856,Palatezdärvi,lud,PROPN,Палатозеро,,,
200,77833,66469,Paloniem,lud,PROPN,Палнаволок,,,
201,85000,72510,Pariž,lud,PROPN,Париж,,,
202,78115,66727,Pauši,lud,PROPN,Павел,,,
203,91012,78104,Paušuoi,lud,PROPN,Павел,,,
204,90107,77186,Paušši,lud,PROPN,"Пауши, Павел",,,
205,90204,77282,Paša,lud,PROPN,"Паша, Прасковья (женское имя)",,,
206,90963,78049,Pedri,lud,PROPN,"Педри, Пётр",,,
207,77834,66470,Pedrunpäiv,lud,PROPN,Петров день,,,
208,90205,77283,Pekka,lud,PROPN,"Пекка, Пётр",,,
209,78010,66635,Peldožan därv,lud,PROPN,Пелдожское озеро,,,
210,78541,67107,Pelduoine,lud,PROPN,Пелдожа,,,
211,89874,76965,Petroskuoi,lud,PROPN,Петрозаводск,,,
212,90167,77245,Petrouna,lud,PROPN,Петровна,,,
213,78077,66691,Petrouskoi,lud,PROPN,Петрозаводск,,,
214,90272,77348,Petrouskuoi,lud,PROPN,Петрозаводск,,,
215,77303,65979,Petrovskoi,lud,PROPN,Петрозаводск,,,
216,78114,66726,Peša,lud,PROPN,Пётр,,,
217,78380,66962,Piiter’,lud,PROPN,Санкт-Петербург,,,
218,89812,76904,Pirduoiniemi,lud,PROPN,деревня Спиридон-наволок,,,
219,89722,76815,Pogoste,lud,PROPN,Погост,,,
220,77854,66490,Pokrou,lud,PROPN,"Покров день, Покров Пресвятой Богородицы",,,
221,89527,76629,Povenčče,lud,PROPN,посёлок Повенец,,,
222,89525,76627,Pošte,lud,PROPN,деревня Половина,,,
223,74579,63636,Priäže,lud,PROPN,Пряжа,,,
224,90306,77381,Prokku,lud,PROPN,Прокку,,,
225,89724,76817,Präkke,lud,PROPN,Прякка,,,
226,90951,78037,Puavil,lud,PROPN,Павел,,,
227,77299,65975,Pudož,lud,PROPN,Пудож,,,
228,34408,29592,Pyhädärvi,lud,PROPN,Святозеро,,,
229,77799,66437,Pyhäniem,lud,PROPN,Святнаволок,,,
230,74611,63667,Pyhärvi,lud,PROPN,Святозеро (село),,,
231,77849,66485,Pälärv,lud,PROPN,Пялозеро,,,
232,89762,76855,Päl’ärvi,lud,PROPN,Пялозеро,,,
233,89782,76875,Pühä-d’ogi,lud,PROPN,Свят-река,,,
234,77147,65835,Raja,lud,PROPN,Рая,,,
235,74700,63753,Riga,lud,PROPN,Рига,,,
236,89729,76822,Riiselgä,lud,PROPN,д. Ригсельга ,,,
237,90769,77857,Rodi,lud,PROPN,"Роди, Родион",,,
238,90062,77140,Rugan,lud,PROPN,Руган (фамилия),,,
239,15856,14293,Ruočči,lud,PROPN,Швеция,,,
240,15861,14298,Saksa,lud,PROPN,Германия,,,
241,89855,76946,Salmeniške,lud,PROPN,деревня Салменица,,,
242,89851,76942,San’ke,lud,PROPN,Санька (Саша),,,
243,90165,77243,Sekko,lud,PROPN,Секко,,,
244,90170,77248,Sekuoi,lud,PROPN,Секкоев,,,
245,90311,77386,Semuoi,lud,PROPN,"Семуой, Семён",,,
246,77831,66467,Siidniemi,lud,PROPN,Сигнаволок,,,
247,74327,63403,Simaništo,lud,PROPN,Симаништо (деревня),,,
248,89766,76859,Siämärvi,lud,PROPN,Сямозеро,,,
249,89588,76689,Solomani,lud,PROPN,Соломенное,,,
250,77847,66483,Spuasanpäiv,lud,PROPN," Преображение Господне, Спасов день",,,
251,77807,66445,Srietind,lud,PROPN,Сретенье,,,
252,77824,66460,Stroič,lud,PROPN,Троица,,,
253,90964,78050,St’eppu,lud,PROPN,Степан,,,
254,90248,77324,St’opan,lud,PROPN,Степан,,,
255,90239,77315,St’opin,lud,PROPN,Стёпин (фамилия жителя),,,
256,77825,66461,Suar’,lud,PROPN,Лычный остров,,,
257,89843,76934,Suavan-külä,lud,PROPN,Пахомова Пряжа (часть Пряжи),,,
258,89517,76619,Suoluz,lud,PROPN,Сулажгора,,,
259,89518,76620,Suoluzmägi,lud,PROPN,Сулажгора,,,
260,89754,76847,Suolužmägi,lud,PROPN,Сулажгора,,,
261,15857,14294,Suomi,lud,PROPN,Финляндия ,,,
262,89526,76628,Suunu,lud,PROPN,река Суна,,,
263,77841,66477,Suunusuu,lud,PROPN,Уссуна,,,
264,77853,66489,Sviižoi,lud,PROPN,Воздвижение,,,
265,91003,78091,Sviižuoi,lud,PROPN,Воздвижение (церковный праздник),,,
266,91718,78790,Svir’,lud,PROPN,река Свирь,,,
267,77166,65854,Svižendu,lud,PROPN,Воздвижание,,,
268,77164,65852,Svižend’u,lud,PROPN,Воздвижение,,,
269,77165,65853,Sviženju,lud,PROPN,Воздвижение,,,
270,77859,66495,Sygyz’-Dyrgi,lud,PROPN,"Егорий зимний, Юрьев день",,,
271,77861,66497,Sygyz’-Miikul,lud,PROPN,"Никола зимний, Николин день",,,
272,77150,65838,Syrd,lud,PROPN,Михайловская,,,
273,77811,65838,Syrd,lud,PROPN,Сюрьга ,,,
274,91222,78311,Syvätteri,lud,PROPN,"Сюотар — карельская ведьма, героиня карельских сказок",,,
275,89726,76819,Sürd’e,lud,PROPN,Сюрьде,,,
276,77138,65826,S’ola,lud,PROPN,Кирга,,,
277,77805,66443,Tal’v-Pedru,lud,PROPN,Пётр зимний (праздник),,,
278,78146,66749,Tat’t’an,lud,PROPN,Татьяна,,,
279,89847,76938,Terun-agd’e,lud,PROPN,"Терунагде ( часть Пряжи, Павлова Пряжа)",,,
280,89845,76936,Terun-külä,lud,PROPN,Павлова Пряжа,,,
281,89844,76935,Terunkülä,lud,PROPN,Павлова Пряжа (часть Пряжи),,,
282,90164,77242,Teruoi,lud,PROPN,Теруой,,,
283,87457,74741,Tiedpäiv,lud,PROPN,День российской науки,,,
284,77157,65845,Tihvinskij,lud,PROPN,Тихвинская (праздник Тихвинской иконы),,,
285,77832,66468,Tiifinskuo,lud,PROPN,Тихвинская (Праздник Тихвинской иконы Божьей Матери),,,
286,90063,77141,Timuoi,lud,PROPN,"Тимой, Тимофей",,,
287,77823,66459,Tiudii,lud,PROPN,Тивдия,,,
288,91341,78424,Tol’l’i,lud,PROPN,порог Толли,,,
289,90287,77363,Trošši,lud,PROPN,"Трошши, Трофим",,,
290,89842,76933,Trupke,lud,PROPN,Трубка (прозвище жителя),,,
291,89850,76941,Trupkin,lud,PROPN,Трубкин (фамилия жителя Пряжи),,,
292,77152,65840,Tuaškol,lud,PROPN,Ташкеницы,,,
293,77914,66544,Tuašl,lud,PROPN,Ташкеницы,,,
294,77840,66476,Tuošla,lud,PROPN,Ташкеницы,,,
295,15865,14302,Ukraina,lud,PROPN,Украина,,,
296,15863,14300,Unkari,lud,PROPN,Венгрия ,,,
297,77913,66543,Ussun,lud,PROPN,Уссуна,,,
298,90434,77519,Ustuoi,lud,PROPN,"Устюой, Устинья",,,
299,78181,66781,Vagatd’ärvi,lud,PROPN,Вагатозеро,,,
300,15855,14292,Valgedven’a,lud,PROPN,Белоруссия,,,
301,78192,66792,Val’oi,lud,PROPN,"Валентина, Валя",,,
302,90191,77269,Van’a,lud,PROPN,Ваня,,,
303,90528,77617,Van’aine,lud,PROPN,Ванечка,,,
304,90561,77649,Varvuoi,lud,PROPN,"Варвуой, Варвара",,,
305,77860,66496,Varvuoinpäiv,lud,PROPN,День памяти Великомученицы Варвары,,,
306,90061,77139,Vas’a,lud,PROPN,"Вася, Василий",,,
307,78381,66963,Vas’aine,lud,PROPN,"Васенька, Василиса",,,
308,74328,63404,Vašakke,lud,PROPN,"Вашакке (деревня), д. Вашаково",,,
309,74597,63653,Venä,lud,PROPN,Россия,,,
310,15854,14291,Ven’a,lud,PROPN,Россия ,,,
311,74709,63762,VepKar,lud,PROPN,ВепКар,,,
312,74672,63727,VepKar - korpus,lud,NOUN,ВепКар,,,
313,78427,67007,Veškelys,lud,PROPN,Вешкелица,,,
314,89730,76823,Viidan,lud,PROPN,д. Виданы,,,
315,15864,14301,Viro,lud,PROPN,Эстония ,,,
316,87456,74740,Viändöi,lud,PROPN,летние святки (07.07.-12.07.),,,
317,77858,66494,Vornovankylä,lud,PROPN,Вороново,,,
318,90527,77616,Vovaine,lud,PROPN,Вовочка,,,
319,78421,67001,Vovoi,lud,PROPN,"Владимир, Вова",,,
320,77821,66457,Voznesend’,lud,PROPN,Вознесенье,,,
321,91713,78785,Vuažen,lud,PROPN,река Важенка,,,
322,77307,65983,Ylič,lud,PROPN,Нюхово,,,
323,77857,66493,Yliči,lud,PROPN,Нюхово,,,
324,77323,65999,Yläkylä,lud,PROPN,Верхняя деревня,,,
325,90972,78058,Zubari,lud,PROPN,Зубари (прозвище),,,
326,23848,21339,a,lud,INTJ,а,,,
327,77390,66063,a-voi-voi,lud,INTJ,ой-ой-ой,,,
328,54192,47728,abai,lud,NOUN,тоня,,976,B353
329,51323,45091,abei,lud,NOUN,обида,,722,B22
330,51324,45092,abid,lud,NOUN,обида,,722,B22
331,76479,65278,abidašči,lud,ADV,жалобно,,,
332,73129,62353,abiduita,lud,VERB,обижать,,,
333,74583,63641,abu,lud,NOUN,помощь,,,
334,78186,66786,abuniek,lud,NOUN,помощник,,,
335,48474,42440,abutada,lud,VERB,помогать,,506,B15
336,48473,42439,abuttada,lud,VERB,помогать,,506,B15
337,57426,50523,adiv,lud,NOUN,гость,,1266,B43
338,52117,45814,adr,lud,NOUN,соха,,778,B321
339,52118,45815,adre,lud,NOUN,соха,,778,B321
340,15870,14307,adress,lud,NOUN,адрес,,,
341,89970,77056,adrest,lud,NOUN,адрес,,,
342,57425,50522,ad’v,lud,NOUN,гость,,1266,B43
343,57424,50521,ad’vo,lud,NOUN,гость,,1266,B43
344,90129,77207,aficer,lud,NOUN,офицер,,,
345,35841,30820,afstriiskuoi,lud,ADJ,австрийская ,,,
346,53805,47383,agan,lud,NOUN,высевки,,941,B352
347,72699,61966,aganod,lud,NOUN,отруби,,,
348,90249,77325,agdimaine,lud,ADJ,крайний,,,
349,74296,63372,agd’,lud,NOUN,"край; конец (поля, деревни и т. д.); отдалённый уголок; вершина",,,
350,74297,63373,agd’e,lud,NOUN,"край; конец (поля, деревни и т. д.); отдалённый уголок; вершина",,,
351,74298,63374,agj,lud,NOUN,"край; конец (поля, деревни и т. д.); отдалённый уголок; вершина",,,
352,74299,63375,agja,lud,NOUN,"край; конец (поля, деревни и т. д.); отдалённый уголок; вершина",,,
353,74300,63376,agje,lud,NOUN,"край; конец (поля, деревни и т. д.); отдалённый уголок; вершина",,,
354,90947,78033,agronome,lud,NOUN,агроном,,,
355,91227,78316,ah,lud,INTJ,ах,,,
356,89969,77055,aha,lud,INTJ,ага,,,
357,42331,36623,ahav,lud,NOUN,ветер весенний,spring wind,27,A12
358,42330,36622,ahavo,lud,NOUN,ветер весенний,spring wind,27,A12
359,54240,47776,ahavoitta,lud,VERB,вялить,,980,B353
360,54242,47778,ahavuoida,lud,VERB,вялить,,980,B353
361,54243,47779,ahavuota,lud,VERB,вялить,,980,B353
362,50100,43935,ahkut,lud,NOUN,отжимки,,625,B181
363,44345,38561,ahmuoi,lud,NOUN,росомаха,wolverine,194,A412
364,89974,77060,ahnida,lud,VERB,ахнуть,,,
365,52007,45740,aho,lud,NOUN,подсека заросшая,,773,B321
366,90969,78055,ahpuois’elgäläine,lud,NOUN,житель деревни Афанасьева Сельга,,,
367,52406,46094,ahta,lud,VERB,насаживать снопы (в ригу),,801,B323
368,52404,46092,ahtada,lud,VERB,насаживать снопы (в ригу),,801,B323
369,76698,65458,ahtahašči,lud,ADV,тесно,,,
370,52405,46093,ahtai,lud,VERB,насаживать снопы (в ригу),,801,B323
371,50739,44534,ahtas,lud,ADJ,тесный,,682,B182
372,50742,44537,ahtaz,lud,ADJ,тесный,,682,B182
373,48092,42098,ahtištada,lud,VERB,"сжимать, сдавливать, стискивать",,480,B15
374,44956,39148,ahven’,lud,NOUN,окунь,"European perch, redfin perch, perch",249,A43
375,52139,45835,aid,lud,NOUN,огороженное место; загородка; изгородь,,780,B321
376,52140,45836,aide,lud,NOUN,изгородь,,780,B321
377,53332,46938,aidos,lud,NOUN,пастбище,,890,B334
378,58397,51444,aig,lud,ADV,"изрядно, порядочно, довольно",,1346,C1
379,24931,22168,aig,lud,NOUN,время,,1395,C3
380,58396,51443,aiga,lud,ADV,"изрядно, порядочно, довольно",,1346,C1
381,59002,51976,aiga,lud,NOUN,время,,1395,C3
382,73179,62390,aigad mänetan,lud,PHRASE,мешкать,,,
383,77902,66532,aigah,lud,POSTP,во время,,,
384,89921,77010,aigaine,lud,ADJ,ранний,,,
385,89710,76804,aigaizeh,lud,ADV,рано,,,
386,77901,66531,aigal,lud,POSTP,во время,,,
387,77958,66586,aigan,lud,POSTP,во время,,,
388,47293,41375,aigaududa,lud,VERB,"попадать, оказаться, очутиться",,428,B15
389,76652,65418,aigaže,lud,ADV,раненько,,,
390,76657,65418,aigaže,lud,ADV,рановато,,,
391,76684,65446,aigažešči,lud,ADV,спозаранку,,,
392,3566,3536,aige,lud,NOUN,время,,1395,C3
393,59360,3536,aige,lud,NOUN,период,,1419,C3
394,89719,76813,aigembe,lud,ADV,раньше,,,
395,49518,43399,aigoda,lud,VERB,намереваться,,575,B17
396,72601,61877,aigoi,lud,ADV,рано,,,
397,76656,65420,aigoin,lud,ADV,рано,,,
398,73154,62377,aigoites mugoine,lud,PHRASE,"пошава, поветрие (время такое)",,,
399,49519,43400,aigota,lud,VERB,намереваться,,575,B17
400,77975,66601,aiguine,lud,NOUN,взрослый человек,,,
401,15896,14333,aiguuš,lud,ADV,рано,,,
402,72583,61859,aijal,lud,ADV,громко,,,
403,48854,42795,ailahat,lud,NOUN,колики,,530,B16
404,48861,42802,ailhat,lud,NOUN,колики,,530,B16
405,88262,75460,aina,lud,ADV,всегда,,,
406,58351,51398,ainag,lud,ADJ,единственный,,1341,C1
407,78163,66763,aino,lud,ADJ,единственный,,,
408,59136,52110,aino,lud,ADV,всегда,,1408,C3
409,14888,13416,ainos,lud,ADV,всегда,,1408,C3
410,74617,63674,ainoz,lud,ADV,всегда,,,
411,58352,51399,ainu,lud,ADJ,единственный,,1341,C1
412,20376,18333,ainuoi,lud,ADJ,единственный,,1341,C1
413,56566,49751,air,lud,NOUN,весло,,1199,B38
414,33347,28703,airo,lud,NOUN,весло,,1199,B38
415,55663,48980,ait,lud,NOUN,амбар,,1110,B372
416,90206,77284,aitaine,lud,NOUN,амбарчик,,,
417,55665,48982,aitt,lud,NOUN,амбар,,1110,B372
418,35002,30110,aitte,lud,NOUN,"клеть, чулан",,,
419,55721,30110,aitte,lud,NOUN,амбар,,1110,B372
420,58326,51373,aivan,lud,ADV,совсем,,1340,C1
421,78131,66739,aivin,lud,ADV,постоянно,,,
422,59148,52122,aiviz,lud,ADV,всегда,,1408,C3
423,56460,49679,aiž,lud,NOUN,оглобля,,1191,B38
424,56462,49681,aiže,lud,NOUN,оглобля,,1191,B38
425,34404,29588,ajada,lud,VERB,ехать,,1185,B38
426,48232,29588,ajada,lud,VERB,"гнать, выгонять",,488,B15
427,72574,61851,ajada toižeh sijah,lud,PHRASE,переезжать в другое место,,,
428,91812,78885,ajada vagod,lud,PHRASE,бороздить,,,
429,91265,78353,ajai,lud,NOUN,погонщик,,,
430,48886,42824,ajand,lud,NOUN,нарыв,,531,B16
431,72967,62213,ajande,lud,NOUN,езда,,,
432,51057,44844,ajatelda,lud,VERB,думать,,703,B21
433,77343,66018,ajelta,lud,VERB,раскатывать (о тесте),,,
434,73051,62285,ajel’ta,lud,VERB,"гонять (ехать, кататься)",,,
435,48882,42820,ajos,lud,NOUN,нарыв,,531,B16
436,48869,42807,ajoš,lud,NOUN,нарыв,,531,B16
437,15918,14355,akademii,lud,NOUN,академия ,,,
438,16121,14558,akk,lud,NOUN,женщина,,287,B11
439,45462,14558,akk,lud,NOUN,жена,,1216,B411
440,45456,39634,akka,lud,NOUN,женщина,,287,B11
441,56818,39634,akka,lud,NOUN,жена,,1216,B411
442,90954,78040,akkaine,lud,NOUN,женщина,,,
443,34843,29962,akke,lud,NOUN,женщина,,287,B11
444,45464,29962,akke,lud,NOUN,жена,,1216,B411
445,74688,63740,aktivine,lud,ADJ,активный,,,
446,90252,77328,akuacai,lud,NOUN,эвакуация,,,
447,58640,51662,alah,lud,ADV,вниз,,1370,C2
448,90808,77898,alahaine,lud,ADJ,нижний,,,
449,58644,51666,alahaks,lud,ADV,вниз,,1370,C2
450,58642,51664,alahakse,lud,ADV,вниз,,1370,C2
451,58643,51665,alahakš,lud,ADV,вниз,,1370,C2
452,76505,51665,alahakš,lud,ADV,книзу,,,
453,76293,65126,alahakši,lud,ADV,вниз,,,
454,33359,28715,alahan,lud,ADV,вниз,,,
455,76292,65125,alahan,lud,ADV,внизу,,,
456,76681,65443,alahanpiäi,lud,ADV,снизу,,,
457,76580,65357,alahači,lud,ADV,низом,,,
458,82260,70199,alaine,lud,NOUN,рукавица,,,
459,33438,28781,alasti,lud,ADV,голый,,387,B12
460,46734,40840,alastuoi,lud,ADJ,"голый, нагой",,387,B12
461,46725,40831,alašti,lud,ADJ,"голый, нагой",,387,B12
462,76469,65269,alašči,lud,ADV,догола,,,
463,46733,40839,alašči,lud,ADJ,"голый, нагой",,387,B12
464,76470,65269,alašči,lud,ADV,нагишом,,,
465,78691,67235,ald,lud,NOUN,волна,,48,A21
466,33336,28692,aldo,lud,NOUN,вал,,,
467,33366,28692,aldo,lud,NOUN,волна,wave,48,A21
468,83331,71043,aldostuda,lud,VERB,"волноваться, покрываться волнами",,,
469,76577,65354,alemb,lud,ADV,ниже,,,
470,74680,63733,alemba,lud,ADV,ниже,,,
471,83191,70921,aleta,lud,VERB,понизить,,,
472,42605,36885,alevuda,lud,VERB,"утихать, успокаиваться (о ветре, реке, море и т.п.)",to calm down,49,A21
473,49402,43312,alevutelta,lud,VERB,успокаивать (о человеке),,566,B17
474,78102,66716,alg,lud,NOUN,начало,,,
475,78130,66738,algottada,lud,VERB,начинать,,,
476,78606,67162,algotuz,lud,NOUN,начало,,,
477,78193,66793,algsanad,lud,NOUN,"введение, предисловие",,,
478,90112,77190,ali,lud,CCONJ,или,,,
479,89678,76773,alle,lud,POSTP,под,,,
480,78206,66803,allergii,lud,NOUN,аллергия,,,
481,47841,41871,alottua,lud,VERB,начинать,,465,B15
482,74702,63755,aloveh,lud,NOUN,район,,,
483,72752,62015,aluste,lud,NOUN,подкладка,,,
484,91274,78361,alušte,lud,NOUN,подставка,,,
485,54497,47972,alužim,lud,NOUN,наковальня,,1001,B355
486,54496,47971,alužin,lud,NOUN,наковальня,,1001,B355
487,32600,28236,ambari,lud,NOUN,амбар,,,
488,53924,47485,ambuda,lud,VERB,стрелять,,951,B353
489,45385,39571,ambujaine,lud,NOUN,оса,,280,A44
490,72853,62114,ambund,lud,NOUN,стрельба,,,
491,90111,77189,amerikanse,lud,NOUN,американец,,,
492,59313,52287,ammu,lud,ADV,давно,,1420,C3
493,59312,52286,ammui,lud,ADV,давно,,1420,C3
494,59309,52283,ammuin,lud,ADV,давно,,1420,C3
495,3485,3458,ammuine,lud,ADJ,"старый, старинный",,,
496,59314,52288,amu,lud,ADV,давно,,1420,C3
497,77804,66442,amuuine,lud,ADJ,давний,,,
498,25029,22245,amuužesti,lud,ADV,давненько,,,
499,24935,22172,andada,lud,VERB,"давать, отдавать",,463,B15
500,47830,41860,andai,lud,VERB,давать,,463,B15
501,51429,45197,andai n’oppud,lud,PHRASE,целовать,,729,B22
502,56745,49897,andilas,lud,NOUN,невеста,,1211,B411
503,51431,45199,andua suud,lud,PHRASE,целовать,,729,B22
504,45050,39242,angerd’aine,lud,NOUN,угорь,eel,259,A43
505,25031,22247,anket,lud,NOUN,анкета,,,
506,57187,50293,anop,lud,NOUN,теща,,1248,B412
507,57185,50291,anoppi,lud,NOUN,теща,,1248,B412
508,24936,22173,antta,lud,VERB,давать,,463,B15
509,57186,50292,anupp,lud,NOUN,теща,,1248,B412
510,53943,47504,anze,lud,NOUN,силок (для птиц),,954,B353
511,44646,38854,an’h,lud,NOUN,гусь,goose,219,A42
512,50103,43938,apar,lud,NOUN,отжимки,,625,B181
513,50102,43937,apara,lud,NOUN,отжимки,,625,B181
514,50132,43967,aparod,lud,NOUN,"пивная гуща, барда",,628,B181
515,57176,50282,app,lud,NOUN,тесть,,1247,B412
516,57174,50280,appi,lud,NOUN,тесть,,1247,B412
517,15976,14413,aptek,lud,NOUN,аптека,,,
518,57260,50364,arbadus,lud,NOUN,загадка,,1255,B42
519,49526,43407,arbata,lud,VERB,отгадывать,,576,B17
520,49602,43483,arbe,lud,NOUN,жребий,,582,B17
521,57261,50365,arbuoitus,lud,NOUN,загадка,,1255,B42
522,32601,28237,arbuuze,lud,NOUN,арбуз,,,
523,54169,47705,ard,lud,NOUN,"вешало для сетей, невода",,972,B353
524,35005,30113,ardeh,lud,NOUN,клад,,1047,B36
525,54168,47704,ardo,lud,NOUN,"вешало для сетей, невода",,972,B353
526,32603,28239,areste,lud,NOUN,арест,,,
527,78053,66667,arestuida,lud,VERB,арестовать,,,
528,89972,77058,arestuita,lud,VERB,арестовать,,,
529,49659,43540,arge,lud,ADJ,трусливый,,589,B17
530,58079,51143,argi,lud,NOUN,мясоед (скоромное время),,1320,B52
531,91288,78371,arhelei,lud,NOUN,архиерей,,,
532,74668,63723,armahaine,lud,ADJ,любимый,,,
533,76524,65308,armahašči,lud,ADV,ласково,,,
534,51222,45000,armas,lud,ADJ,милый,,717,B22
535,74619,63677,armastada,lud,VERB,любить,,,
536,85005,72515,armastuz,lud,NOUN,любовь,,,
537,32668,22131,armaz,lud,ADJ,"дорогой, любимый",,717,B22
538,78178,66778,armii,lud,NOUN,армия,,1440,B51
539,51676,45437,armo,lud,NOUN,милость,,745,B23
540,56940,50072,armotuoi,lud,NOUN,сирота,,1225,B412
541,91076,78167,armuoaženi,lud,ADJ,милостивый,,,
542,89973,77059,arteli,lud,NOUN,артель,,,
543,44435,38650,artel’,lud,NOUN,стая (птиц),flock,201,A42
544,74644,63702,artikkeli,lud,NOUN,статья,,,
545,78091,66705,artist,lud,NOUN,артист,,1441,B43
546,57697,50781,artteli,lud,NOUN,артель,,1284,B51
547,57701,50785,arttel’,lud,NOUN,артель,,1284,B51
548,42862,37124,artug,lud,NOUN,ртуть,mercury (Hg),77,A22
549,72787,62049,artut’,lud,NOUN,ртуть,,,
550,42860,37122,artut’t’,lud,NOUN,ртуть,mercury (Hg),77,A22
551,49527,43408,arvatta,lud,VERB,отгадывать,,576,B17
552,78088,66702,arvostettu,lud,ADJ,заслуженный,,,
553,78033,66652,arvostuzmedal,lud,NOUN,почетная медаль,,,
554,32602,28238,aršin,lud,NOUN,аршин,,1334,C1
555,58290,51337,arššin,lud,NOUN,аршин,,1334,C1
556,58081,51145,ar’g,lud,NOUN,мясоед (скоромное время),,1320,B52
557,91845,78918,as,lud,NOUN,буква,,,
558,78165,66765,asišt,lud,NOUN,алфавит,,,
559,48291,42272,askel,lud,NOUN,шаг,,492,B15
560,15905,14342,aspirant,lud,NOUN,аспирант,,,
561,32642,28277,astavu,lud,NOUN,борона,,,
562,81950,69940,astii,lud,NOUN,посуда,,,
563,52125,45821,astivo,lud,NOUN,борона,,779,B321
564,48281,42262,astta,lud,VERB,шагать,,491,B15
565,2873,2982,astuda,lud,VERB,идти,go,,
566,48280,2982,astuda,lud,VERB,шагать,,491,B15
567,76607,65380,astudi,lud,ADV,пешком,,,
568,76728,65380,astudi,lud,ADV,шагом,,,
569,72997,62242,astuvoita,lud,VERB,боронить,,,
570,90889,77971,astuvuoita,lud,VERB,боронить,,,
571,55737,49046,ast’at,lud,NOUN,посуда,,1119,B373
572,72736,62001,ast’uoid,lud,NOUN,посуда,,,
573,72603,61879,atkal,lud,ADV,скучно,,,
574,51349,45117,atkal,lud,NOUN,"печаль, тоска",,724,B22
575,51359,45127,atkav,lud,NOUN,"печаль, тоска",,724,B22
576,77035,65742,atkavuita,lud,VERB,соскучиться,,,
577,44346,38562,auduoi,lud,NOUN,росомаха,wolverine,194,A412
578,55678,48995,avaata,lud,VERB,открывать,,1113,B372
579,15984,14421,avadim,lud,NOUN,ключ ,,,
580,34999,30107,avadin,lud,NOUN,ключ,,,
581,74663,63718,avaiduda,lud,VERB,открываться,,,
582,25013,22229,avaita,lud,VERB,открыть,,1113,B372
583,55677,48994,avaitta,lud,VERB,открывать,,1113,B372
584,42652,36932,avando,lud,NOUN,прорубь,"ice-hole, hole in the ice",52,A21
585,76568,65345,avoin,lud,ADV,настежь,,,
586,89967,77052,avtobiografii,lud,NOUN,автобиография,,,
587,91408,77053,avtobusse,lud,NOUN,автобус,,,
588,76561,65342,avvoin,lud,ADV,нараспашку,,,
589,32598,28234,azbukke,lud,NOUN,азбука,,,
590,49401,43311,azetada,lud,VERB,успокаивать (о человеке),,566,B17
591,48378,42354,azettada,lud,VERB,останавливать,,500,B15
592,49489,42354,azettada,lud,VERB,успокаивать (о человеке),,566,B17
593,51893,42354,azettada,lud,VERB,прибирать (в квартире),,754,B31
594,55607,42354,azettada,lud,VERB,строить (отделывать) дом,,1086,B372
595,55395,48738,azettai,lud,VERB,строить (отделывать) дом,,1086,B372
596,89990,77075,azettuda,lud,VERB,заканчиваться,,,
597,48382,42357,azetuda,lud,VERB,останавливать,,500,B15
598,89989,77074,azevuda,lud,VERB,наладиться,,,
599,51746,45499,azie,lud,NOUN,дело,,750,B31
600,54087,47623,azrag,lud,NOUN,острога,,964,B353
601,54083,47619,azrain,lud,NOUN,острога,,964,B353
602,51739,45492,azuda,lud,VERB,делать,,749,B31
603,51734,45487,azuo,lud,VERB,делать,,749,B31
604,73157,62380,azuta,lud,VERB,делать,,,
605,55736,49045,aščat,lud,NOUN,посуда,,1119,B373
606,90878,77960,baale,lud,NOUN,бал,,,
607,86256,73638,baba,lud,NOUN,бабушка,,,
608,43282,37526,babarm,lud,NOUN,малина,raspberry,122,A323
609,90166,77244,babi,lud,NOUN,бабушка,,,
610,32606,28242,babke,lud,NOUN,бабка (игра),,,
611,78112,66724,baboi,lud,NOUN,бабушка,,,
612,77378,66052,babuška,lud,NOUN,бабушка,,,
613,85934,73352,babuške,lud,NOUN,бабушка,,,
614,16035,14472,badminton,lud,NOUN,бадминтон	,,,
615,89986,77071,bad’d’,lud,NOUN,бадья,,,
616,89978,77064,bagr,lud,NOUN,багор,,,
617,89979,77065,bagre,lud,NOUN,багор,,,
618,90764,77852,bahad’el’n’e,lud,NOUN,богадельня,,,
619,43979,38206,bahalauk,lud,NOUN,волнушка,milk-cap,158,A35
620,91727,78799,bajuttada,lud,VERB,баюкать,,,
621,89999,77082,balk,lud,NOUN,балка,,,
622,78071,66685,baltijansuomelaine,lud,ADJ,прибалтийско-финский,,,
623,78245,66838,baluita,lud,VERB,баловать,,,
624,90005,77088,baluičesta,lud,VERB,баловаться,,,
625,15946,14383,bank,lud,NOUN,банк ,,,
626,32612,28248,banke,lud,NOUN,банка (стеклянная),,,
627,90705,77796,bankke,lud,NOUN,банка,,,
628,15997,14434,bankukart,lud,NOUN,банковская карта ,,,
629,52347,46036,bapk,lud,NOUN,"суслон, бабка",,796,B322
630,32609,28245,baraban,lud,NOUN,барабан,,,
631,90776,77864,barankaine,lud,NOUN,баранка,,,
632,43044,37299,barb,lud,NOUN,ветвь,"branch, bough",94,A321
633,76718,65477,barbahužil,lud,ADV,на цыпочках,,,
634,46547,40672,barbaz,lud,NOUN,палец ноги,,374,B12
635,43046,37301,barbe,lud,NOUN,ветвь,"branch, bough",94,A321
636,72757,37301,barbe,lud,NOUN,прут,,,
637,43839,38069,barbik,lud,NOUN,куст,"bush, shrub",148,A35
638,43840,38070,barbmätas,lud,NOUN,куст,"bush, shrub",148,A35
639,46157,40298,bard,lud,NOUN,борода,,341,B12
640,91811,78884,bardaduda,lud,VERB,обрастать бородой,,,
641,91810,78883,bardakas,lud,ADJ,бородатый,,,
642,32638,28273,barde,lud,NOUN,борода,,341,B12
643,91724,78794,bariš,lud,NOUN,барыш,,,
644,32610,28246,barke,lud,NOUN,барка,,,
645,43900,38129,barčuo,lud,NOUN,щавель,sorrel,152,A35
646,43895,38124,barčuoi,lud,NOUN,щавель,sorrel,152,A35
647,43898,38127,barčč,lud,NOUN,щавель,sorrel,152,A35
648,78489,67061,barže,lud,NOUN,баржа,,,
649,16036,14473,basketbol,lud,NOUN,баскетбол	,,,
650,16037,14474,basketbolkižai,lud,NOUN,баскетболист ,,,
651,78590,67147,batog,lud,NOUN,палка,,,
652,73759,62865,batok,lud,NOUN,палка,,,
653,15949,14386,bazar,lud,NOUN,рынок ,,,
654,32613,28249,bašlikke,lud,NOUN,башлык,,,
655,32611,28247,bašmakke,lud,NOUN,башмак,,,
656,89922,77011,bedn’akke,lud,NOUN,бедняк,,,
657,90073,77151,beeluoi,lud,NOUN,белогвардеец,,,
658,90128,77206,belogvardeiskuoi,lud,ADJ,белогвардейский,,,
659,89936,77025,belovard’eiskuoi,lud,ADJ,белогвардейский,,,
660,90108,77187,belvard’eičče,lud,NOUN,белогвардеец,,,
661,34818,29939,bembel,lud,NOUN,дуга,,,
662,52797,46476,bembel’,lud,NOUN,дуга,,842,B331
663,52800,46479,bemböl,lud,NOUN,дуга,,842,B331
664,90490,77579,bestolkovuoi,lud,ADJ,бестолковый,,,
665,32616,28252,bes’od,lud,NOUN,беседа,,,
666,32617,28253,bes’otk,lud,NOUN,беседка,,,
667,90199,77277,bes’otpertti,lud,NOUN,"дом, где проводились бесёды",,,
668,55029,48422,bezmen,lud,NOUN,безмен,,1052,B36
669,55026,48419,bezmeni,lud,NOUN,безмен,,1052,B36
670,55031,48424,bezmen’,lud,NOUN,безмен,,1052,B36
671,16038,14475,biatlonist,lud,NOUN,биатлонист,,,
672,15945,14382,bibliotek,lud,NOUN,библиотека ,,,
673,51448,45216,bied,lud,NOUN,беда,,730,B22
674,32661,28296,biede,lud,NOUN,беда,,730,B22
675,91730,78802,biegloi,lud,NOUN,беглец,,,
676,72568,61845,biegluoi,lud,NOUN,беглый,,,
677,32663,28298,bies,lud,NOUN,бес,,,
678,53730,47308,biibal,lud,NOUN,ломтик (хлеба),,933,B352
679,53721,47299,biibalo,lud,NOUN,ломтик (хлеба),,933,B352
680,53726,47304,biibal’,lud,NOUN,ломтик (хлеба),,933,B352
681,53729,47307,biibuo,lud,NOUN,ломтик (хлеба),,933,B352
682,53728,47306,biibuoi,lud,NOUN,ломтик (хлеба),,933,B352
683,32624,28260,biliette,lud,NOUN,билет,,,
684,91770,78843,bintuita,lud,VERB,бинтовать,,,
685,53052,46701,biraine,lud,NOUN,ягненок,,864,B331
686,54814,48270,birbi,lud,NOUN,дратва,,1035,B356
687,54714,48170,bird,lud,NOUN,бёрдо,,1023,B356
688,54715,48171,birde,lud,NOUN,бёрдо,,1023,B356
689,53051,46700,birä,lud,NOUN,ягненок,,864,B331
690,54818,48274,bir’b,lud,NOUN,дратва,,1035,B356
691,15941,14378,biznesmiez’,lud,NOUN,бизнесмен	,,,
692,57974,51038,blahoslovida,lud,VERB,благословлять,,1312,B52
693,54215,47751,blesn,lud,NOUN,блесна,,978,B353
694,49888,43741,blina,lud,NOUN,блин,,608,B181
695,32630,28266,blokke,lud,NOUN,блок,,,
696,32629,28265,bl’ednoi,lud,ADJ,бледный,,,
697,72526,61805,bl’ednuoi,lud,ADJ,бледный,,,
698,32626,28262,bl’uod,lud,NOUN,блюдо,,,
699,72619,61895,bl’uode,lud,NOUN,блюдо,,,
700,91793,78866,bl’uodu,lud,NOUN,блюдце,,,
701,32627,28263,bl’uud’ečke,lud,NOUN,блюдечко,,,
702,15995,14432,bobaine,lud,NOUN,игрушка,,,
703,42886,14432,bobaine,lud,NOUN,цветок,flower,79,A31
704,78701,67245,bobaštada,lud,VERB,играть,,1272,B43
705,57525,50619,boboštada,lud,VERB,"играть, забавляться, развлекаться",,1272,B43
706,44331,38547,bobr,lud,NOUN,бобр,beaver (aquatic mammal),192,A412
707,44328,38544,bobra,lud,NOUN,бобр,beaver (aquatic mammal),192,A412
708,90601,77692,bodruoi,lud,ADJ,бодрый,,,
709,76266,65100,bogattali,lud,ADV,богато,,,
710,55156,48540,bohat,lud,ADJ,богатый,,1065,B36
711,90115,77193,bohatišto,lud,NOUN,богатые ,,,
712,55154,48538,bohatt,lud,ADJ,богатый,,1065,B36
713,90317,77392,bohattali,lud,ADV,богато,,,
714,32636,28271,bohatte,lud,ADJ,богатый,,,
715,85064,72571,bohatteri,lud,NOUN,богатырь,,,
716,32641,28276,bohattir’,lud,NOUN,богатырь,,,
717,72842,62103,bohattuda,lud,VERB,богатеть,,,
718,90432,77517,bohomol’n’uoi,lud,ADJ,богомольный,,,
719,91797,78870,boič,lud,NOUN,боец,,,
720,76531,65314,bokalle,lud,ADV,набок,,,
721,76660,65423,bokaspiä,lud,ADV,сбоку,,,
722,72602,61878,bokaspäii,lud,ADV,сбоку,,,
723,46480,40605,bokk,lud,NOUN,бок,,367,B12
724,83338,71049,bokkahpäi,lud,ADV,набок,,,
725,46482,40607,bokke,lud,NOUN,бок,,367,B12
726,53022,46671,bokki,lud,NOUN,баран,,860,B331
727,53018,46667,bokko,lud,NOUN,баран,,860,B331
728,90730,77818,boklaučče,lud,NOUN,боковая лавка,,,
729,90523,77612,bokpertiine,lud,NOUN,"боковая избушка, ""боковушка""",,,
730,90524,77613,bokpertti,lud,NOUN,боковая изба,,,
731,91798,78871,boleita,lud,VERB,болеть,,,
732,72840,62101,boltaida,lud,VERB,болтать (говорить),,,
733,90269,77345,bol’ez’n’,lud,NOUN,болезнь,,,
734,78136,66742,bol’nič,lud,NOUN,больница,,,
735,90363,77436,bol’n’ičče,lud,NOUN,больница,,,
736,90267,77343,bol’n’uoi,lud,ADJ,больной,,,
737,90056,77134,bombe,lud,NOUN,бомба,,,
738,89988,77073,bombida,lud,VERB,бомбить,,,
739,72620,61896,bor,lud,NOUN,бор,,,
740,91809,78882,borodavk,lud,NOUN,бородавка,,,
741,73185,62396,borčas olda,lud,PHRASE,бороться,,,
742,91815,78888,borčuita,lud,VERB,бороться,,,
743,16040,14477,borčuiččii,lud,NOUN,борец,,,
744,73184,62395,borčče,lud,NOUN,борьба,,,
745,53023,46672,bošak,lud,NOUN,баран,,860,B331
746,53025,46674,bošš,lud,NOUN,баран,,860,B331
747,53024,46673,bošše,lud,NOUN,баран,,860,B331
748,32608,28244,bošši,lud,NOUN,баран,,860,B331
749,35743,30733,bramori,lud,NOUN,мрамор,,,
750,32647,28282,bratan,lud,NOUN,братан,,1241,B412
751,90856,77940,bravuoi,lud,ADJ,бравый,,,
752,73004,62249,bredidakseh,lud,VERB,бриться,,,
753,16011,14448,breičind,lud,NOUN,бритьё,,,
754,91828,78901,brenčida,lud,VERB,бренчать,,,
755,90125,77203,briedida,lud,VERB,"брить, сбривать",,,
756,91830,78903,briedista,lud,VERB,бриться,,,
757,91827,78900,briezguita,lud,VERB,брезговать,,,
758,73753,62861,brigadir,lud,NOUN,бригадир,,,
759,78504,67076,brigadire,lud,NOUN,бригадир,,,
760,45437,39617,briha,lud,NOUN,парень,,285,B11
761,91199,78288,brihaine,lud,NOUN,"парень, паренёк",,,
762,35138,30242,brihačče,lud,NOUN,мальчик,,,
763,45425,39607,brihačču,lud,NOUN,мальчик,,284,B11
764,91237,78326,brihaččuine,lud,NOUN,"паренёк, мальчик",,,
765,90322,77397,brihaščida,lud,VERB,гулять (до женитьбы),,,
766,91829,78902,brimbettada,lud,VERB,бренчать,,,
767,91802,78875,bringuda,lud,VERB,болтаться,,,
768,32650,28285,britve,lud,NOUN,бритва,,,
769,91837,78910,brizgad,lud,NOUN,брызги,,,
770,91836,78909,brizguittada,lud,VERB,брызгать,,,
771,73003,62248,brizguttada,lud,VERB,брызгать,,,
772,91205,78294,briznidä,lud,VERB,брызгать,,,
773,91832,78905,brodida,lud,VERB,бродить,,,
774,32652,28287,brod’age,lud,NOUN,бродяга,,,
775,91834,78907,brod’agoita,lud,VERB,бродяжничать,,,
776,89537,76639,broskuašše,lud,NOUN,пшенная каша,,,
777,72769,62031,brosse,lud,NOUN,пшено,,,
778,52761,46440,brujad,lud,NOUN,"сбруя, упряжь",,837,B331
779,91822,78895,bruslet,lud,NOUN,браслет,,,
780,91143,78233,brusl’ette,lud,NOUN,браслет,,,
781,43952,38179,bruus,lud,NOUN,груздь,Lactarius mushroom,156,A35
782,91838,78911,br’ukad,lud,NOUN,"брюки, штаны",,,
783,43821,38052,br’ukv,lud,NOUN,брюква,rutabaga,146,A34
784,32651,28286,br’ukve,lud,NOUN,брюква,rutabaga,146,A34
785,16128,14565,buab,lud,NOUN,бабушка,,1237,B412
786,32605,28241,buabo,lud,NOUN,бабушка,,1237,B412
787,90653,77743,buabuška,lud,NOUN,бабушка,,,
788,91488,78566,buabuške,lud,NOUN,бабушка,,,
789,16136,14573,buat’kuu,lud,NOUN,свёкор,,,
790,90688,77778,buat’uška,lud,NOUN,свёкор,,,
791,89993,77078,buaz,lud,NOUN,база,,,
792,45118,39310,bubarko,lud,NOUN,жук,beetle,262,A44
793,55489,48832,bugri,lud,NOUN,полог,,1094,B372
794,89863,76954,buitoku,lud,PART,как будто,,,
795,90309,77384,buitto,lud,PART,как будто,,,
796,32657,28292,buku,lud,NOUN,бук,,,
797,90148,77226,bukve,lud,NOUN,буква,,,
798,91847,78920,bulafk,lud,NOUN,булавка,,,
799,32654,28289,bulafke,lud,NOUN,булавка,,,
800,32658,28293,bulke,lud,NOUN,булка,,,
801,73006,62251,bul’kada,lud,VERB,булькать,,,
802,72767,62029,bul’ke,lud,NOUN,пуля,,,
803,57768,50852,bumaage,lud,NOUN,бумага,,1293,B511
804,32656,28291,bumag,lud,NOUN,бумага,,1293,B511
805,77304,65980,bunuk,lud,NOUN,"внук, внучка",,,
806,78464,67037,bunukke,lud,NOUN,внук,,,
807,57013,50145,bunukku,lud,NOUN,внук,,1233,B412
808,43444,37686,buol,lud,NOUN,брусника,"cowberry, red whortleberry, lingonberry",134,A323
809,32648,28283,buole,lud,NOUN,брусника,"cowberry, red whortleberry, lingonberry",134,A323
810,91835,78908,buolužik,lud,NOUN,брусничник,,,
811,90011,77094,buonaine,lud,NOUN,барашек,,,
812,90012,77094,buonaine,lud,NOUN,ягнёнок,,,
813,55900,49209,burakk,lud,NOUN,корзина,,1137,B373
814,55899,49208,burakko,lud,NOUN,корзина,,1137,B373
815,73776,62883,burakoine,lud,NOUN,корзинка,,,
816,91808,78881,burišta,lud,VERB,бормотать,,,
817,90258,77334,burlakke,lud,NOUN,бурлак,,,
818,90839,77926,burlakuoida,lud,VERB,"уходить на заработки, бурлачить",,,
819,89835,76927,burlakuoita,lud,VERB,бурлачить,,,
820,50759,44554,busad,lud,NOUN,бусы,,683,B182
821,50756,44551,busat,lud,NOUN,бусы,,683,B182
822,91204,78293,butilkaine,lud,NOUN,бутылочка,,,
823,32653,28288,butilke,lud,NOUN,бутылка,,,
824,90957,78043,butto,lud,ADV,"как будто, вроде как",,,
825,73005,62250,buukita,lud,VERB,бучить,,,
826,89806,76898,buukku,lud,NOUN,бук (деревянная бочка),,,
827,91846,78919,buurida,lud,VERB,бурить,,,
828,91841,78914,buzida,lud,VERB,бузить,,,
829,91842,78915,buzuida,lud,VERB,бодать,,,
830,91818,78891,bučči,lud,NOUN,бочка,,,
831,91819,78892,buččiine,lud,NOUN,бочонок,,,
832,90599,77690,bäbetä,lud,VERB,покачиваться,,,
833,49052,42985,bäbištä,lud,VERB,дрожать,,539,B16
834,72838,62099,bäigydä,lud,VERB,блеять (об овце),,,
835,91781,78855,bärišta,lud,VERB,блеять,,,
836,91844,78917,böbäk,lud,NOUN,букашка,,,
837,45119,39311,böröi,lud,NOUN,жук,beetle,262,A44
838,85929,73347,cairi,lud,NOUN,царь,,,
839,91147,78237,carskuoi,lud,ADJ,царский,,,
840,89674,76769,carstve,lud,NOUN,царство,,,
841,91216,78305,carstvuida,lud,VERB,царствовать,,,
842,42887,37148,cvetuine,lud,NOUN,цветок,flower,79,A31
843,42920,37177,cvet’ta,lud,VERB,цвести,"to bloom, to blossom, to flower",82,A31
844,43700,37938,cvet’t’a,lud,VERB,цвести,"to bloom, to blossom, to flower",82,A31
845,3546,3516,da,lud,CCONJ,"и, да",,,
846,90768,77856,daaže,lud,ADV,даже,,,
847,73944,63044,dai,lud,CCONJ,да и ,,,
848,73945,63044,dai,lud,CCONJ,и,,,
849,73946,63044,dai,lud,CCONJ,"также, тоже",,,
850,23938,21418,davai,lud,INTJ,давай,,,
851,73771,62878,daže,lud,ADV,даже,,,
852,76467,65267,daže,lud,PART,даже,,,
853,78237,66830,dažo,lud,PART,даже,,,
854,77251,65929,ded’oi,lud,NOUN,дед,,,
855,25015,22231,dengad,lud,NOUN,деньги,,,
856,55047,48440,dengat,lud,NOUN,деньги,,1054,B36
857,55049,48442,den’gat,lud,NOUN,деньги,,1054,B36
858,16066,14503,derein’,lud,NOUN,деревня,,1281,B51
859,91314,78394,dergaita,lud,VERB,выдергивать,,,
860,74698,63751,detsad,lud,NOUN,детский сад,,,
861,74695,63748,detsadulaine,lud,ADJ,"дошкольный, детсадовский",,,
862,43674,37913,dia,lud,NOUN,лёд,ice,34,A12
863,74665,63720,dialekt,lud,NOUN,диалект,,,
864,16130,14567,died,lud,NOUN,"дедушка, дед, старик",,1236,B412
865,34825,29945,diedo,lud,NOUN,дед,,1236,B412
866,35848,30827,dieduška,lud,NOUN,дедушка,,,
867,91292,78375,diekkone,lud,NOUN,дьякон,,,
868,34400,29584,dielo,lud,NOUN,дело,,750,B31
869,78153,66753,diividakse,lud,VERB,удивляться,,,
870,77879,66510,diktofon,lud,NOUN,диктофон,,,
871,15921,14358,diplom,lud,NOUN,диплом,,,
872,72646,61920,divan,lud,NOUN,диван,,,
873,73064,62296,dividäkseh,lud,VERB,дивиться,,,
874,43670,37909,diä,lud,NOUN,лёд,ice,34,A12
875,34249,29442,diäda,lud,VERB,"остаться, оставаться",,,
876,13613,12289,diädö,lud,NOUN,дядя,,1240,B412
877,57085,50217,diäd’,lud,NOUN,дядя,,1240,B412
878,91036,78126,diäkkeri,lud,NOUN,якорь,,,
879,52687,46366,diäslit,lud,NOUN,ясли,,829,B331
880,47549,41601,diättada,lud,VERB,оставлять,,444,B15
881,47553,41605,diättä,lud,VERB,оставлять,,444,B15
882,47551,41603,diättädä,lud,VERB,оставлять,,444,B15
883,91121,78212,diävidä,lud,VERB,объявлять,,,
884,77949,66578,diävižuda,lud,VERB,появиться,,,
885,15985,14422,diäškuapp,lud,NOUN,холодильник,,,
886,34808,29930,dobruoi,lud,ADJ,добрый,,,
887,74708,63761,dohtur,lud,NOUN,доктор,,,
888,90123,77201,doprose,lud,NOUN,допрос,,,
889,3553,3523,dorog,lud,NOUN,дорога,,1179,B38
890,89868,76959,dorogaine,lud,NOUN,дорожка,,,
891,25019,22235,doroganviiteh,lud,NOUN,дорожный знак,,,
892,91709,78781,dorok,lud,NOUN,дорога,,,
893,54216,47752,dorošk,lud,NOUN,блесна,,978,B353
894,45004,39196,doršš,lud,NOUN,ёрш,"Eurasian ruffe, ruffe, pope",254,A43
895,34806,29928,doske,lud,NOUN,доска (грифельная),,,
896,91077,78168,dostali,lud,ADJ,последний,,,
897,15933,14370,douhtor,lud,NOUN,доктор,,,
898,72886,62142,dovarišše,lud,NOUN,товарищ,,,
899,34813,29934,drobe,lud,NOUN,дробь,,,
900,90579,77667,drobu,lud,NOUN,дробь,,,
901,34814,29935,droškad,lud,NOUN,дрожки,,,
902,53844,47422,droždi,lud,NOUN,дрожжи,,943,B352
903,34815,29936,droždit,lud,NOUN,дрожжи,,943,B352
904,72693,61960,drožžit,lud,NOUN,опара,,,
905,51577,45338,druažittada,lud,VERB,дразнить,,736,B23
906,34811,29933,druuge,lud,NOUN,друг,,,
907,34812,29933,druuge,lud,NOUN,любовник,,,
908,78268,66857,druužida,lud,VERB,дружить,,,
909,73060,62293,duavida,lud,VERB,давить,,,
910,73067,62293,duavida,lud,VERB,душить,,,
911,73115,62293,duavida,lud,VERB,мучить,,,
912,34817,29938,dube,lud,NOUN,дуб,,,
913,34819,29940,dubin,lud,NOUN,дубина,,,
914,91294,78377,duhovnoi,lud,ADJ,духовный,,,
915,34866,29984,duhu,lud,NOUN,запах,,,
916,51056,44843,dumaida,lud,VERB,думать,,703,B21
917,53488,47089,dupt’a,lud,VERB,дубить,,908,B34
918,34820,29941,durakke,lud,NOUN,дурак,,,
919,13615,12291,durmi,lud,NOUN,дёрн,,,
920,52521,12291,durmi,lud,NOUN,"луг, лужайка",,811,B324
921,91211,78300,duube,lud,NOUN,дуб,,,
922,77993,66619,duuh,lud,NOUN,"запах, аромат",,,
923,90494,77582,duuhu,lud,NOUN,дух,,,
924,91177,78266,duumaida,lud,VERB,задумать,,,
925,73016,62258,duumaita,lud,VERB,"вздумать, думать, задумываться",,,
926,51054,44841,duumaitta,lud,VERB,думать,,703,B21
927,51058,44845,duumata,lud,VERB,думать,,703,B21
928,89757,76850,duuri,lud,ADV,как раз,,,
929,91114,78205,duwmaita,lud,VERB,думать,,,
930,72643,61918,dverčikät,lud,NOUN,дверцы,,,
931,33475,28815,dvora,lud,NOUN,двор,,,
932,91497,78576,dvorce,lud,NOUN,дворец,,,
933,89752,76845,dvore,lud,NOUN,двор,,,
934,91197,78286,dvorče,lud,NOUN,дворец,,,
935,74629,63687,dyged,lud,ADJ,трудный,,,
936,78485,63687,dyged,lud,ADJ,тяжёлый,,,
937,72563,61840,dyrk,lud,ADJ,крутой,,,
938,72564,61841,dyrk mägi,lud,PHRASE,обвал,,,
939,33449,28790,dyry,lud,NOUN,гром,,,
940,52416,46104,dyvä,lud,NOUN,зерно,,803,B323
941,78119,66730,dädöi,lud,NOUN,дядя,,,
942,73070,62300,dägadakse,lud,VERB,делиться,,,
943,48987,42920,dähmetä,lud,VERB,"неметь, терять чувствительность",,536,B16
944,91266,78354,däičäine,lud,NOUN,яичко,,,
945,53204,46834,däiččy,lud,NOUN,яйцо,,879,B332
946,86251,73633,dälg,lud,NOUN,след,,,
947,88256,75454,dälgee,lud,POSTP,после,,,
948,77296,65972,dälgemäine,lud,ADJ,последний,,,
949,77948,66577,dälges,lud,POSTP,после,,,
950,58634,51656,dälgimaine,lud,ADJ,задний,,1369,C2
951,58366,51413,dälgimäine,lud,ADJ,последний,,1342,C1
952,58670,51413,dälgimäine,lud,ADJ,задний,,1369,C2
953,82138,70097,däl’gimbäine,lud,ADJ,последний,,1342,C1
954,58363,51410,däl’gimääne,lud,ADJ,последний,,1342,C1
955,58672,51410,däl’gimääne,lud,ADJ,задний,,1369,C2
956,58635,51657,däl’gmääne,lud,ADJ,задний,,1369,C2
957,44287,38503,dänyö,lud,NOUN,заяц,    hare,188,A412
958,81948,69938,dänyöi,lud,NOUN,заяц,,188,A412
959,78533,67102,dänöi,lud,NOUN,заяц,,,
960,88199,75405,dänöileib,lud,NOUN,клевер,,,
961,88200,75406,dänöileibaine,lud,NOUN,клевер,,,
962,45889,40043,däred,lud,ADJ,"толстый, полный (о человеке)",,324,B12
963,50359,40043,däred,lud,ADJ,крупный (о муке грубого помола),,638,B181
964,91212,78301,därevys,lud,NOUN,толщина,,,
965,91745,78817,därille andamatta,lud,PHRASE,безвозвратно,,,
966,77289,65966,därilleh,lud,ADV,назад,,,
967,50041,43876,därittädä,lud,VERB,размельчать,,620,B181
968,50044,43879,därittäi,lud,VERB,размельчать,,620,B181
969,43686,37924,därvi,lud,NOUN,озеро,lake,53,A21
970,43687,37925,därv’,lud,NOUN,озеро,lake,53,A21
971,45890,40044,därčäkke,lud,ADJ,"толстый, полный (о человеке)",,324,B12
972,52688,46367,däsli,lud,NOUN,ясли,,829,B331
973,16052,14489,d’ablok,lud,NOUN,яблоко,,,
974,72971,62217,d’ablokke,lud,NOUN,яблоко,,,
975,72972,62218,d’ablokkepuu,lud,NOUN,яблоня,,,
976,47931,41954,d’agada,lud,VERB,делить,,471,B15
977,57479,50574,d’agada lahd’at,lud,PHRASE,дарить,,1268,B43
978,50545,44358,d’aksattada,lud,VERB,"раздеть, снять",,666,B182
979,50546,44359,d’aksattai,lud,VERB,"раздеть, снять",,666,B182
980,50544,44357,d’aksazetta,lud,VERB,"раздеть, снять",,666,B182
981,46586,40703,d’alg,lud,NOUN,нога,,377,B12
982,76319,65141,d’algai,lud,ADV,вслед,,,
983,72676,61944,d’algaine,lud,NOUN,ножка,,,
984,82359,70271,d’algatoi,lud,ADJ,безногий,,,
985,32621,28257,d’algatuoi,lud,ADJ,безногий,,,
986,54808,48264,d’algačim,lud,NOUN,обувь,,1034,B356
987,54809,48265,d’algaččet,lud,NOUN,обувь,,1034,B356
988,46587,40704,d’alge,lud,NOUN,нога,,377,B12
989,77361,66036,d’algel,lud,ADV,после,,,
990,76628,65396,d’alo,lud,ADV,много,,,
991,76629,65396,d’alo,lud,ADV,полным-полно,,,
992,91768,78841,d’alo äi,lud,PHRASE,бесчисленный,,,
993,58411,51458,d’alošti,lud,ADV,"изрядно, порядочно, довольно",,1346,C1
994,90699,77790,d’armankke,lud,NOUN,ярмарка,,,
995,74603,63659,d’atkada,lud,VERB,продолжать,,,
996,65122,56368,d’atrida,lud,VERB,болеть (ощущать боль),,519,B16
997,46588,40705,d’aug,lud,NOUN,нога,,377,B12
998,16033,14470,d’augumiäčč,lud,NOUN,футбол,,,
999,16034,14471,d’augumiččd’oukko,lud,NOUN,футбольная команда,,,
1000,53797,47375,d’auh,lud,NOUN,мука,,939,B352
1001,35747,30737,d’auho,lud,NOUN,мука,,,
1002,53785,47363,d’auhoda,lud,VERB,молоть,,938,B352
1003,53786,47364,d’auhota,lud,VERB,молоть,,938,B352
1004,73109,62335,d’auhottada,lud,VERB,молоть (муку),,,
1005,53787,47365,d’auhta,lud,VERB,молоть,,938,B352
1006,53779,47357,d’auhuo,lud,VERB,молоть,,938,B352
1007,89535,76637,d’enge,lud,NOUN,деньги,,,
1008,90100,77179,d’ernida,lud,VERB,дёрнуть,,,
1009,90465,77550,d’er’oune,lud,NOUN,деревня,,,
1010,90701,77793,d’esli,lud,SCONJ,если,,,
1011,90102,77181,d’ežurnuoi,lud,NOUN,дежурный,,,
1012,42411,36701,d’ia,lud,NOUN,лёд,ice,34,A12
1013,35101,30206,d’iä,lud,NOUN,лёд,ice,34,A12
1014,90069,77147,d’iädä,lud,VERB,оставаться,,,
1015,72696,61963,d’iäi,lud,NOUN,остаток,,,
1016,90913,77994,d’iänvedo,lud,NOUN,вывозка льда,,,
1017,23832,21331,d’o,lud,INTJ,"потом, затем, уже",,,
1018,15978,14415,d’odu,lud,NOUN,йод,,,
1019,24938,22175,d’og,lud,NOUN,река,river,,
1020,3549,3519,d’oga,lud,PRON,каждый,,319,B11
1021,45830,39988,d’ogahiine,lud,PRON,каждый,,319,B11
1022,77955,66583,d’ogahine,lud,PRON,каждый,,,
1023,23912,21396,d’ogi,lud,NOUN,река,river,45,A21
1024,89947,77034,d’ogirande,lud,NOUN,берег реки,,,
1025,45005,39197,d’orš,lud,NOUN,ёрш,"Eurasian ruffe, ruffe, pope",254,A43
1026,34835,29955,d’orši,lud,NOUN,ёрш,,,
1027,44997,39189,d’oršši,lud,NOUN,ёрш,"Eurasian ruffe, ruffe, pope",254,A43
1028,47294,41376,d’oududa,lud,VERB,"попадать, оказаться, очутиться",,428,B15
1029,91786,78860,d’ouhheinä,lud,NOUN,ситник (растение),,,
1030,77896,66526,d’ouk,lud,NOUN,группа,,,
1031,16014,14451,d’oukko,lud,NOUN,"команда, группа",,,
1032,35099,30204,d’oučen,lud,NOUN,лебедь,swan,223,A42
1033,44687,38893,d’oučuoi,lud,NOUN,лебедь,swan,223,A42
1034,91255,78343,d’ouččen,lud,NOUN,лебедь,,,
1035,72975,62221,d’uadre,lud,NOUN,ядро,,,
1036,89723,76816,d’uame,lud,NOUN,шоссе,,,
1037,89711,76805,d’uaščikke,lud,NOUN,ящик,,,
1038,16158,14597,d’uged,lud,ADJ,"трудный, сложный",,,
1039,48733,42681,d’uged,lud,ADJ,беременная,,516,B16
1040,58473,42681,d’uged,lud,ADJ,тяжелый (по весу),,1329,C1
1041,91061,78152,d’ugei,lud,ADJ,"тяжелый, трудный, сложный",,,
1042,45622,39791,d’ulgei,lud,ADJ,смелый,,296,B11
1043,57888,50952,d’umal,lud,NOUN,бог,,1303,B52
1044,42365,36656,d’umalanbembel’,lud,NOUN,радуга,rainbow,29,A12
1045,48757,42701,d’umalanrubi,lud,NOUN,оспа,,522,B16
1046,48939,42877,d’uobuda,lud,VERB,угореть,,534,B16
1047,34251,29444,d’uoda,lud,VERB,пить,,592,B181
1048,90686,77776,d’uohtuda,lud,VERB,приходить на ум,,,
1049,83484,71162,d’uokselta,lud,VERB,бегать,,,
1050,16045,14482,d’uoksemiine,lud,NOUN,пробежка	,,,
1051,73007,62252,d’uoksendelda,lud,VERB,бегать,,,
1052,91731,78803,d’uoksendeluz,lud,NOUN,беготня,,,
1053,16017,14454,d’uoksii,lud,NOUN,бегун,,,
1054,47755,41790,d’uoksta,lud,VERB,бежать,,458,B15
1055,16016,14453,d’uoksu,lud,NOUN,бег,,,
1056,91732,78804,d’uokšii,lud,NOUN,бегун,,,
1057,91821,78894,d’uomari,lud,NOUN,бражник,,,
1058,33434,28778,d’uomoi,lud,NOUN,голубика,"bog bilberry, bog blueberry, northern bilberry, western blue",129,A323
1059,43370,37613,d’uomuoi,lud,NOUN,голубика,"bog bilberry, bog blueberry, northern bilberry, western blue",129,A323
1060,43713,37951,d’uon’uo,lud,NOUN,голубика,"bog bilberry, bog blueberry, northern bilberry, western blue",129,A323
1061,47753,41788,d’uosta,lud,VERB,бежать,,458,B15
1062,50317,44134,d’uotattada,lud,VERB,"хотеть пить, испытывать жажду",,646,B181
1063,54584,48058,d’uotta,lud,VERB,паять,,1009,B355
1064,89756,76849,d’uottada,lud,VERB,"поить, напоить",,,
1065,54583,48057,d’uottai,lud,VERB,паять,,1009,B355
1066,50316,44133,d’uottattada,lud,VERB,"хотеть пить, испытывать жажду",,646,B181
1067,50419,44232,d’upk,lud,NOUN,юбка,,655,B182
1068,50421,44234,d’upke,lud,NOUN,юбка,,655,B182
1069,35009,30117,d’uuri,lud,NOUN,корень,root,90,A321
1070,78184,66784,d’uurikas,lud,NOUN,овощ,,,
1071,43013,37268,d’uur’,lud,NOUN,корень,root,90,A321
1072,73057,62290,d’yrišta,lud,VERB,греметь,,,
1073,35062,30168,d’yrke,lud,ADJ,крутой (гора),,,
1074,34884,30002,d’yvä,lud,NOUN,зерно,,,
1075,72747,62010,d’yömine,lud,NOUN,пойло,,,
1076,90085,77163,d’äičče,lud,NOUN,яйцо,,,
1077,77332,66008,d’äiččäine,lud,NOUN,яичко (куриное),,,
1078,72978,62224,d’äkkeri,lud,NOUN,якорь,,,
1079,73156,62379,d’älgan pohje,lud,PHRASE,стопа,,,
1080,72677,61945,d’älge,lud,NOUN,нога,,,
1081,14977,13498,d’älgeh,lud,POSTP,после,,,
1082,90767,77855,d’älgel,lud,ADV,после,,,
1083,73743,62851,d’älgele,lud,ADV,потом,,,
1084,91073,78164,d’älgen,lud,POSTP,после,,,
1085,72597,61873,d’älges,lud,ADV,jälkeen,,,
1086,74636,63694,d’älgimäi,lud,ADV,наконец,,,
1087,77326,66002,d’älle,lud,PREP,после,,,
1088,45885,40039,d’ämed,lud,ADJ,"толстый, полный (о человеке)",,324,B12
1089,34869,29987,d’änyöi,lud,NOUN,заяц,,,
1090,88202,75408,d’än’yynl’eibaan’e,lud,NOUN,клевер,,,
1091,90343,77418,d’ärei,lud,ADJ,"полный, толстый",,,
1092,74302,63378,d’ärvenagd’,lud,NOUN,конец озера,,,
1093,14952,13477,d’ärvi,lud,NOUN,озеро,lake,53,A21
1094,89804,76896,d’ärvirande,lud,NOUN,берег озера,,,
1095,89834,76926,d’ärvüt,lud,NOUN,озерко,,,
1096,42661,36941,d’ärv’,lud,NOUN,озеро,lake,53,A21
1097,73022,62264,d’ävidäkseh,lud,VERB,являться,,,
1098,33385,28738,d’ävne,lud,ADV,вслух,,,
1099,90772,77860,d’ürüntautte,lud,NOUN,"божья стрела, божье долото",,,
1100,73987,63078,e,lud,INTJ, э-э-э,,,
1101,45282,39472,ebaid’oi,lud,NOUN,улитка,,274,A44
1102,91804,78877,ebävoimaine,lud,ADJ,больной,,,
1103,48673,42622,ebävoimas,lud,NOUN,"болезнь, недуг, нездоровье",,517,B16
1104,48672,42621,ebävoinaine,lud,NOUN,"болезнь, недуг, нездоровье",,517,B16
1105,48577,42535,ebävoivaine,lud,ADJ,больной,,513,B16
1106,77180,65868,edaha,lud,ADV,прежде,,,
1107,58606,51628,edahaliine,lud,ADJ,далекий,,1368,C2
1108,84999,72509,edeh,lud,ADV,вперёд,,,
1109,33384,28737,edel,lud,ADV,вперёд,,,
1110,77281,65958,edele,lud,ADV,дальше,,,
1111,3562,3532,edelleh,lud,ADV,дальше,,,
1112,45281,39471,eden’uoi,lud,NOUN,улитка,,274,A44
1113,76303,65129,edes,lud,ADV,впереди,,,
1114,58681,51692,edine,lud,ADJ,передний,,1373,C2
1115,48252,42237,edištuda,lud,VERB,двигаться,,489,B15
1116,48254,42239,edištydä,lud,VERB,двигаться,,489,B15
1117,77261,65939,edne,lud,ADV,раньше,,,
1118,58604,51626,edähäine,lud,ADJ,далекий,,1368,C2
1119,59078,52052,egläi,lud,ADV,вчера,,1402,C3
1120,15891,14328,eglää,lud,ADV,вчера,,1402,C3
1121,59064,52038,eht,lud,NOUN,вечер,,1400,C3
1122,33342,28698,ehte,lud,NOUN,вечер,,1400,C3
1123,42946,37203,ehtida,lud,VERB,спеть,to ripen,83,A31
1124,48458,37203,ehtida,lud,VERB,успевать,,505,B15
1125,48459,42426,ehtidä,lud,VERB,успевать,,505,B15
1126,90692,77782,ehtkečüöi,lud,NOUN,вечерняя посиделка,,,
1127,15889,14326,eht’,lud,NOUN,вечер ,,,
1128,48460,42427,eht’a,lud,VERB,успевать,,505,B15
1129,23899,21386,ei,lud,AUX,не,,572,B17
1130,48688,42637,ei voida,lud,PHRASE,болеть,,518,B16
1131,49687,43552,eineh,lud,NOUN,пища,,590,B181
1132,56715,43552,eineh,lud,NOUN,провизия в дорогу,,1206,B38
1133,48578,42536,eivoinaine,lud,ADJ,больной,,513,B16
1134,72968,62214,ekipaž,lud,NOUN,экипаж,,,
1135,78246,66839,ekspedicii,lud,NOUN,экспедиция,,,
1136,15915,14352,ekzamen,lud,NOUN,экзамен,,,
1137,15916,14353,ekzamenuida,lud,VERB,экзаменовать,,,
1138,90196,77274,ekz’eme,lud,NOUN,экзема,,,
1139,77935,66564,elaig,lud,NOUN,жизнь,,,
1140,34855,29973,elaige,lud,NOUN,жизнь,,,
1141,78619,67173,elektronnuoi,lud,ADJ,электронный,,,
1142,51038,44825,elgendädä,lud,VERB,понимать,,702,B21
1143,51039,44826,elgeta,lud,VERB,понимать,,702,B21
1144,51035,44822,elgetta,lud,VERB,понимать,,702,B21
1145,51024,44811,ellendiä,lud,VERB,понимать,,702,B21
1146,78573,67135,elo,lud,NOUN,жизнь,,,
1147,78574,67135,elo,lud,NOUN,богатство,,,
1148,78575,67135,elo,lud,NOUN,нажитое,,,
1149,78576,67135,elo,lud,NOUN,имущество,,,
1150,78608,67164,elohdiämine,lud,NOUN,"сохранение, сохранность",,,
1151,16097,14534,elokuu,lud,NOUN,август,,,
1152,57516,50610,elostada,lud,VERB,"играть, забавляться, развлекаться",,1272,B43
1153,57518,50612,eloštada,lud,VERB,"играть, забавляться, развлекаться",,1272,B43
1154,57517,50611,eloštai,lud,VERB,"играть, забавляться, развлекаться",,1272,B43
1155,49187,43097,eläb,lud,ADJ,живой,,550,B17
1156,55301,48654,eläda,lud,VERB,жить,,1076,B371
1157,16155,14594,elädä,lud,VERB,жить,,1076,B371
1158,34850,29968,eläi,lud,NOUN,житель,,,
1159,83365,71072,eläi,lud,VERB,жить,,1076,B371
1160,72648,61922,elände,lud,NOUN,жизнь,,,
1161,16044,14481,eländtaba,lud,NOUN,образ жизни ,,,
1162,44400,38615,eläpakeine,lud,NOUN,летучая мышь,,197,A412
1163,72534,61813,eläu,lud,ADJ,живой,,,
1164,34849,29967,eläv,lud,ADJ,живой,,550,B17
1165,42861,37123,eläv hobde,lud,PHRASE,ртуть,mercury (Hg),77,A22
1166,78605,67161,elävzoittamine,lud,NOUN,возрождение,,,
1167,76480,65279,eläväl,lud,ADV,живьём,,,
1168,25041,22257,el’geta,lud,VERB,понимать,,,
1169,83412,71110,el’ädä,lud,VERB,жить,,1076,B371
1170,34239,29432,emag,lud,NOUN,хозяйка,,1249,B412
1171,53073,46722,emalambas,lud,NOUN,овца (самка),,866,B331
1172,56884,50016,emindimä,lud,NOUN,мачеха,,1223,B412
1173,56886,50018,emindäm,lud,NOUN,мачеха,,1223,B412
1174,56887,50019,emindämä,lud,NOUN,мачеха,,1223,B412
1175,54183,47719,emä,lud,NOUN,мотня невода,,974,B353
1176,57093,47719,emä,lud,NOUN,мать,,1222,B412
1177,52737,46416,emähebo,lud,NOUN,кобыла,,835,B331
1178,53072,46721,emälambas,lud,NOUN,овца (самка),,866,B331
1179,57201,50307,emänd,lud,NOUN,хозяйка,,1249,B412
1180,57202,50308,emände,lud,NOUN,хозяйка,,1249,B412
1181,56888,50020,emändim,lud,NOUN,мачеха,,1223,B412
1182,77911,66541,enamb,lud,ADV,более,,,
1183,34418,29602,ende,lud,ADV,раньше,,1405,C3
1184,81841,29602,ende,lud,ADV,ранее,,,
1185,81842,29602,ende,lud,ADV,сперва,,,
1186,76620,65388,endegläi,lud,ADV,позавчера,,,
1187,76489,65281,endepiäi,lud,ADV,заранее,,,
1188,76683,65445,endespiä,lud,ADV,спереди,,,
1189,78066,66680,endine,lud,ADJ,прежний,,,
1190,76644,65410,endižellai,lud,ADV,по-старому,,,
1191,72594,61870,endiželle,lud,ADV,по-старому,,,
1192,76634,65401,endižellee,lud,ADV,по-прежнему,,,
1193,15892,14329,endužeglää,lud,ADV,позавчера,,,
1194,88254,75452,endži,lud,ADJ,следующий,,,
1195,76680,65442,endžimai,lud,ADV,сначала,,,
1196,59201,52175,endžimaižar’g,lud,NOUN,понедельник,,1412,C3
1197,88253,75451,endžimäi,lud,ADV,вначале,,,
1198,15772,14214,englantilaine,lud,NOUN,англичанин ,,,
1199,59108,52082,enne,lud,ADV,"прежде, раньше",,1405,C3
1200,90689,77779,eno,lud,ADV,очень,,,
1201,90956,78042,ensimäižikse,lud,ADV,во-первых,,,
1202,78530,67099,enzi,lud,X,первый,,,
1203,92508,79510,enzimmäižeks,lud,ADV,"во-первых, первым делом",,,
1204,14970,13491,enzimäi,lud,ADV,"сначала, вначале",,,
1205,3568,3538,enzimäine,lud,NUM,первый,,,
1206,59202,52176,enzimäineargi,lud,NOUN,понедельник,,1412,C3
1207,89611,76710,enzimäižeks,lud,X,во-первых,,,
1208,91206,78295,enämbe,lud,ADV,больше,,,
1209,23942,21422,enämbi,lud,ADV,больше,,,
1210,76267,65101,enämbäl,lud,ADV,более,,,
1211,76302,65128,enčkier,lud,ADV,впервые,,,
1212,59200,52174,enžimašar’g,lud,NOUN,понедельник,,1412,C3
1213,45816,39974,eraz,lud,PRON,"иной, некий, некоторый",,318,B11
1214,78572,67134,erigduda,lud,VERB,разводиться,,,
1215,76312,65138,eriže,lud,ADV,врозь,,,
1216,76596,65372,eriži,lud,ADV,особо,,,
1217,76597,65372,eriži,lud,ADV,особенно,,,
1218,76598,65372,eriži,lud,ADV,отдельно,,,
1219,89975,77061,erodrom,lud,NOUN,аэродром,,,
1220,78123,66734,eroittada,lud,VERB,разлучать,,,
1221,78125,66734,eroittada,lud,VERB,отличать,,,
1222,78126,66734,eroittada,lud,VERB,отделять,,,
1223,78127,66734,eroittada,lud,VERB,различать,,,
1224,89976,77062,eroplan,lud,NOUN,аэроплан,,,
1225,77300,65976,erota,lud,VERB,разводиться,,,
1226,78035,65976,erota,lud,VERB,отличаться,,,
1227,76499,65289,erähiči,lud,ADV,иногда,,,
1228,45815,39973,eräs,lud,PRON,"иной, некий, некоторый",,318,B11
1229,90974,78060,eräz,lud,ADJ,некоторый,,,
1230,15775,14217,espanjalaine,lud,NOUN,испанец ,,,
1231,72969,62215,etaž,lud,NOUN,этаж,,,
1232,77883,66514,etnograafine,lud,ADJ,этнографический,,,
1233,78095,66709,etnokul’tuuran,lud,ADJ,этнокультурный,,,
1234,77906,66536,etnolog,lud,NOUN,этнолог,,,
1235,78054,66668,evakuacii,lud,NOUN,эвакуация,,,
1236,44846,39047,evä,lud,NOUN,плавник,"fin, flipper (appendage of a fish)",239,A43
1237,56691,49852,eväs,lud,NOUN,провизия в дорогу,,1206,B38
1238,91681,78756,ezi-ižä,lud,NOUN,предок,,,
1239,58689,51700,eziine,lud,ADJ,передний,,1373,C2
1240,77886,66517,ezimarkaks,lud,X,например,,,
1241,77298,65974,ezmaane,lud,NUM,первый,,,
1242,77946,66575,ezmai,lud,ADV,вначале,,,
1243,77900,66530,ezmaine,lud,NUM,первый,,,
1244,78051,66665,ezmaiči,lud,ADV,вначале,,,
1245,16081,14518,ezmažarg,lud,NOUN,понедельник,,,
1246,59204,52178,ezmažar’g’,lud,NOUN,понедельник,,1412,C3
1247,74683,63736,ezmažkieran,lud,ADV,впервые,,,
1248,77359,66034,ezmäi,lud,ADV,сначала,,,
1249,90188,77266,ezmäine,lud,NUM,первый,,,
1250,59203,52177,ezmäžargi,lud,NOUN,понедельник,,1412,C3
1251,47211,41303,ečta,lud,VERB,искать,,423,B15
1252,47210,41302,eččida,lud,VERB,искать,,423,B15
1253,47209,41301,eččidä,lud,VERB,искать,,423,B15
1254,72923,62173,fabrikke,lud,NOUN,фабрика,,,
1255,77934,66563,fakt,lud,NOUN,факт,,,
1256,15919,14356,fakul’tet,lud,NOUN,факультет,,,
1257,90160,77238,familii,lud,NOUN,фамилия,,,
1258,90935,78016,farsovuoi,lud,ADJ,фарсистый,,,
1259,91721,78793,fartovuoi,lud,ADJ,"форсистый, фартовый",,,
1260,78179,66779,fater,lud,NOUN,квартира,,,
1261,72580,61856,fatieru,lud,NOUN,квартира,,,
1262,89714,76808,fattida,lud,VERB,хватать,,,
1263,90894,77976,fat’erante,lud,NOUN,квартирант,,,
1264,89840,76931,fat’eruoita,lud,VERB,квартироваться,,,
1265,72805,62067,ferezi,lud,NOUN,сарафан,,,
1266,77142,65830,ferm,lud,NOUN,ферма,,,
1267,90729,77817,ferššal,lud,NOUN,фельдшер,,,
1268,90853,77938,fiine,lud,NOUN,финн,,,
1269,78495,67067,fiknida,lud,VERB,швырнуть,,,
1270,78090,66704,filarmonii,lud,NOUN,филармония,,,
1271,90857,77942,finskuoi,lud,ADJ,финский,,,
1272,73277,62473,firkaida,lud,VERB,фыркать,,,
1273,90076,77154,flotte,lud,NOUN,флот,,,
1274,72924,62174,fonar’i,lud,NOUN,фонарь,,,
1275,90920,78001,forsida,lud,VERB,форсить,,,
1276,90348,77422,forsovuoi,lud,ADJ,форсистый,,,
1277,72926,62176,fufaike,lud,NOUN,фуфайка,,,
1278,55037,48430,funt,lud,NOUN,фунт,,1053,B36
1279,55039,48432,funte,lud,NOUN,фунт,,1053,B36
1280,72925,62175,funtte,lud,NOUN,фунт,,,
1281,72927,62177,furaške,lud,NOUN,фуражка,,,
1282,56660,49823,fursta,lud,VERB,идти на лыжах,,1203,B38
1283,77391,66064,ga,lud,PART,так,,,
1284,58103,51167,gadaata,lud,VERB,гадать,,1322,B52
1285,58100,51164,gadaida,lud,VERB,гадать,,1322,B52
1286,58099,51163,gadaita,lud,VERB,гадать,,1322,B52
1287,44677,38883,gajag,lud,NOUN,чайка,seagull,222,A42
1288,44676,38882,gajakk,lud,NOUN,чайка,seagull,222,A42
1289,90885,77967,galstukke,lud,NOUN,галстук,,,
1290,35001,30109,garbalo,lud,NOUN,клюква,cranberry,135,A323
1291,43451,37693,garbol,lud,NOUN,клюква,cranberry,135,A323
1292,90495,77583,garmoniste,lud,NOUN,гармонист,,,
1293,33412,28761,gazette,lud,NOUN,газета,,,
1294,91215,78304,generuale,lud,NOUN,генерал,,,
1295,90825,77911,gen’eraale,lud,NOUN,генерал,,,
1296,90529,77618,germanskuoi,lud,ADJ,германский,,,
1297,78064,66678,geroj,lud,NOUN,герой,,,
1298,74712,63765,gi,lud,PART,и,,,
1299,72634,61909,giire,lud,NOUN,гиря,,,
1300,33414,28763,giir’e,lud,NOUN,гиря,,,
1301,16027,14464,gimnast,lud,NOUN,гимнаст,,,
1302,16028,14465,gimnastiekk,lud,NOUN,гимнастика	,,,
1303,15907,14344,gimnazii,lud,NOUN,гимназия,,,
1304,90084,77162,glaunuoi,lud,ADJ,главный,,,
1305,72528,61807,glavnuoi,lud,ADJ,главный,,,
1306,47078,41172,gluhuoi,lud,ADJ,глухой,,414,B12
1307,33425,28772,gniede,lud,ADJ,гнедой,,,
1308,44610,38818,golub,lud,NOUN,голубь,"dove, pigeon",216,A42
1309,72640,61915,gorbul’,lud,NOUN,горбы (о тесе),,,
1310,78024,66643,gordidakse,lud,VERB,гордиться,,,
1311,72639,61914,gorelke,lud,NOUN,горелка,,,
1312,73282,62478,gorgottada,lud,VERB,хохотать,,,
1313,35018,30126,gorničče,lud,NOUN,горница,,,
1314,55148,48532,gor’a,lud,ADJ,"бедный, неимущий",,1064,B36
1315,74658,63713,gor’ašši,lud,NOUN,горемыка,,,
1316,73048,62282,gor’uita,lud,VERB,горевать,,,
1317,78581,67140,gor’uz,lud,NOUN,горе,,,
1318,57438,50535,goste,lud,NOUN,гость,,1266,B43
1319,89816,76908,gostida,lud,VERB,гостить,,,
1320,78211,66808,gostinič,lud,NOUN,гостиница,,,
1321,57444,50541,gostinč,lud,NOUN,гостинец,,1267,B43
1322,90101,77180,gostin’čče,lud,NOUN,гостинец,,,
1323,89677,76772,gostittada,lud,VERB,угостить,,,
1324,90312,77387,gosudarsvennuoi,lud,ADJ,государственный,,,
1325,57434,50531,gos’t’,lud,NOUN,гость,,1266,B43
1326,33454,28795,grafin,lud,NOUN,графин,,,
1327,74670,63725,grammatik,lud,NOUN,грамматика,,,
1328,86488,73858,gramme,lud,NOUN,грамм,,,
1329,89916,77005,graždanskuoi,lud,ADJ,гражданский,,,
1330,72641,61916,greče,lud,NOUN,греча,,,
1331,14986,13507,greža,lud,NOUN,откос,,,
1332,90464,77549,greže,lud,NOUN,откос,,,
1333,33455,28796,grib,lud,NOUN,гриб,Bolete,154,A35
1334,43929,38158,griba,lud,NOUN,гриб (губчатый),Bolete,154,A35
1335,72985,62231,gribe,lud,NOUN,гриб,,,
1336,57965,51029,griäh,lud,NOUN,грех,,1311,B52
1337,33466,28807,groba,lud,NOUN,гроб,,556,B17
1338,73779,62886,grohot,lud,NOUN,грохот,,,
1339,73251,62449,grozida,lud,VERB,стращать,,,
1340,33450,28791,grošše,lud,NOUN,грош,,,
1341,33460,28801,grubuoi,lud,ADJ,грубый,,,
1342,47079,41173,gruuhuo,lud,ADJ,глухой,,414,B12
1343,43951,38178,gruuzuoi,lud,NOUN,груздь,Lactarius mushroom,156,A35
1344,43944,38171,gruzdi,lud,NOUN,груздь,Lactarius mushroom,156,A35
1345,43953,38180,gruz’d’,lud,NOUN,груздь,Lactarius mushroom,156,A35
1346,72796,62058,gryyhe,lud,NOUN,рюха,,,
1347,33452,28793,gr’adke,lud,NOUN,грядка,,,
1348,74600,63656,gu,lud,SCONJ,что,,,
1349,42715,36989,guba,lud,NOUN,"губа, залив","bay, gulf",58,A21
1350,78001,66627,gubernii,lud,NOUN,губерния,,,
1351,44662,38868,guikk,lud,NOUN,гагара,loon,221,A42
1352,44663,38869,guikke,lud,NOUN,гагара,loon,221,A42
1353,91021,78113,gul’aita,lud,VERB,гулять,,,
1354,49100,43033,gurb,lud,NOUN,горб,,543,B16
1355,33443,28785,gurbe,lud,NOUN,горб,,543,B16
1356,91137,78227,gus’s’e,lud,NOUN,гусь,,,
1357,86241,73623,guul’aida,lud,VERB,гулять,,,
1358,43050,37305,habu,lud,NOUN,хвоя,pine needles,95,A321
1359,53880,37305,habu,lud,NOUN,помело,,945,B352
1360,44796,38997,habuk,lud,NOUN,ястреб,hawk (a predatory bird),234,A42
1361,44795,38996,habukk,lud,NOUN,ястреб,hawk (a predatory bird),234,A42
1362,42350,36641,hagartuul’,lud,NOUN,вихрь,whirlwind,28,A12
1363,43032,37287,hago,lud,NOUN,валежина,"a tree lying on the ground (tumbled down by the wind, dried ",93,A321
1364,48959,42897,haiker,lud,NOUN,угар,,535,B16
1365,88547,62315,haikostada,lud,VERB,зевать,,,
1366,76676,65438,hairahtukšis,lud,ADV,случайно,,,
1367,47157,41250,haišta,lud,VERB,пахнуть,,419,B12
1368,33381,28734,haižu,lud,NOUN,вонь,,,
1369,47156,41249,haižuda,lud,VERB,"пахнуть, вонять",,419,B12
1370,47203,41295,hajotada,lud,VERB,"терять, потерять",,422,B15
1371,51131,44918,haju,lud,NOUN,ум,,709,B21
1372,51152,44937,hajukas,lud,ADJ,умный,,710,B21
1373,72931,62181,halatte,lud,NOUN,халат,,,
1374,15979,14416,haldivomiez’,lud,NOUN,администратор,,,
1375,73219,62420,halgaita,lud,VERB,полоть,,,
1376,54357,47851,halgaitta,lud,VERB,"раскалывать, колоть (дрова)",,989,B354
1377,73102,62329,halgedelta,lud,VERB,лопать,,,
1378,72896,62151,halgelmas,lud,NOUN,трещина,,,
1379,91260,78348,halgeta,lud,VERB,раскалываться,,,
1380,72741,62004,halgo,lud,NOUN,полено,,,
1381,34810,29932,halgod,lud,NOUN,дрова,,,
1382,56106,49380,halgot,lud,NOUN,дрова,,1156,B374
1383,42417,36707,hall,lud,NOUN,заморозок,"overnight freeze, cold snap (usually in late spring or early",35,A12
1384,34908,30026,halle,lud,NOUN,иней,,,
1385,42418,30026,halle,lud,NOUN,заморозок,"overnight freeze, cold snap (usually in late spring or early",35,A12
1386,52012,45745,halmeh,lud,NOUN,подсека заросшая,,773,B321
1387,53576,47169,hamar,lud,NOUN,обух топора,,918,B351
1388,34897,30015,hambahaine,lud,NOUN,зубик,,,
1389,73193,62402,hambahat pakotetah,lud,PHRASE,зубы болят,,,
1390,73187,62397,hambahiden d’uuret,lud,PHRASE,корни зубов,,,
1391,46301,40433,hambas,lud,NOUN,зуб (у человека),,356,B12
1392,34896,30014,hambaz,lud,NOUN,зуб,,356,B12
1393,42523,36807,hang,lud,NOUN,наст,solid crust formed on snow after thawing and refreezing,41,A12
1394,53625,36807,hang,lud,NOUN,вилы,,919,B351
1395,33469,28810,hangi,lud,NOUN,гусь,,,
1396,42519,28810,hangi,lud,NOUN,наст,solid crust formed on snow after thawing and refreezing,41,A12
1397,33352,28708,hango,lud,NOUN,вилы,,919,B351
1398,44645,38853,hanh,lud,NOUN,гусь,goose,219,A42
1399,44644,38852,hanhi,lud,NOUN,гусь,goose,219,A42
1400,72762,62024,hapaimaido,lud,NOUN,простокваша,,,
1401,72529,61808,hapannuh,lud,ADJ,гнилой,,,
1402,42988,37243,hapanu,lud,ADJ,гнилой (о дереве),"rotten, putrid",88,A321
1403,73046,62280,hapata,lud,VERB,гнить,,,
1404,44761,38965,harag,lud,NOUN,сорока,magpie,231,A42
1405,43920,38149,harakanhein,lud,NOUN,папоротник,fern,153,A35
1406,44758,38962,harakk,lud,NOUN,сорока,magpie,231,A42
1407,44760,38964,harakke,lud,NOUN,сорока,magpie,231,A42
1408,72928,62178,harakteri,lud,NOUN,характер,,,
1409,52530,46216,harau,lud,NOUN,грабли,,814,B324
1410,33453,28794,harav,lud,NOUN,грабли,,814,B324
1411,52529,46215,haravo,lud,NOUN,грабли,,814,B324
1412,83170,70904,haravoita,lud,VERB,"грести, сгребать (граблями)",,,
1413,73055,62289,haravuoita,lud,VERB,грабить (сено),,,
1414,33464,28805,harde,lud,NOUN,грива (у лошади),,833,B331
1415,44450,28805,harde,lud,NOUN,гребень петуха,crest,202,A42
1416,72965,28805,harde,lud,NOUN,щеть,,,
1417,52717,46396,hard’,lud,NOUN,грива (лошади),,833,B331
1418,46442,40569,hard’aid,lud,NOUN,плечо,,363,B12
1419,78230,66823,hard’aududa,lud,VERB,привыкать,,,
1420,46441,40568,hard’ot,lud,NOUN,плечо,,363,B12
1421,33407,28757,harjus,lud,NOUN,хариус,"grayling, Thymallus",258,A43
1422,44053,38276,harmag,lud,ADJ,серый,grey,165,A36
1423,44052,38275,harmai,lud,ADJ,серый,grey,165,A36
1424,48297,42278,harppavus,lud,NOUN,шаг,,492,B15
1425,58725,51736,harv,lud,ADJ,редкий,,1378,C2
1426,76495,65286,harvašči,lud,ADV,изредка,,,
1427,58726,51737,harve,lud,ADJ,редкий,,1378,C2
1428,76658,65421,harvemb,lud,ADV,реже,,,
1429,78047,66661,harvembah,lud,ADV,реже,,,
1430,44449,38662,har’d,lud,NOUN,гребень петуха,crest,202,A42
1431,50448,44261,hatrad,lud,NOUN,портянки,,658,B182
1432,50445,44258,hattarat,lud,NOUN,портянки,,658,B182
1433,50447,44260,hattaro,lud,NOUN,портянки,,658,B182
1434,50507,44320,hattu,lud,NOUN,шапка,,664,B182
1435,49288,43198,haud,lud,NOUN,могила,,557,B17
1436,49286,43196,haude,lud,NOUN,яма (могильная),,557,B17
1437,73153,43196,haude,lud,NOUN,пара (репа печеная),,,
1438,49811,43670,haududa,lud,VERB,парить,,600,B181
1439,49812,43671,haudui,lud,VERB,парить,,600,B181
1440,44951,39143,haug,lud,NOUN,щука,"northern pike, pike",248,A43
1441,44946,39138,haugi,lud,NOUN,щука,"northern pike, pike",248,A43
1442,34250,29443,haugod,lud,NOUN,дрова,,,
1443,56107,49381,haugot,lud,NOUN,дрова,,1156,B374
1444,54358,47852,hauguoda,lud,VERB,"раскалывать, колоть (дрова)",,989,B354
1445,34242,29435,hauguuta,lud,VERB,колоть,,,
1446,44101,38323,haukkuda,lud,VERB,лаять,to bark,170,A411
1447,44102,38324,haukta,lud,VERB,лаять,to bark,170,A411
1448,52017,45750,haumeh,lud,NOUN,подсека заросшая,,773,B321
1449,49813,43672,hautta,lud,VERB,парить,,600,B181
1450,55921,49230,havad,lud,NOUN,мешок,,1138,B373
1451,55917,49226,havado,lud,NOUN,мешок,,1138,B373
1452,47681,41717,havaččuda,lud,VERB,проснуться,,452,B15
1453,43047,37302,havu,lud,NOUN,хвоя,pine needles,95,A321
1454,53877,37302,havu,lud,NOUN,помело,,945,B352
1455,48299,42280,hašk,lud,NOUN,шаг,,492,B15
1456,48282,42263,haškta,lud,VERB,шагать,,491,B15
1457,35113,30218,hebo,lud,NOUN,лошадь,,830,B331
1458,43401,37644,hebocaan’e,lud,NOUN,поленика,"Arctic bramble, Arctic raspberry",131,A323
1459,43399,37642,hebommuard,lud,NOUN,поленика,"Arctic bramble, Arctic raspberry",131,A323
1460,90918,77999,hebonheine,lud,NOUN,щавель,,,
1461,91023,78115,hebonliha,lud,NOUN,"лошадиное мясо, конина",,,
1462,52739,46418,heboč,lud,NOUN,кобыла,,835,B331
1463,43400,37643,hebočaine,lud,NOUN,поленика,"Arctic bramble, Arctic raspberry",131,A323
1464,35074,30180,hebočče,lud,NOUN,куманика,,,
1465,52735,46414,hebočču,lud,NOUN,кобыла,,835,B331
1466,74609,63665,hedi,lud,ADV,сразу,,,
1467,78761,67298,heikkua,lud,VERB,кричать,,359,B12
1468,46367,40496,heikta,lud,VERB,кричать,,359,B12
1469,78109,66723,heim,lud,NOUN,род,,,
1470,78110,66723,heim,lud,NOUN,племя,,,
1471,78111,66723,heim,lud,NOUN,родня,,,
1472,57708,50792,heimo,lud,NOUN,род,,1285,B51
1473,57840,50792,heimo,lud,NOUN,племя,,1286,B51
1474,57714,50798,heimokund,lud,NOUN,племя,,1286,B51
1475,57713,50797,heimokunda,lud,NOUN,племя,,1286,B51
1476,91672,78746,heimolaine,lud,NOUN,родственник,,,
1477,52497,46184,hein,lud,NOUN,сено,,810,B324
1478,52498,46185,heine,lud,NOUN,сено,,810,B324
1479,77989,66615,heinsarai,lud,NOUN,сеновал,,,
1480,90722,77811,heinäine,lud,NOUN,травушка,,,
1481,52494,46181,hein’,lud,NOUN,сено,,810,B324
1482,16096,14533,hein’kuu,lud,NOUN,июль,,,
1483,91852,78925,heitelzeta,lud,VERB,валять дурака,,,
1484,47554,41606,heitta,lud,VERB,оставлять,,444,B15
1485,50707,41606,heitta,lud,VERB,"раздеть, снять",,666,B182
1486,47550,41602,heittada,lud,VERB,оставлять,,444,B15
1487,50705,41602,heittada,lud,VERB,"раздеть, снять",,666,B182
1488,73210,41602,heittada,lud,VERB,перестать,,,
1489,73243,62443,heittädä,lud,VERB,снимать (пальто),,,
1490,47552,41604,heittäi,lud,VERB,оставлять,,444,B15
1491,50706,41604,heittäi,lud,VERB,"раздеть, снять",,666,B182
1492,57555,50649,helista,lud,VERB,звенеть,,1275,B43
1493,57554,50648,helišta,lud,VERB,звенеть,,1275,B43
1494,50590,44403,helm,lud,NOUN,подол,,670,B182
1495,50592,44405,helme,lud,NOUN,подол,,670,B182
1496,50757,44552,helmed,lud,NOUN,бусы,,683,B182
1497,82119,70081,help’,lud,ADJ,легкий (по весу),,1328,C1
1498,43779,38012,helve,lud,NOUN,метелка овса,panicle,142,A33
1499,91208,78297,helähtädä,lud,VERB,"загреметь, начать греметь",,,
1500,49304,43214,heng,lud,NOUN,душа,,559,B17
1501,91775,78848,heng tykettav,lud,PHRASE,сердце бьётся,,,
1502,78104,66718,hengaiduz,lud,NOUN,дыхание,,,
1503,34816,29937,hengi,lud,NOUN,душа,,559,B17
1504,46922,29937,hengi,lud,NOUN,сердце,,399,B12
1505,46874,40973,hengitada,lud,VERB,дышать,,394,B12
1506,46872,40971,hengittada,lud,VERB,дышать,,394,B12
1507,46873,40972,hengittädä,lud,VERB,дышать,,394,B12
1508,78138,66744,hengiš,lud,ADV,в живых,,,
1509,73014,62256,hengästyldäkseh,lud,VERB,вздыхать,,,
1510,91712,78784,hengävüdä,lud,VERB,отдыхать,,,
1511,49305,43215,heng’,lud,NOUN,душа,,559,B17
1512,46931,41026,hen’g,lud,NOUN,сердце,,399,B12
1513,47680,41716,heraštuda,lud,VERB,проснуться,,452,B15
1514,78232,66825,herk,lud,ADJ,чуткий,,,
1515,43783,38016,herneg,lud,NOUN,горох,peas,143,A34
1516,33442,28784,herneh,lud,NOUN,горох,peas,143,A34
1517,90014,77096,herr,lud,NOUN,барин,,,
1518,90015,77096,herr,lud,NOUN,начальник,,,
1519,90016,77096,herr,lud,NOUN,чиновник,,,
1520,72618,61894,herre,lud,NOUN,барин,,,
1521,90871,77954,herremiez,lud,NOUN,господин,,,
1522,78210,66807,hetki,lud,NOUN,момент,,,
1523,50614,44427,hiam,lud,NOUN,рукав,,672,B182
1524,50612,44425,hiamai,lud,NOUN,рукав,,672,B182
1525,72790,62052,hiamait,lud,NOUN,рукава,,,
1526,50615,44428,hiamii,lud,NOUN,рукав,,672,B182
1527,45854,40012,hibde,lud,NOUN,тело,body,321,B12
1528,45852,40010,hibd’,lud,NOUN,тело,body,321,B12
1529,45975,40010,hibd’,lud,NOUN,кожа (человека),,329,B12
1530,72902,62155,hibje,lud,NOUN,тело,,,
1531,50727,44522,hid’v,lud,ADJ,"старый, изношенный (об одежде)",,680,B182
1532,50723,44518,hid’v’u,lud,ADJ,"старый, изношенный (об одежде)",,680,B182
1533,45906,40058,hien,lud,ADJ,тонкий,,325,B12
1534,78693,40058,hien,lud,ADJ,мелкий,,,
1535,45895,40049,hieno,lud,ADJ,тонкий,,325,B12
1536,50043,43878,hienota,lud,VERB,размельчать,,620,B181
1537,50040,43875,hienotta,lud,VERB,размельчать,,620,B181
1538,57653,50737,hiero,lud,NOUN,"деревня, село",,1281,B51
1539,51796,45549,hieroda,lud,VERB,тереть,,753,B31
1540,73036,45549,hieroda,lud,VERB,втирать,,,
1541,77321,65997,hieru,lud,NOUN,деревня,,,
1542,51797,45550,hieruoi,lud,VERB,тереть,,753,B31
1543,45987,40131,higestuda,lud,VERB,"потеть, вспотеть",,330,B12
1544,45989,40133,higestydä,lud,VERB,потеть,,330,B12
1545,72746,62009,higi,lud,NOUN,пот,,,
1546,45990,40134,higostuda,lud,VERB,потеть,,330,B12
1547,56651,49814,hiihtada,lud,VERB,идти на лыжах,,1203,B38
1548,56650,49813,hiihtee,lud,VERB,идти на лыжах,,1203,B38
1549,16025,14462,hiihtäi,lud,NOUN,лыжник,,,
1550,49850,43709,hiilau,lud,ADJ,горячий,,605,B181
1551,77348,66023,hiilavalleh,lud,ADV,в горячем виде,,,
1552,72907,62160,hiili,lud,NOUN,уголь,,,
1553,35753,30743,hiiri,lud,NOUN,мышь,mouse (animal) ,198,A412
1554,44411,38626,hiir’,lud,NOUN,мышь,mouse (animal) ,198,A412
1555,47177,41269,hiir’ukaine,lud,NOUN,нерв,,421,B12
1556,48256,42241,hiivoda,lud,VERB,двигаться,,489,B15
1557,76630,65397,hiivodi,lud,ADV,ползком,,,
1558,49969,43822,hill,lud,NOUN,крошево,,615,B181
1559,42591,36872,hilletä,lud,VERB,"утихать, успокаиваться (о ветре, реке, море и т.п.)",to calm down,49,A21
1560,43422,37664,hillo,lud,NOUN,морошка,"cloudberry, Rubus chamaemorus",133,A323
1561,50005,37664,hillo,lud,NOUN,крошево,,615,B181
1562,84993,72503,hill’as,lud,ADV,тихо,,,
1563,45496,39669,hil’l’aane,lud,ADJ,"тихий, спокойный (о человеке)",,289,B11
1564,84701,72234,hil’l’ah,lud,ADV,"медленно, тихо",,,
1565,45489,39663,hil’l’aine,lud,ADJ,"тихий, спокойный (о человеке)",,289,B11
1566,72593,61869,hil’l’aiže,lud,ADV,"осторожно, тихо",,,
1567,78103,66717,hil’l’aižesti,lud,ADV,"тихонько, тихо",,,
1568,76699,65459,hil’l’akaiži,lud,ADV,тихонько,,,
1569,76526,65310,hil’l’akašči,lud,ADV,медленно,,,
1570,76608,65310,hil’l’akašči,lud,ADV,плавно,,,
1571,76609,65310,hil’l’akašči,lud,ADV,потихоньку,,,
1572,84702,72235,hil’l’asti,lud,ADV,медленно,,,
1573,76576,65353,hil’l’ekašči,lud,ADV,неслышно,,,
1574,76627,65395,hil’l’äkašči,lud,ADV,полегоньку,,,
1575,25050,22266,himo,lud,NOUN,интерес,,,
1576,72700,22266,himo,lud,NOUN,охота (хочется чего-либо),,,
1577,34407,29591,himoittada,lud,VERB,"хотеть, желать",,716,B22
1578,51217,44995,himuotada,lud,VERB,хотеть,,716,B22
1579,77036,65743,himuuttada,lud,VERB,"хотеться, желать",,,
1580,25054,22270,hind,lud,NOUN,цена,,,
1581,72937,62186,hinde,lud,NOUN,цена,,,
1582,52523,46209,hiota,lud,VERB,точить бруском,,813,B324
1583,52830,46509,hirnakoida,lud,VERB,ржать,,846,B331
1584,73230,62431,hirnakoita,lud,VERB,ржать,,,
1585,52831,46510,hirnakuoida,lud,VERB,ржать,,846,B331
1586,91273,78360,hirnakuoita,lud,VERB,ржать (о лошади),,,
1587,49087,43020,hirnuda,lud,VERB,чихать,,542,B16
1588,44218,38434,hirve,lud,NOUN,лось,"moose, elk",181,A412
1589,35115,30220,hirvi,lud,NOUN,лось,,,
1590,90440,77525,hirzi,lud,NOUN,бревно,,,
1591,44220,38436,hir’v,lud,NOUN,лось,"moose, elk",181,A412
1592,45648,39815,hitrii,lud,ADJ,хитрый,,297,B11
1593,76713,65472,hitrošči,lud,ADV,хитро,,,
1594,52522,46208,hivoda,lud,VERB,точить бруском,,813,B324
1595,84996,72506,hiädydä,lud,VERB,исчезать,,,
1596,51798,45551,hičuttada,lud,VERB,тереть,,753,B31
1597,77873,66504,hištorii,lud,NOUN,история,,,
1598,74697,63750,hištorijahine,lud,ADJ,исторический,,,
1599,72932,62182,hmel’u,lud,NOUN,хмель,,,
1600,89704,76798,hobd’e,lud,NOUN,серебро,,,
1601,42826,37090,hobed,lud,NOUN,серебро,silver,73,A22
1602,42827,37091,hobje,lud,NOUN,серебро,silver,73,A22
1603,76716,65475,hod’,lud,PART,хоть,,,
1604,90441,77526,hohottada,lud,VERB,хохотать,,,
1605,89909,76999,hoi,lud,INTJ,"ой, эй",,,
1606,15935,14372,hoidai,lud,NOUN,медсестра,,,
1607,45905,40057,hoik,lud,ADJ,тонкий,,325,B12
1608,76701,65461,hoikašči,lud,ADV,тонко,,,
1609,45899,40053,hoikk,lud,ADJ,тонкий,,325,B12
1610,45904,40056,hoikke,lud,ADJ,тонкий,,325,B12
1611,90152,77230,hol’ottada,lud,VERB,выкрикивать,,,
1612,50147,43982,homeh,lud,NOUN,плесень,,631,B181
1613,34252,29445,homme,lud,NOUN,хлопоты,,,
1614,51619,45380,hond,lud,ADJ,плохой,,739,B23
1615,43143,37391,hong,lud,NOUN,сосна кондовая,"pine with dense fine-grained wood, very strong",107,A322
1616,43144,37392,honge,lud,NOUN,сосна кондовая,"pine with dense fine-grained wood, very strong",107,A322
1617,56539,49724,honguoi,lud,NOUN,лодка,,1196,B38
1618,49639,43520,hopp,lud,NOUN,ссора,,586,B17
1619,49635,43516,hoppu,lud,NOUN,ссора,,586,B17
1620,88252,75450,hora,lud,NOUN,хор,,,
1621,91242,78330,hos,lud,PART,хоть,,,
1622,15972,14409,hotel’,lud,NOUN,отель,,,
1623,89789,76882,hot’,lud,PART,хотя,,,
1624,91769,78842,hovkal’oi,lud,ADJ,бешеный,,,
1625,73284,62480,hristosida,lud,VERB,христосоваться,,,
1626,43212,37457,huab,lud,NOUN,осина,aspen,114,A322
1627,43216,37461,huabe,lud,NOUN,осина,aspen,114,A322
1628,16111,14548,huahk,lud,ADJ,серый,grey,165,A36
1629,48606,14548,huahk,lud,ADJ,бледный (о человеке),,514,B16
1630,55950,49259,huahl,lud,NOUN,"цепь, крюк для подвешивания котелка над жаратком",,1141,B373
1631,55946,49255,huahlat,lud,NOUN,"цепь, крюк для подвешивания котелка над жаратком",,1141,B373
1632,44343,38559,huahmoi,lud,NOUN,росомаха,wolverine,194,A412
1633,44347,38563,huahmuo,lud,NOUN,росомаха,wolverine,194,A412
1634,44344,38560,huahmuoi,lud,NOUN,росомаха,wolverine,194,A412
1635,48596,42554,huahmuoi,lud,ADJ,бледный (о человеке),,514,B16
1636,84994,72504,huarp,lud,NOUN,шаг,,,
1637,44451,38663,huar’,lud,NOUN,гребень петуха,crest,202,A42
1638,52863,38663,huar’,lud,NOUN,грива (лошади),,833,B331
1639,72929,62179,huatte,lud,NOUN,хата,,,
1640,35762,30752,huavo,lud,NOUN,мешок,,1138,B373
1641,90606,77697,huavuoine,lud,NOUN,мешочек,,,
1642,52608,46287,huaz’,lud,NOUN,прясло,,821,B324
1643,52607,46286,huaž,lud,NOUN,прясло,,821,B324
1644,52605,46284,huaže,lud,NOUN,прясло,,821,B324
1645,45574,39743,huba,lud,ADJ,маленький,,292,B11
1646,74621,63679,hubaine,lud,ADJ,маленький,,,
1647,86247,73629,hubata,lud,VERB,уменьшать,,,
1648,50725,44520,hudr,lud,ADJ,"старый, изношенный (об одежде)",,680,B182
1649,50726,44521,hudre,lud,ADJ,"старый, изношенный (об одежде)",,680,B182
1650,76682,65444,huiged,lud,ADV,стыдно,,,
1651,51645,45406,huiged,lud,NOUN,стыд,,742,B23
1652,35847,30826,huigej,lud,ADV,стыдно,,,
1653,44189,38406,hukk,lud,NOUN,волк,wolf,178,A412
1654,33362,28718,hukke,lud,NOUN,волк,wolf,178,A412
1655,48988,42921,hulbeta,lud,VERB,"неметь, терять чувствительность",,536,B16
1656,90890,77972,humal,lud,NOUN,хмель,,,
1657,90891,77973,humalzuda,lud,VERB,опьянеть,,,
1658,89520,76622,humal’n’ikke,lud,NOUN,пьяница,,,
1659,55884,49193,humbar,lud,NOUN,ступа,,1134,B373
1660,55883,49192,humbar’,lud,NOUN,ступа,,1134,B373
1661,72691,61959,huobavus,lud,NOUN,озимь,,,
1662,53609,47202,huodar,lud,NOUN,ножны,,923,B351
1663,53607,47200,huodr,lud,NOUN,ножны,,923,B351
1664,53608,47201,huodre,lud,NOUN,ножны,,923,B351
1665,73203,62408,huogastuda,lud,VERB,отдыхать,,,
1666,57604,50698,huogavuda,lud,VERB,отдыхать,,1278,B43
1667,55102,48486,huogiš,lud,ADJ,дешевый,,1060,B36
1668,33480,28820,huogiš,lud,ADV,дёшево,,,
1669,72566,61843,huohehembi,lud,ADJ,дешевле,,,
1670,49444,43354,huole,lud,NOUN,забота,,570,B17
1671,49571,43452,huolitada,lud,VERB,торопиться,,579,B17
1672,49445,43355,huol’,lud,NOUN,забота,,570,B17
1673,77977,66603,huomaita,lud,VERB,замечать,,,
1674,59106,52080,huomei,lud,ADV,завтра,,1404,C3
1675,15894,14331,huomen,lud,ADV,завтра,,1404,C3
1676,15895,14332,huomend’älges,lud,ADV,послезавтра,,,
1677,76539,65322,huomenekš,lud,ADV,назавтра,,,
1678,59046,52020,huomenč,lud,NOUN,утро,,1398,C3
1679,59045,52019,huomes,lud,NOUN,утро,,1398,C3
1680,15986,14423,huomessyöm,lud,NOUN,завтрак,,,
1681,49758,43623,huomesčaju,lud,NOUN,завтрак,,596,B181
1682,15887,14324,huomez,lud,NOUN,утро	,,,
1683,78760,67297,huomneščaju,lud,NOUN,завтрак,,596,B181
1684,82362,70274,huondekselline,lud,ADJ,утренний,,,
1685,59039,52013,huondes,lud,NOUN,утро,,1398,C3
1686,72917,62168,huondez,lud,NOUN,утро,,,
1687,59044,52018,huonduz,lud,NOUN,утро,,1398,C3
1688,55277,48639,huoneh,lud,NOUN,жилище,,1075,B371
1689,45918,40070,huono,lud,ADJ,слабый (о человеке),,327,B12
1690,51686,40070,huono,lud,ADJ,плохой,,739,B23
1691,90436,77521,huonuz,lud,NOUN,"постройка, пристройка",,,
1692,51799,45552,huos’t’a,lud,VERB,тереть,,753,B31
1693,49516,43397,huovata,lud,VERB,намереваться,,575,B17
1694,35132,30236,hura,lud,ADJ,левый,,1366,C2
1695,72591,61867,hurah,lud,ADV,налево,,,
1696,76283,65116,hural,lud,ADV,влево,,,
1697,72590,61866,hurale,lud,ADV,налево,,,
1698,42438,36726,hurme,lud,NOUN,иней,hoarfrost,36,A12
1699,56268,49528,hursti,lud,NOUN,половик,,1176,B375
1700,84997,72507,hurstiine,lud,NOUN,половичок,,,
1701,50926,44719,hurstiine,lud,NOUN,простыня,,694,B182
1702,56269,49529,hurst’,lud,NOUN,половик,,1176,B375
1703,77322,65998,hutoraine,lud,NOUN,хуторок,,,
1704,49934,43787,huttu,lud,NOUN,"каша из муки, загуста",,612,B181
1705,53698,47279,huude,lud,NOUN,иней,hoarfrost,36,A12
1706,42435,36723,huudeh,lud,NOUN,иней,hoarfrost,36,A12
1707,51914,45647,huuht,lud,NOUN,подсека,,761,B321
1708,51907,45640,huuhta,lud,NOUN,подсека,,761,B321
1709,56258,49518,huuhtoda,lud,VERB,полоскать,,1175,B375
1710,56259,49519,huuhtuoda,lud,VERB,полоскать,,1175,B375
1711,46369,40498,huukta,lud,VERB,кричать,,359,B12
1712,72642,61917,huulet,lud,NOUN,губы,,,
1713,33467,28808,huuli,lud,NOUN,губа,,355,B12
1714,46299,40431,huul’,lud,NOUN,губа,,355,B12
1715,73278,62474,hvataita,lud,VERB,хватать,,,
1716,91316,78396,hypnidä,lud,VERB,прыгнуть,,,
1717,47728,41764,hyppida,lud,VERB,"скакать, прыгать",,456,B15
1718,73223,62424,hyppidä,lud,VERB,прыгать (скакать),,456,B15
1719,45201,39392,hyppijäine,lud,NOUN,блоха,,269,A44
1720,45202,39393,hyppijääne,lud,NOUN,блоха,,269,A44
1721,73018,62260,hypästädä,lud,VERB,вспорхнуть,,,
1722,73015,62257,hypästädäkseh,lud,VERB,вздрагивать,,,
1723,47730,41766,hyp’ta,lud,VERB,"скакать, прыгать",,456,B15
1724,89982,77067,hysettädä,lud,VERB,шлёпать,,,
1725,72825,62087,hyubi,lud,NOUN,сова,,,
1726,44827,39028,hyubjy,lud,NOUN,сова,owl,236,A42
1727,44828,39029,hyubyö,lud,NOUN,сова,owl,236,A42
1728,73144,62368,hyvin,lud,ADV,хорошо,,,
1729,73145,62369,hyvin puuttuu,lud,PHRASE,клев (хорошо попадает),,,
1730,78197,66796,hyvyz,lud,NOUN,доброта,,,
1731,24864,22127,hyvä,lud,ADJ,"хороший, добрый",,737,B23
1732,72586,61862,hyvä,lud,ADV,ладно (хорошо),,,
1733,77985,66611,hyväižesti,lud,ADV,"хорошенько, как следует",,,
1734,78240,66833,hyvänroduine,lud,ADJ,породистый,,,
1735,74648,63706,hyväroduine,lud,ADJ,породистый,,,
1736,78233,66826,hyväsydämelline,lud,ADJ,добрый,,,
1737,76280,65113,hyväžešči,lud,ADV,вежливо,,,
1738,44826,39027,hyybii,lud,NOUN,сова,owl,236,A42
1739,74632,63690,hyö,lud,PRON,они,they,311,B11
1740,51442,45210,hädä,lud,NOUN,беда,,730,B22
1741,89763,76856,häi,lud,PRON,"он, она",,,
1742,91267,78355,häibäitä,lud,VERB,махнуть,,,
1743,14880,13408,häin,lud,PRON,он,he,310,B11
1744,83488,71166,häivydä,lud,VERB,исчезать,,,
1745,52909,46558,häkk,lud,NOUN,бык,,851,B331
1746,32666,28301,häkki,lud,NOUN,бык,,851,B331
1747,48063,42071,häkuttädä,lud,VERB,мешать (быть помехой),,478,B15
1748,33462,28803,häkyttäi,lud,NOUN,грыжа,,,
1749,45186,39377,hämähäik,lud,NOUN,паук,,267,A44
1750,45185,39376,hämähäkk,lud,NOUN,паук,,267,A44
1751,45182,39373,hämähäkki,lud,NOUN,паук,,267,A44
1752,42269,36562,hämäri,lud,NOUN,сумерки,"twilight, dusk",19,A12
1753,42273,36566,hämäräine,lud,NOUN,сумерки,"twilight, dusk",19,A12
1754,42274,36567,hämär’,lud,NOUN,сумерки,"twilight, dusk",19,A12
1755,48440,42410,hämästyöittada,lud,VERB,пугать,,504,B15
1756,45763,39923,hän,lud,PRON,он,he,310,B11
1757,53009,46658,händ,lud,NOUN,хвост,,859,B331
1758,53013,46662,hände,lud,NOUN,хвост,,859,B331
1759,44195,38412,händikäs,lud,NOUN,волк,wolf,178,A412
1760,90708,77799,händäine,lud,NOUN,хвостик,,,
1761,90360,77433,händätüöi,lud,ADJ,бесхвостый,,,
1762,52906,46555,härg,lud,NOUN,бык,,851,B331
1763,52908,46557,härge,lud,NOUN,бык,,851,B331
1764,55859,49168,härkim,lud,NOUN,мутовка,,1132,B373
1765,82342,70254,härkin,lud,NOUN,мутовка,,,
1766,55862,49171,härkkim,lud,NOUN,мутовка,,1132,B373
1767,90355,77428,hätkekse,lud,ADV,надолго,,,
1768,90156,77234,hätkembi,lud,ADV,дольше,,,
1769,23940,21420,hätken,lud,ADV,долго,,,
1770,76617,65385,hät’kemb,lud,ADV,подольше,,,
1771,34414,29598,hät’ken,lud,ADV,долго,,,
1772,47202,41294,hävittada,lud,VERB,терять,,422,B15
1773,78435,41294,hävittada,lud,VERB,уничтожать,,,
1774,78436,41294,hävittada,lud,VERB,избавиться,,,
1775,78437,41294,hävittada,lud,VERB,ликвидировать,,,
1776,47199,41291,hävittädä,lud,VERB,терять,,422,B15
1777,78432,41291,hävittädä,lud,VERB,уничтожать,,,
1778,78433,41291,hävittädä,lud,VERB,избавиться,,,
1779,78434,41291,hävittädä,lud,VERB,ликвидировать,,,
1780,47201,41293,hävittäi,lud,VERB,терять,,422,B15
1781,53191,46821,höihen,lud,NOUN,пух,,206,A42
1782,42290,36583,höir,lud,NOUN,пар,"steam, vapor",21,A12
1783,46363,40492,hölöttada,lud,VERB,кричать,,359,B12
1784,47682,41718,höraštuda,lud,VERB,проснуться,,452,B15
1785,52604,46283,hörč,lud,NOUN,прясло,,821,B324
1786,52606,46285,hörčče,lud,NOUN,прясло,,821,B324
1787,52030,45763,höstö,lud,NOUN,навоз,,774,B321
1788,53190,46820,höuhen,lud,NOUN,пух,,206,A42
1789,72711,61977,höuhenyt,lud,NOUN,перышко,,,
1790,53189,46819,höuhen’,lud,NOUN,пух,,206,A42
1791,44484,38693,höyhen,lud,NOUN,пух,"Soft, fluffy immature feathers which grow on young birds",206,A42
1792,82094,38693,höyhen,lud,NOUN,перо (птичье),,,
1793,44488,38697,höyhen’,lud,NOUN,пух,"Soft, fluffy immature feathers which grow on young birds",206,A42
1794,42288,36581,höyry,lud,NOUN,пар,"steam, vapor",21,A12
1795,72669,61938,höšte,lud,NOUN,навоз,,,
1796,72622,61898,höštehango,lud,NOUN,вилы (навозные),,,
1797,52090,45787,höštekogo,lud,NOUN,навозная куча,,775,B321
1798,52029,45762,höštö,lud,NOUN,навоз,,774,B321
1799,52088,45785,höštötukku,lud,NOUN,навозная куча,,775,B321
1800,23857,21348,i,lud,CCONJ,и,,,
1801,50203,44025,idi,lud,NOUN,солод,,635,B181
1802,50204,44026,idid’auh,lud,NOUN,солод,,635,B181
1803,50200,44022,idu,lud,NOUN,солод,,635,B181
1804,50199,44021,idud’auho,lud,NOUN,солод,,635,B181
1805,52195,45891,iduoine,lud,NOUN,росток,,784,B321
1806,52194,45890,id’uoine,lud,NOUN,росток,,784,B321
1807,49590,43471,iga,lud,NOUN,возраст,,581,B17
1808,78133,43471,iga,lud,NOUN,век,,,
1809,78134,43471,iga,lud,NOUN,жизнь,,,
1810,76532,65315,igakši,lud,ADV,навек,,,
1811,33479,28819,igen,lud,NOUN,десна,,,
1812,46249,40381,igenet,lud,NOUN,десны,,349,B12
1813,72987,62233,igen’,lud,NOUN,десна,,,
1814,49589,43470,igä,lud,NOUN,возраст,,581,B17
1815,90324,77399,igälline,lud,ADJ,"взрослый, в возрасте",,,
1816,78505,67077,igässäh,lud,ADV,никогда в жизни,,,
1817,51357,45125,igäv,lud,NOUN,"печаль, тоска",,724,B22
1818,76570,65347,igävašči,lud,ADV,невесело,,,
1819,76709,65468,igäväšči,lud,ADV,уныло,,,
1820,78185,66785,igävöita,lud,VERB,"скучать, тосковать",,,
1821,58331,51378,ihan,lud,ADV,совсем,,1340,C1
1822,78085,66699,ihastelda,lud,VERB,радоваться,,,
1823,51240,45018,ihastuda,lud,VERB,"обрадоваться, радоваться",,718,B22
1824,78286,66873,ihastuz,lud,NOUN,восторг,,,
1825,91679,78754,ihaštuda,lud,VERB,восхищаться,,,
1826,90110,77188,ihmine,lud,NOUN,"женщина, хозяйка",,,
1827,46186,40324,iho,lud,NOUN,лицо,,344,B12
1828,74713,63766,ik,lud,PART,ли,,,
1829,55669,48986,ikkun,lud,NOUN,окно,,1111,B372
1830,90184,77262,ikkunaine,lud,NOUN,"окошко, оконце",,,
1831,44885,39080,ikr,lud,NOUN,икра (рыбья),"roe, spawn (of fish)",241,A43
1832,46633,40748,ikränk,lud,NOUN,икра ноги,,380,B12
1833,44242,38458,ilbes’,lud,NOUN,рысь,lynx,183,A412
1834,49773,43638,ildaane,lud,NOUN,ужин,,598,B181
1835,49770,43635,ildaine,lud,NOUN,ужин,,598,B181
1836,49768,43633,ildane,lud,NOUN,ужин,,598,B181
1837,59060,52034,ilde,lud,NOUN,вечер,,1400,C3
1838,42156,36452,ilm,lud,NOUN,погода,weather,8,A12
1839,78041,36452,ilm,lud,NOUN,свет,,,
1840,78042,36452,ilm,lud,NOUN,воздух,,,
1841,78043,36452,ilm,lud,NOUN,природа,,,
1842,78044,36452,ilm,lud,NOUN,мир,,,
1843,55225,48609,ilmaa,lud,ADV,"даром, бесплатно",,1072,B36
1844,55224,48608,ilmai,lud,ADV,"даром, бесплатно",,1072,B36
1845,42157,36453,ilme,lud,NOUN,погода,weather,8,A12
1846,76733,65490,ilmis,lud,ADV,явно,,,
1847,77994,66620,ilmoittada,lud,VERB,"объявлять, провозглашать",,,
1848,57579,50673,ilo,lud,NOUN,веселье,,1277,B43
1849,44236,38452,ilves,lud,NOUN,рысь,lynx,183,A412
1850,44241,38457,ilvez,lud,NOUN,рысь,lynx,183,A412
1851,89771,76864,il’l’end’iä,lud,NOUN,гололёд,,,
1852,33395,28748,il’mižin,lud,ADV,"вьявь  (глазами вижу), наяву",,,
1853,49738,43603,imedä,lud,VERB,сосать,,594,B181
1854,50201,44023,imeli,lud,NOUN,солод,,635,B181
1855,50202,44024,imel’,lud,NOUN,солод,,635,B181
1856,90242,77318,iminkummaine,lud,ADJ,"негожий, небрежный, нелепый",,,
1857,90197,77275,iminkummin,lud,ADV,кое-как,,,
1858,76574,65351,imminkummin,lud,ADV,нелепо,,,
1859,76612,65351,imminkummin,lud,ADV,плохо,,,
1860,76729,65351,imminkummin,lud,ADV,шиворот-навыворот,,,
1861,45460,39638,inehmine,lud,NOUN,женщина,,287,B11
1862,45466,39642,inehmoi,lud,NOUN,женщина,,287,B11
1863,77892,66522,informant,lud,NOUN,информант,,,
1864,25047,22263,ingermalaine,lud,ADJ,ингерманландский,,,
1865,77874,66505,institut,lud,NOUN,институт,,,
1866,91685,78760,instituut,lud,NOUN,институт,,,
1867,78423,67003,internat,lud,NOUN,интернат,,,
1868,74669,63724,internuot,lud,NOUN,Интернет,,,
1869,77924,66554,intres,lud,NOUN,интерес,,,
1870,77933,66562,intresaine,lud,ADJ,интересный,,,
1871,90916,77997,int’eresnuoi,lud,ADJ,интересный,,,
1872,51578,45339,irvištada,lud,VERB,дразнить,,736,B23
1873,51581,45342,irvištelta,lud,VERB,дразнить,,736,B23
1874,89764,76857,itkedä,lud,VERB,плакать,,,
1875,51374,45142,itkei,lud,VERB,плакать,,726,B22
1876,78028,66647,itkendvirž,lud,NOUN,плач,,,
1877,49265,43175,itkettaj,lud,NOUN,плакальщица,,555,B17
1878,78000,66626,itkettäi,lud,NOUN,плакальщица,,,
1879,49264,43174,itkettäjä,lud,NOUN,плакальщица,,555,B17
1880,78058,66672,itku,lud,NOUN,плач,,,
1881,83410,71108,it’keda,lud,VERB,плакать,,726,B22
1882,83411,71109,it’kedä,lud,VERB,плакать,,726,B22
1883,78591,67148,it’kta,lud,VERB,плакать,,,
1884,51379,45147,it’t’a,lud,VERB,плакать,,726,B22
1885,51230,45008,izo,lud,ADJ,милый,,717,B22
1886,54299,47835,izr,lud,NOUN,"сало, жир",,987,B353
1887,54298,47834,izre,lud,NOUN,"сало, жир",,987,B353
1888,34902,30020,izvesti,lud,NOUN,известь,,,
1889,90113,77191,izvestida,lud,VERB,"известить, сообщить",,,
1890,90924,78005,izvoššikke,lud,NOUN,извозчик,,,
1891,90354,77427,izvoššikuoita,lud,VERB,быть извозчиком,,,
1892,49267,43177,iänel itkijä,lud,PHRASE,плакальщица,,555,B17
1893,91662,78735,iänelitkettäi,lud,NOUN,плакальщица,,,
1894,76258,65092,iänetta,lud,ADV,безмолвно,,,
1895,82360,70272,iänetöi,lud,ADJ,безголосый,,,
1896,33439,28782,iäni,lud,NOUN,звук,,,
1897,33440,28782,iäni,lud,NOUN,голос,,358,B12
1898,78060,66674,iäniarhiv,lud,NOUN,Фонограммархив,,,
1899,46323,40455,iän’,lud,NOUN,голос,,358,B12
1900,78526,67096,iäre,lud,ADV,прочь,,,
1901,83344,71053,iäreh,lud,ADV,"назад, прочь, долой",,,
1902,83343,71052,iäres,lud,ADV,"прочь, вон, долой",,,
1903,45775,39935,iče,lud,PRON,"сам (сама, само)",,312,B11
1904,73011,62255,iškeda,lud,VERB,"вбивать, забивать, ударять",,469,B15
1905,73171,62387,iškedä,lud,VERB,"ударять, ударить",,,
1906,73172,62387,iškedä,lud,VERB,"вбивать, вбить",,,
1907,73173,62387,iškedä,lud,VERB,"забивать, резать скот",,,
1908,73174,62387,iškedä,lud,VERB,бить,,,
1909,73175,62387,iškedä,lud,VERB,"стучать, стукнуть",,,
1910,73176,62387,iškedä,lud,VERB,"приколачивать, приколотить",,,
1911,81911,69912,iškei,lud,VERB,ударять,,469,B15
1912,56038,49332,iškim,lud,NOUN,"кресало, огниво",,1150,B374
1913,47909,41933,iškta,lud,VERB,ударять,,469,B15
1914,47745,41781,išta,lud,VERB,сидеть,,457,B15
1915,47908,41781,išta,lud,VERB,ударять,,469,B15
1916,83497,71175,ištuda,lud,VERB,сидеть,,,
1917,47744,41780,ištuda,lud,VERB,сидеть,,457,B15
1918,89939,77028,ištuttada,lud,VERB,посадить,,,
1919,56854,49986,iža,lud,NOUN,отец,,1220,B412
1920,16078,14515,ižand,lud,NOUN,хозяин,,1250,B412
1921,78183,66783,ižandoičus,lud,NOUN,хозяйство,,,
1922,56923,50055,ižindam,lud,NOUN,отчим,,1224,B412
1923,56921,50053,ižindäm,lud,NOUN,отчим,,1224,B412
1924,56853,49985,ižä,lud,NOUN,отец,,1220,B412
1925,77257,65935,ižänd,lud,NOUN,хозяин,,,
1926,57210,50316,ižände,lud,NOUN,хозяин,,1250,B412
1927,15869,14306,ižännimi,lud,NOUN,отчество,,,
1928,72974,62220,jad,lud,NOUN,яд,,,
1929,85937,73355,jamščikke,lud,NOUN,ямщик,,,
1930,72981,62227,jantari,lud,NOUN,янтарь,,,
1931,72982,62228,jarmankke,lud,NOUN,ярмарка,,,
1932,72976,62222,jazi,lud,NOUN,язь,,,
1933,72983,62229,jaščikke,lud,NOUN,ящик,,,
1934,44416,38631,ježa,lud,NOUN,ёж,hedgehog (animal),199,A412
1935,77292,65969,jo,lud,ADV,уже,,,
1936,15943,14380,johtai,lud,NOUN,директор ,,,
1937,91258,78346,jorši,lud,NOUN,ёрш,,,
1938,44419,38634,jož,lud,NOUN,ёж,hedgehog (animal),199,A412
1939,44418,38633,jožik,lud,NOUN,ёж,hedgehog (animal),199,A412
1940,72970,62216,jubke,lud,NOUN,юбка,,,
1941,73988,63079,k,lud,PART,"да, а",,,
1942,23853,21344,ka,lud,PART,"да, а",,,
1943,91401,78487,kaadada,lud,VERB,рубить,,,
1944,47152,41245,kaarita,lud,VERB,пахнуть,,419,B12
1945,89644,76740,kabakke,lud,NOUN,кабак,,,
1946,56970,50102,kabaluoita,lud,VERB,пеленать,,1228,B413
1947,56969,50101,kabaluoitta,lud,VERB,пеленать,,1228,B413
1948,56971,50103,kabaluuta,lud,VERB,пеленать,,1228,B413
1949,78759,67296,kabd,lud,NOUN,копыто,,858,B331
1950,52997,46646,kabde,lud,NOUN,копыто,,858,B331
1951,52998,46647,kabd’,lud,NOUN,копыто,,858,B331
1952,56453,49672,kablas,lud,NOUN,копыл,,1190,B38
1953,56454,49673,kablaz,lud,NOUN,копыл,,1190,B38
1954,54860,48316,kabluk,lud,NOUN,каблук,,1040,B356
1955,73270,62466,kabrastada,lud,VERB,убирать,,,
1956,51818,45571,kabrastai,lud,VERB,прибирать (в квартире),,754,B31
1957,56347,45571,kabrastai,lud,VERB,убирать (в доме),,,
1958,35012,30120,kabu,lud,NOUN,снежный ком,,,
1959,51403,45171,kabuta,lud,VERB,обнимать,,728,B22
1960,47047,41141,kacta,lud,VERB,смотреть,,410,B12
1961,43269,37513,kadag,lud,NOUN,можжевельник,juniper,121,A323
1962,33340,28696,kadai,lud,NOUN,вереск,,,
1963,43268,28696,kadai,lud,NOUN,можжевельник,juniper,121,A323
1964,91326,78406,kadilo,lud,NOUN,кадило,,,
1965,89948,77035,kadoda,lud,VERB,"теряться, пропадать",,,
1966,72726,61991,kadomine,lud,NOUN,потеря,,,
1967,47198,41290,kadotada,lud,VERB,терять,,422,B15
1968,47200,41292,kadottai,lud,VERB,терять,,422,B15
1969,34911,30029,kaftan,lud,NOUN,кафтан,,660,B182
1970,90778,77866,kaftanaine,lud,NOUN,кафтанчик,,,
1971,46428,40555,kagl,lud,NOUN,шея,,362,B12
1972,46430,40557,kagle,lud,NOUN,шея,,362,B12
1973,50758,44553,kagleniitti,lud,NOUN,бусы,,683,B182
1974,72621,61897,kaglenit’t’i,lud,NOUN,бусы,,683,B182
1975,33377,28730,kaglus,lud,NOUN,воротник,,,
1976,83363,71070,kagluz,lud,NOUN,воротник,,,
1977,43759,37996,kagr,lud,NOUN,овес,avena,141,A33
1978,43761,37998,kagre,lud,NOUN,овёс,avena,141,A33
1979,58515,51537,kaheca,lud,NUM,восемь,,1357,C1
1980,3548,3518,kaheksa,lud,NUM,восемь,,1357,C1
1981,78050,66664,kaheksatošte,lud,NUM,восемнадцать,,,
1982,58517,51539,kahesa,lud,NUM,восемь,,1357,C1
1983,35846,30825,kahtei,lud,ADV,вдвоём,,,
1984,76538,65321,kahtekš,lud,ADV,надвое,,,
1985,76276,65109,kahten,lud,ADV,вдвоём,,,
1986,23852,21343,kai,lud,PRON,"все, всё",,,
1987,58486,21343,kai,lud,PRON,весь,,1343,C1
1988,58714,51725,kaid,lud,ADJ,узкий,,1376,C2
1989,58716,51727,kaide,lud,ADJ,узкий,,1376,C2
1990,42703,36977,kaiduz,lud,NOUN,пролив,strait,57,A21
1991,58380,51427,kaik,lud,PRON,весь,,1343,C1
1992,76535,65318,kaikekš aigakš,lud,ADV,навсегда,,,
1993,78180,66780,kaikenaigan,lud,ADV,"постоянно, всё время",,,
1994,91396,78482,kaikennyttyine,lud,ADJ,всевозможный,,,
1995,59142,52116,kaikeči,lud,ADV,всегда,,1408,C3
1996,77325,66001,kaikin,lud,ADV,всего,,,
1997,88261,75459,kaikkiedah,lud,ADV,всего,,,
1998,47191,41283,kaimata,lud,VERB,терять,,422,B15
1999,49668,41283,kaimata,lud,VERB,провожать,,577,B17
2000,57214,50320,kaime,lud,NOUN,тезка,,1251,B412
2001,46449,40576,kaimoul,lud,NOUN,подмышки,,364,B12
2002,46447,40574,kainalo,lud,NOUN,подмышки,,364,B12
2003,91225,78314,kaini,lud,ADJ,полотняный,,,
2004,55318,48671,kaiv,lud,NOUN,колодец,,1079,B371
2005,52100,45797,kaivada,lud,VERB,"копать, рыть",,776,B321
2006,54475,45797,kaivada,lud,VERB,долбить,,995,B354
2007,52101,45798,kaivai,lud,VERB,копать,,776,B321
2008,52102,45799,kaivda,lud,VERB,копать,,776,B321
2009,54474,45799,kaivda,lud,VERB,долбить,,995,B354
2010,55317,48670,kaivo,lud,NOUN,колодец,,1079,B371
2011,42969,37225,kaižle,lud,NOUN,камыш,"cane, rush, reed",85,A31
2012,44679,38885,kajag,lud,NOUN,чайка,seagull,222,A42
2013,42226,36519,kajos,lud,ADJ,ясный (о погоде),clear; lucid,14,A12
2014,44678,38884,kajuoi,lud,NOUN,чайка,seagull,222,A42
2015,44664,38870,kakač,lud,NOUN,гагара,loon,221,A42
2016,3557,3527,kaks,lud,NUM,два,,,
2017,58447,51494,kakse,lud,NUM,два,,1351,C1
2018,91478,78556,kaksid’-etuažahine,lud,ADJ,двухэтжный,,,
2019,78122,66733,kaksižed,lud,NOUN,близнецы,,,
2020,89585,76686,kakskopeikkahine,lud,ADJ,двухкопеечный,,,
2021,89721,76814,kakstošte,lud,NUM,двенадцать,,,
2022,58448,51495,kaks’,lud,NUM,два,,1351,C1
2023,78598,67154,kaks’kymmen,lud,NUM,двадцать,,,
2024,15881,14318,kaks’tošt,lud,NUM,двенадцать ,,,
2025,90344,77419,kaku,lud,SCONJ,"как, как будто, словно",,,
2026,58445,51492,kakš,lud,NUM,два,,1351,C1
2027,91784,78858,kakšinaižed,lud,NOUN,близнецы,,,
2028,44834,39035,kala,lud,NOUN,рыба,fish,237,A43
2029,73180,62391,kala eläy,lud,PHRASE,плещется (рыба играет),,,
2030,53265,46894,kalaiduoittada,lud,VERB,сбивать (масло),,885,B333
2031,72791,62053,kalaine,lud,NOUN,рыбка,,,
2032,77043,65748,kalakas,lud,ADJ,рыбный,,,
2033,44668,38874,kalalokki,lud,NOUN,чайка,,222,A42
2034,53992,47553,kalastada,lud,VERB,"ловить, промышлять рыбу",,958,B353
2035,54232,47768,kalettida,lud,VERB,ботать,,979,B353
2036,90774,77862,kalidore,lud,NOUN,коридор,,,
2037,34987,30096,kalina,lud,NOUN,калина,,,
2038,72567,61844,kallehembi,lud,ADJ,дороже,,,
2039,76473,65272,kallehešči,lud,ADV,дорого,,,
2040,91647,78720,kallis,lud,ADJ,дорогой,,,
2041,42763,37034,kallivo,lud,NOUN,скала,rock,66,A22
2042,33483,28823,kalliš,lud,ADJ,дорогой,,1059,B36
2043,85070,72576,kalliž,lud,ADJ,дорогой,,,
2044,49284,43194,kalm,lud,NOUN,могила,,557,B17
2045,49287,43197,kalme,lud,NOUN,могила,,557,B17
2046,35006,30114,kalmižmua,lud,NOUN,кладбище,,,
2047,54455,47949,kalu,lud,NOUN,палка,,998,B354
2048,54102,47638,kaludin,lud,NOUN,планка для вязания сетей,,967,B353
2049,54890,48346,kal’džut,lud,NOUN,паголенки,,1044,B356
2050,43694,37932,kal’l’,lud,NOUN,скала,rock,66,A22
2051,42766,37037,kal’l’o,lud,NOUN,скала,rock,66,A22
2052,54887,48343,kal’žut,lud,NOUN,паголенки,,1044,B356
2053,77880,66511,kamera,lud,NOUN,видеокамера,,,
2054,35011,30119,kamod,lud,NOUN,комод,,,
2055,35076,30182,kana,lud,NOUN,курица,,875,B332
2056,43848,38077,kanabr,lud,NOUN,вереск,heather,149,A35
2057,43846,38075,kanabro,lud,NOUN,вереск,heather,149,A35
2058,91275,78362,kanaine,lud,NOUN,курочка,,,
2059,53148,46778,kanankoda,lud,NOUN,курятник,,,
2060,72940,62189,kananpoige,lud,NOUN,цыплёнок,,,
2061,34913,30031,kanave,lud,NOUN,канава,,,
2062,51776,45529,kanbaz,lud,NOUN,ноша,,752,B31
2063,43029,37284,kand,lud,NOUN,пень,"stump, stub, rampike",92,A321
2064,46606,40722,kand,lud,NOUN,пятка,,378,B12
2065,54956,40722,kand,lud,NOUN,каблук,,1040,B356
2066,73124,62348,kandada,lud,VERB,нести,,,
2067,48350,42327,kandai,lud,VERB,нести,,499,B15
2068,51773,45526,kandalmus,lud,NOUN,ноша,,752,B31
2069,46599,40716,kandanpiä,lud,NOUN,пятка,,378,B12
2070,53252,46881,kandates,lud,NOUN,сметана,,884,B333
2071,78037,66655,kandattada,lud,VERB,поддерживать,,,
2072,78272,66861,kandatuz,lud,NOUN,поддержка,,,
2073,46608,40724,kande,lud,NOUN,пятка,,378,B12
2074,54955,40724,kande,lud,NOUN,каблук,,1040,B356
2075,57529,50623,kandeleh,lud,NOUN,кантеле,,1273,B43
2076,73126,62350,kandelta,lud,VERB,носить,,,
2077,46607,40723,kandepiä,lud,NOUN,пятка,,378,B12
2078,43028,37283,kando,lud,NOUN,пень,"stump, stub, rampike",92,A321
2079,52152,45848,kang,lud,NOUN,кол,,781,B321
2080,43120,37371,kangas,lud,NOUN,бор,pine forest,105,A322
2081,54895,48350,kangas,lud,NOUN,"домотканая материя, ткань",,1012,B356
2082,54687,48143,kangasbrujat,lud,NOUN,"кросна, стан",,1020,B356
2083,54684,48140,kangashagot,lud,NOUN,"кросна, стан",,1020,B356
2084,54682,48138,kangaspuut,lud,NOUN,"кросна, стан",,1020,B356
2085,54692,48148,kangasstavinad,lud,NOUN,"кросна, стан",,1020,B356
2086,54625,48081,kangaz,lud,NOUN,"домотканая материя, ткань",,1012,B356
2087,53249,46878,kannates,lud,NOUN,сметана,,884,B333
2088,48351,42328,kanta,lud,VERB,нести,,499,B15
2089,53253,46882,kantes,lud,NOUN,сметана,,884,B333
2090,48349,42326,kantta,lud,VERB,нести,,499,B15
2091,53251,46880,kanttez,lud,NOUN,сметана,,884,B333
2092,45476,39652,kanz,lud,NOUN,"народ, люди",,288,B11
2093,57091,39652,kanz,lud,NOUN,семья,,1218,B412
2094,25048,22264,kanzallizus,lud,NOUN,национальность,,,
2095,15781,14223,kanzalližuus,lud,NOUN,национальность,,,
2096,78757,67295,kanze,lud,NOUN,"народ, люди",,288,B11
2097,78758,67295,kanze,lud,NOUN,семья,,1218,B412
2098,50477,44290,kapotte,lud,NOUN,платье,,661,B182
2099,52996,46645,kapputt,lud,NOUN,копыто,,858,B331
2100,89941,77030,kapuste,lud,NOUN,капуста,,,
2101,85933,73351,kapustekerä,lud,NOUN,качан капусты,,,
2102,91235,78324,karabli,lud,NOUN,корабль,,,
2103,49349,43259,karaitta,lud,VERB,храпеть (о человеке),,563,B17
2104,49351,43261,karaittada,lud,VERB,храпеть (о человеке),,563,B17
2105,34988,30097,karandaš,lud,NOUN,карандаш,,1294,B511
2106,57779,50863,karandašše,lud,NOUN,карандаш,,1294,B511
2107,34916,30033,karassi,lud,NOUN,карась,,,
2108,34993,30101,karassin,lud,NOUN,керосин,,,
2109,54567,48041,karastada,lud,VERB,калить,,1008,B355
2110,91707,78779,karaule,lud,NOUN,караул,,,
2111,91203,78292,karavul,lud,NOUN,караул,,,
2112,90074,77152,karavulida,lud,VERB,караулить,,,
2113,90126,77204,karavuule,lud,NOUN,караул,,,
2114,74599,63655,kard’alaine,lud,NOUN,карел,,,
2115,77997,66623,kard’alane,lud,ADJ,карельский,,,
2116,78166,66766,kard’alankieline,lud,ADJ,карелоязычный,,,
2117,57483,50578,kargaata,lud,VERB,"танцевать, плясать",,1269,B43
2118,72582,61858,karged,lud,ADV,горько,,,
2119,33431,28776,karged,lud,ADJ,горький,,629,B181
2120,50137,43972,kargei,lud,ADJ,горький,,629,B181
2121,49337,43247,karišta,lud,VERB,храпеть (о человеке),,563,B17
2122,77272,65949,karjal,lud,NOUN,карельский язык,,,
2123,57346,50447,karjalaažet,lud,NOUN,карелы,,1261,B42
2124,57357,50458,karjalad,lud,NOUN,карелы,,1261,B42
2125,15779,14221,karjalaine,lud,NOUN,карел	,,,
2126,57358,50459,karjalaižed,lud,NOUN,карелы,,1261,B42
2127,53056,46705,karku,lud,NOUN,ярка,,865,B331
2128,53058,46707,karrk,lud,NOUN,ярка,,865,B331
2129,78017,66639,kart,lud,NOUN,карта,,,
2130,55959,49268,kart,lud,NOUN,корыто,,1143,B373
2131,78018,66639,kart,lud,NOUN,билет,,,
2132,78019,66639,kart,lud,NOUN,удостоверение,,,
2133,53473,47074,kartat,lud,NOUN,чесалки для шерсти,,906,B34
2134,35037,30145,karte,lud,NOUN,корыто,,1143,B373
2135,34984,30093,kartinke,lud,NOUN,картинка,,,
2136,90915,77996,kartita,lud,VERB,чесать шерсть,,,
2137,34910,30028,kartofei,lud,NOUN,картофель,,,
2138,53374,46977,kartofel’,lud,NOUN,картофель,,894,B34
2139,53375,46978,kartofeu,lud,NOUN,картофель,,894,B34
2140,53376,46979,kartohk,lud,NOUN,картофель,,894,B34
2141,91195,78284,kartočke,lud,NOUN,карточка,,,
2142,77351,66026,kartošku,lud,NOUN,картофель,,,
2143,77350,66025,kartoškupiirai,lud,NOUN,картофельный пирог; калитка,,,
2144,77346,66021,kartoškup’ure,lud,NOUN,пюре картофельное,,,
2145,55961,49270,kartt,lud,NOUN,корыто,,1143,B373
2146,55956,49265,kartta,lud,NOUN,корыто,,1143,B373
2147,53475,47076,kartti,lud,NOUN,чесалка для шерсти,,906,B34
2148,53478,47079,kart’t’,lud,NOUN,чесалки для шерсти,,906,B34
2149,51615,45376,karu,lud,ADJ,плохой,,739,B23
2150,44277,38493,karv,lud,NOUN,шерсть (волосяной покров животных),"fur, hair (animal hair or human body hair)",187,A412
2151,35729,30720,karvahaine,lud,ADJ,мохнатый,,,
2152,90980,78066,karvaine,lud,ADJ,имеющий цвет чего-либо,,,
2153,44279,38495,karve,lud,NOUN,шерсть (волосяной покров животных),"fur, hair (animal hair or human body hair)",187,A412
2154,55499,48842,karžin,lud,NOUN,подполье (в избе),,1095,B372
2155,54889,48345,karžut,lud,NOUN,паголенки,,1044,B356
2156,52013,45746,kases,lud,NOUN,подсека заросшая,,773,B321
2157,52015,45748,kaskes,lud,NOUN,подсека заросшая,,773,B321
2158,51909,45642,kaski,lud,NOUN,подсека,,761,B321
2159,46036,40179,kass,lud,NOUN,коса (заплетенные волосы),,335,B12
2160,35029,30137,kasse,lud,NOUN,коса (женская),,335,B12
2161,42243,36536,kaste,lud,NOUN,роса,dew,16,A12
2162,90683,77773,kastuda,lud,VERB,намокать,,,
2163,35016,30124,kasunuoraine,lud,NOUN,косоплётка,,,
2164,51912,45645,kas’k,lud,NOUN,подсека,,761,B321
2165,73017,62259,kataida,lud,VERB,вкатывать,,,
2166,91850,78923,katan’čad,lud,NOUN,валенки,,,
2167,47431,41499,katkaita,lud,VERB,переламывать,,438,B15
2168,34986,30095,katke,lud,NOUN,каток,,,
2169,90200,77278,katketa,lud,VERB,"лопнуть, сломаться",,,
2170,47432,41500,katkuoda,lud,VERB,переламывать,,438,B15
2171,55696,49013,katos,lud,NOUN,крыша,,1115,B372
2172,73079,62309,kattada,lud,VERB,закрывать,,,
2173,73097,62309,kattada,lud,VERB,крыть крышу,,,
2174,35036,30144,kattil,lud,NOUN,котёл,,1128,B373
2175,55697,49014,kattoz,lud,NOUN,крыша,,1115,B372
2176,50969,44762,katuhke,lud,NOUN,одеяло,,697,B182
2177,55698,49015,katus,lud,NOUN,крыша,,1115,B372
2178,50971,44764,katuz,lud,NOUN,одеяло,,697,B182
2179,55813,49122,kauh,lud,NOUN,ковш,,1125,B373
2180,56595,49122,kauh,lud,NOUN,черпак (в лодке),,1198,B38
2181,55814,49123,kauhe,lud,NOUN,ковш,,1125,B373
2182,35027,30135,kauho,lud,NOUN,ковшик,,,
2183,50463,44276,kauhtan,lud,NOUN,кафтан,,660,B182
2184,83489,71167,kaunis,lud,ADJ,красивый,,,
2185,45585,39754,kauniž,lud,ADJ,красивый,,293,B11
2186,54977,48370,kaupita,lud,VERB,торговать,,1046,B36
2187,55815,49124,kauvas,lud,NOUN,ковш,,1125,B373
2188,59300,52274,kauzi,lud,NOUN,период,,1419,C3
2189,89862,76953,kavati,lud,POSTP,через,,,
2190,53852,47430,kavazluud,lud,NOUN,помело,,945,B352
2191,53570,47163,kaza,lud,NOUN,пятка топора,,917,B351
2192,72777,62039,kazakke,lud,NOUN,работник,,,
2193,91725,78796,kazakoita,lud,VERB,батрачить,,,
2194,78756,67294,kazda,lud,VERB,расти,to grow,78,A31
2195,34982,30091,kazne,lud,NOUN,казна,,,
2196,42876,37138,kazvada,lud,VERB,расти,to grow,78,A31
2197,32637,28272,kazvain,lud,NOUN,бородавка,,,
2198,77294,65971,kazvattada,lud,VERB,выращивать,,,
2199,77295,65971,kazvattada,lud,VERB,воспитывать,,,
2200,78373,66956,kazvattai,lud,VERB,выращивать,,,
2201,15934,14371,kazvattai,lud,NOUN,воспитатель,,,
2202,78374,66956,kazvattai,lud,VERB,воспитывать,,,
2203,90946,78032,kazvaškada,lud,VERB,вырастать,,,
2204,42877,37139,kazvda,lud,VERB,расти,to grow,78,A31
2205,74608,63664,kačelta,lud,VERB,глядеть (пристально),,,
2206,78519,67091,kačohtada,lud,VERB,посмотреть,,,
2207,3488,3461,kaččoda,lud,VERB,смотреть,,410,B12
2208,78270,66859,kaččuoi,lud,NOUN,смотритель,,,
2209,51911,45644,kašk,lud,NOUN,подсека,,761,B321
2210,90522,77611,kaškan’čče,lud,NOUN,житель д. Кашканы,,,
2211,55924,49233,kaššali,lud,NOUN,кошель,,1139,B373
2212,55926,49235,kaššal’,lud,NOUN,кошель,,1139,B373
2213,24928,22165,kaži,lud,NOUN,кот; кошка,cat,171,A411
2214,78226,66819,kažiine,lud,NOUN,кошечка,,,
2215,78208,66805,kažingostinič,lud,NOUN,гостиница для животных (кошек),,,
2216,78207,66804,kažinkaččuoi,lud,NOUN,"котоняня (человек, который ухаживает за домашними любимцами, пока хозяева в отъезде)",,,
2217,44120,38341,kažinpoig,lud,NOUN,котёнок,kitten,172,A411
2218,78219,66815,kažinpoigaine,lud,NOUN,"котёнок, котёночек",,,
2219,35023,30131,kažinpoige,lud,NOUN,котёнок,,,
2220,42968,37224,kažl’,lud,NOUN,камыш,"cane, rush, reed",85,A31
2221,58230,51277,kebded,lud,ADJ,легкий (по весу),,1328,C1
2222,76626,65394,kebdedali,lud,ADV,полегоньку,,,
2223,76674,65436,kebdedašči,lud,ADV,слегка,,,
2224,76625,65393,kebdedemb,lud,ADV,полегче,,,
2225,58228,51275,kebdei,lud,ADJ,легкий (по весу),,1328,C1
2226,76549,65330,kebdykašči,lud,ADV,налегке,,,
2227,84704,72237,kebdäs,lud,ADV,легко,,,
2228,76525,65309,kebdäšči,lud,ADV,легко,,,
2229,58231,51278,kebd’,lud,ADJ,легкий (по весу),,1328,C1
2230,72587,61863,kebjed,lud,ADV,легко,,,
2231,35093,30199,kebjed,lud,ADJ,лёгкий,,,
2232,52009,45742,kedo,lud,NOUN,подсека заросшая,,773,B321
2233,52612,46291,kego,lud,NOUN,стог,,822,B324
2234,56114,49388,kegäleh,lud,NOUN,головешка,,1158,B374
2235,51613,45374,kehno,lud,ADJ,плохой,,739,B23
2236,34828,29948,kehno,lud,NOUN,дьявол,,,
2237,90873,77956,kehnolaine,lud,NOUN,чертовка,,,
2238,51618,45379,kehnuoine,lud,ADJ,плохой,,739,B23
2239,16041,14478,keijäine,lud,NOUN,копьё,,,
2240,16055,14492,keitandpert’,lud,NOUN,кухня,,,
2241,77337,66013,keiteltä,lud,VERB,жарить,,,
2242,77333,66009,keitinpiirai,lud,NOUN,свательный пирог,,,
2243,91854,78927,keitoz,lud,NOUN,"варево, суп",,,
2244,49796,43655,keitta,lud,VERB,варить,,599,B181
2245,49793,43652,keittada,lud,VERB,варить,,599,B181
2246,54617,43652,keittada,lud,VERB,паять,,1009,B355
2247,49794,43653,keittädä,lud,VERB,варить,,599,B181
2248,91027,78119,keittäi,lud,NOUN,повар,,,
2249,77316,65992,kel,lud,POSTP,с,,,
2250,44037,38260,keldaine,lud,ADJ,желтый,yellow,164,A36
2251,48725,42674,keldbolez’n’,lud,NOUN,желтуха,,520,B16
2252,43142,37390,keli,lud,NOUN,сосна кондовая,"pine with dense fine-grained wood, very strong",107,A322
2253,53450,47051,kelikuota,lud,VERB,трепать (лен),,902,B34
2254,58090,51154,kell,lud,NOUN,колокол,,1321,B52
2255,35044,30151,kello,lud,NOUN,колокол,,1321,B52
2256,35045,30152,kelloine,lud,NOUN,колокольчик,,,
2257,90198,77276,kellorihme,lud,NOUN,ошейник,,,
2258,43139,37389,kelo,lud,NOUN,сосна кондовая,"pine with dense fine-grained wood, very strong",107,A322
2259,16160,14600,ken,lud,PRON,кто,who,315,B11
2260,72992,62237,kenge,lud,NOUN,сапог,,,
2261,73131,62355,kengidä,lud,VERB,обуваться,,,
2262,15936,14373,kengänombelii,lud,NOUN,сапожник ,,,
2263,91816,78889,kengätoine,lud,ADJ,босой,,,
2264,72801,62063,kengätombelii,lud,NOUN,сапожник,,,
2265,76268,65102,kengätta,lud,ADV,босиком,,,
2266,76510,65296,kentahto,lud,PRON,кое-кто,,,
2267,76511,65296,kentahto,lud,PRON,кто-либо,,,
2268,76512,65296,kentahto,lud,PRON,кто-нибудь,,,
2269,54446,47940,keppi,lud,NOUN,палка,,998,B354
2270,14948,13473,ker,lud,POSTP,с,,,
2271,54653,48109,kera,lud,NOUN,клубок,,1017,B356
2272,46978,41072,keraažet,lud,NOUN,почки,,403,B12
2273,77876,66507,keradomatk,lud,NOUN,экспедиция,,,
2274,77032,65739,keraduda,lud,VERB,собираться,,,
2275,57676,50760,kerag,lud,NOUN,собрание,,1282,B51
2276,91119,78210,keral,lud,ADV,с собой,,,
2277,43344,37587,kerata,lud,VERB,собирать (ягоды),"to harvest, to berry",127,A323
2278,73137,62361,kerd,lud,NOUN,раз,,,
2279,78532,67101,kerdoda,lud,VERB,рассказывать,,,
2280,78059,66673,kerdomus,lud,NOUN,рассказ,,,
2281,91233,78322,kere,lud,POSTP,c,,,
2282,54649,48105,kerida,lud,VERB,мотать нитки на клубок,,1016,B356
2283,54650,48106,keridä,lud,VERB,мотать нитки на клубок,,1016,B356
2284,53094,46743,keritta,lud,VERB,стричь (овец),,869,B331
2285,53091,46740,keritä,lud,VERB,стричь (овец),,869,B331
2286,15927,14364,keričii,lud,NOUN,парикмахер,,,
2287,56223,49483,keriččimet,lud,NOUN,ножницы для стрижки овец,,1171,B375
2288,46855,40954,keroi,lud,NOUN,горло,,393,B12
2289,54338,40954,keroi,lud,NOUN,"горловина мережи, ставного невода",,975,B353
2290,55456,48799,kerros,lud,NOUN,этаж,,1091,B372
2291,77363,66038,kert,lud,NOUN, раз,,,
2292,46858,40957,keruo,lud,NOUN,горло,,393,B12
2293,33423,28770,keruoi,lud,NOUN,глотка,,,
2294,35714,28770,keruoi,lud,NOUN,горло,,,
2295,35035,30143,kerä,lud,NOUN,кочан (капусты),,,
2296,54900,30143,kerä,lud,NOUN,клубок,,1017,B356
2297,90159,77237,kerädäi,lud,NOUN,сборщик,,,
2298,57675,50759,kerähmö,lud,NOUN,собрание,,1282,B51
2299,91246,78334,keräine,lud,NOUN,"клубок, клубочек",,,
2300,43340,37583,kerätä,lud,VERB,собирать (ягоды),"to harvest, to berry",127,A323
2301,48102,37583,kerätä,lud,VERB,собирать,"to gather, to collect",481,B15
2302,77923,66553,kerävydä,lud,VERB,собираться,,,
2303,78056,66670,kerävökniig,lud,NOUN,сборник,,,
2304,91014,78106,keskeh,lud,POSTP,"между, посреди (куда), в середину",,,
2305,14983,13504,keskel,lud,POSTP,между,,,
2306,91022,78114,keskenäh,lud,ADV,между собой,,,
2307,78154,66754,keskes,lud,POSTP,между,,,
2308,89727,76820,keski,lud,ADV,посреди,,,
2309,78277,66864,keskilyydilaine,lud,NOUN,носитель среднелюдиковского диалекта,,,
2310,58697,51708,keskimäine,lud,ADJ,средний,,1374,C2
2311,58704,51715,keskmaane,lud,ADJ,средний,,1374,C2
2312,59307,52281,keskus,lud,NOUN,период,,1419,C3
2313,78371,52281,keskus,lud,NOUN,центр,,,
2314,48064,42072,keskustada,lud,VERB,мешать (быть помехой),,478,B15
2315,15967,14404,keskuč,lud,NOUN,центр,,,
2316,59359,14404,keskuč,lud,NOUN,период,,1419,C3
2317,74694,63747,keskškola,lud,NOUN,средняя школа,,,
2318,48917,42855,kestada,lud,VERB,терпеть,,533,B16
2319,48921,42859,kestta,lud,VERB,терпеть,,533,B16
2320,48919,42857,kestädä,lud,VERB,терпеть,,533,B16
2321,43081,37335,kettu,lud,NOUN,кора (древесных растений),"bark, rind (of a tree)",99,A321
2322,50090,43925,ketut,lud,NOUN,очистки,,624,B181
2323,90375,77448,keuhe,lud,ADJ,бедный,,,
2324,59392,52353,kevaž,lud,NOUN,весна,,1426,C3
2325,33346,28702,keväd,lud,NOUN,весна,,1426,C3
2326,59388,52349,kevät,lud,NOUN,весна,,1426,C3
2327,59399,52360,keväz,lud,NOUN,лето,,1427,C3
2328,16105,14542,keväz’,lud,NOUN,весна,,1426,C3
2329,16092,14529,keväz’kuu,lud,NOUN,март,,,
2330,91200,78289,kewhe,lud,ADJ,бедный,,,
2331,46053,40196,keyhne,lud,NOUN,перхоть,,336,B12
2332,16102,14539,keza,lud,NOUN,лето,,1427,C3
2333,78174,66774,kezakodieläi,lud,NOUN,дачник,,,
2334,77992,66618,kezakuva,lud,NOUN,летняя картина,,,
2335,52006,45739,kezand,lud,NOUN,пар (в севообороте),,772,B321
2336,52004,45737,kezando,lud,NOUN,пар (в севообороте),,772,B321
2337,54631,48087,kezerta,lud,VERB,прясть,,1013,B356
2338,77957,66585,kezoi,lud,NOUN,плавание,,,
2339,54630,48086,kezratta,lud,VERB,прясть,,1013,B356
2340,54629,48085,kezrätä,lud,VERB,прясть,,1013,B356
2341,73169,62385,kezuoi,lud,NOUN,купание,,,
2342,73170,62386,kezuoite kylben,lud,PHRASE,купаться,,,
2343,35129,30233,kezä,lud,NOUN,лето,,1427,C3
2344,90053,77131,kezäine,lud,NOUN,лето,,,
2345,77982,66608,kezäine,lud,ADJ,летний,,,
2346,15961,14398,kezäkodi,lud,NOUN,дача	,,,
2347,16095,14532,kezäkuu,lud,NOUN,июнь ,,,
2348,78011,66636,kezämökki,lud,NOUN,дача,,,
2349,85003,72513,kezätuuli,lud,NOUN,летний ветер,,,
2350,58703,51714,keškimaine,lud,ADJ,средний,,1374,C2
2351,55576,48919,kiag,lud,NOUN,ручка двери,,1103,B372
2352,48582,42540,kibedahiine,lud,ADJ,больной,,513,B16
2353,78227,66820,kibeduz,lud,NOUN,болезнь,,,
2354,65117,56363,kibištada,lud,VERB,болеть (ощущать боль),,519,B16
2355,42491,36777,kibos,lud,NOUN,сугроб,snowbank,39,A12
2356,25025,22241,kibu,lud,NOUN,боль,,,
2357,48736,22241,kibu,lud,NOUN,"болезнь, недуг, нездоровье",,517,B16
2358,48579,42537,kibuhiine,lud,ADJ,больной,,513,B16
2359,25027,22243,kibuntabletk,lud,NOUN,обезболивающее,,,
2360,91740,78812,kibutoine,lud,ADJ,безболезненный,,,
2361,46239,40372,kida,lud,NOUN,рот,,348,B12
2362,46362,40491,kidaštada,lud,VERB,кричать,,359,B12
2363,54255,47791,kidžu,lud,NOUN,"сушеная рыба, сущик",,981,B353
2364,46029,40172,kidžurat,lud,NOUN,кудри,,334,B12
2365,91065,78156,kiehtata,lud,VERB,"хотеть, желать",,,
2366,49867,43720,kiehuda,lud,VERB,кипеть,,606,B181
2367,72570,61847,kiehutettu vezi,lud,PHRASE,вода (кипяченая),,,
2368,72573,61850,kiehuttada,lud,VERB,кипятить,,,
2369,51473,45236,kielastada,lud,VERB,"лгать, обманывать, врать",,731,B23
2370,91688,78762,kielekäz,lud,ADJ,болтливый,,,
2371,77881,66512,kielenozutes,lud,NOUN,образец диалектной речи,,,
2372,49115,43048,kieletuo,lud,ADJ,немой,,545,B16
2373,49114,43047,kieletyöi,lud,ADJ,немой,,545,B16
2374,46255,40387,kieli,lud,NOUN,язык,,350,B12
2375,54341,40387,kieli,lud,NOUN,"горловина мережи, ставного невода",,975,B353
2376,78152,66752,kieliozutes,lud,NOUN,образец речи,,,
2377,49399,43309,kieltä,lud,VERB,"успокаивать (о человеке), унимать",,566,B17
2378,73199,43309,kieltä,lud,VERB,запрещать,,,
2379,16150,14589,kiel’,lud,NOUN,язык,,350,B12
2380,54342,14589,kiel’,lud,NOUN,"горловина мережи, ставного невода",,975,B353
2381,58425,51472,kier,lud,NOUN,раз,,1348,C1
2382,76556,65337,kieral,lud,ADV,наотрез,,,
2383,76592,65368,kieran,lud,ADV,однажды,,,
2384,74607,63663,kieras,lud,ADV,вдруг,,,
2385,90292,77368,kieraz,lud,ADV,сразу,,,
2386,25046,22262,kierd,lud,NOUN,раз,,1348,C1
2387,58426,51473,kiere,lud,NOUN,раз,,1348,C1
2388,51838,45591,kierta,lud,VERB,сучить (пряжу),,756,B31
2389,51836,45589,kiertata,lud,VERB,сучить (пряжу),,756,B31
2390,51837,45590,kiertatta,lud,VERB,сучить (пряжу),,756,B31
2391,52332,46021,kierte,lud,NOUN,перевясло,,795,B322
2392,50111,43946,kiež,lud,NOUN,раствор для киселя или блинов,,626,B181
2393,57834,50918,kihlad,lud,NOUN,пари,,1299,B51
2394,57833,50917,kihlat,lud,NOUN,пари,,1299,B51
2395,53954,47515,kiim,lud,NOUN,ток пернатой дичи,,956,B353
2396,91825,78898,kiimaig,lud,NOUN,брачный период,,,
2397,53956,47517,kiime,lud,NOUN,ток пернатой дичи,,956,B353
2398,76564,65344,kiirehel,lud,ADV,наспех,,,
2399,76565,65344,kiirehel,lud,ADV,поспешно,,,
2400,76566,65344,kiirehel,lud,ADV,спешно,,,
2401,76567,65344,kiirehel,lud,ADV,торопливо,,,
2402,49570,43451,kiirehtada,lud,VERB,торопиться,,579,B17
2403,49573,43454,kiirehtida,lud,VERB,торопиться,,579,B17
2404,73262,62459,kiirehtidä,lud,VERB,торопить,,,
2405,49572,43453,kiirehtäi,lud,VERB,торопиться,,579,B17
2406,50255,44072,kiiseli,lud,NOUN,кисель,,640,B181
2407,50257,44074,kiisel’,lud,NOUN,кисель,,640,B181
2408,49425,43335,kiistäi,lud,VERB,спорить,,567,B17
2409,91776,78849,kiitand,lud,NOUN,благодарность,,,
2410,91671,78745,kiitandkird’aine,lud,NOUN,благодарственное письмо,,,
2411,78231,66824,kiitandsana,lud,NOUN,благодарность,,,
2412,49628,43509,kiitos,lud,NOUN,спасибо,,585,B17
2413,72739,43509,kiitos,lud,NOUN,похвала,,,
2414,45692,39854,kiitta,lud,VERB,хвалить,,302,B11
2415,45690,39852,kiittada,lud,VERB,хвалить,,302,B11
2416,45691,39853,kiittädä,lud,VERB,хвалить,,302,B11
2417,46902,40999,kiiškot,lud,NOUN,кишки,,397,B12
2418,49423,43333,kiištada,lud,VERB,спорить,,567,B17
2419,76557,65338,kiištašči,lud,ADV,наперегонки,,,
2420,50110,43945,kiiže,lud,NOUN,раствор для киселя или блинов,,626,B181
2421,55577,48920,kijag,lud,NOUN,ручка двери,,1103,B372
2422,16013,14450,kilbailu,lud,NOUN,соревнование,,,
2423,16148,14585,kilometr,lud,NOUN,километр,,,
2424,46357,40487,kil’l’uda,lud,VERB,кричать,,359,B12
2425,50518,44331,kindas,lud,NOUN,рукавица,,665,B182
2426,55651,48968,kinded,lud,ADJ,"плотный, тесно и прочно соединенный",,1108,B372
2427,72550,48968,kinded,lud,ADJ,тугой,,,
2428,76703,65463,kindedašči,lud,ADV,туго,,,
2429,55649,48966,kindei,lud,ADJ,"плотный, тесно и прочно соединенный",,1108,B372
2430,55650,48967,kindet,lud,ADJ,"плотный, тесно и прочно соединенный",,1108,B372
2431,48094,42100,kindittada,lud,VERB,"сжимать, сдавливать, стискивать",,480,B15
2432,48095,42101,kindittai,lud,VERB,"сжимать, сдавливать, стискивать",,480,B15
2433,77368,66043,kinozalu,lud,NOUN,кинозал,,,
2434,46617,40733,kinttu,lud,NOUN,икра ноги,,380,B12
2435,34996,30104,kiotte,lud,NOUN,"киот, божница",,,
2436,65118,56364,kipištäi,lud,VERB,болеть (ощущать боль),,519,B16
2437,72571,61848,kip’atke,lud,NOUN,вода (кипяток),,,
2438,89642,76711,kirbota,lud,VERB,падать,,,
2439,47809,41840,kirbot’a,lud,VERB,"выпадать, падать сверху",,461,B15
2440,54768,48224,kirde,lud,NOUN,узор,,1028,B356
2441,54766,48222,kird’,lud,NOUN,узор,,1028,B356
2442,78628,48222,kird’,lud,NOUN,книга,,,
2443,91030,48222,kird’,lud,NOUN,грамота,,,
2444,57807,50891,kird’aane,lud,NOUN,письмо,,1296,B511
2445,16004,14441,kird’aine,lud,NOUN,письмо,,1296,B511
2446,77937,66566,kird’ast,lud,NOUN,библиотека,,,
2447,91747,78819,kird’atoine,lud,ADJ,безграмотный,,,
2448,44061,38284,kird’au,lud,ADJ,пёстрый,"variegated, motley",166,A36
2449,44062,38285,kird’av,lud,ADJ,пёстрый,"variegated, motley",166,A36
2450,77908,66538,kird’uttada,lud,VERB,писать,,,
2451,77893,66523,kird’utus,lud,NOUN,статья,,,
2452,33387,28740,kireges,lud,ADV,второпях,,,
2453,3564,3534,kirguda,lud,VERB,кричать,,359,B12
2454,46358,3534,kirguda,lud,VERB,называть,,,
2455,73086,3534,kirguda,lud,VERB,"звать, кликать",,,
2456,14896,13424,kirikkö,lud,NOUN,церковь,,1304,B52
2457,57796,50880,kiritada,lud,VERB,писать,,1295,B511
2458,73149,62373,kirja,lud,NOUN,книга,,,
2459,73148,62372,kirjaopastu,lud,NOUN,обучение грамоте,,,
2460,77929,66559,kirjukiel’,lud,NOUN,письменность,,,
2461,16060,14497,kirjutin,lud,NOUN,ручка (для письма),,,
2462,73031,62272,kirjuttada,lud,VERB,писать,,,
2463,73213,62272,kirjuttada,lud,VERB,вписывать,,,
2464,74686,63738,kirjutus,lud,NOUN,"статья, заметка",,,
2465,16057,14494,kirjutuslaud,lud,NOUN,доска ученическая,,,
2466,33456,28797,kirnikke,lud,ADJ,грамотный,,,
2467,51525,45286,kirota,lud,VERB,"бранить, ругать",,734,B23
2468,51530,45291,kirotta,lud,VERB,"бранить, ругать",,734,B23
2469,34995,30103,kirpičče,lud,NOUN,кирпич,,,
2470,45200,39391,kirpp,lud,NOUN,блоха,,269,A44
2471,91785,78859,kirpu,lud,NOUN,блоха,,,
2472,53562,47155,kirves,lud,NOUN,топор,,916,B351
2473,72881,62137,kirvesvarzi,lud,NOUN,топорище,,,
2474,53564,47157,kirvez,lud,NOUN,топор,,916,B351
2475,15925,14362,kirvezmiez’,lud,NOUN,строитель ,,,
2476,42508,36793,kirz,lud,NOUN,мерзлота,frozen ground,40,A12
2477,42502,36788,kirzi,lud,NOUN,мерзлота,frozen ground,40,A12
2478,91112,78203,kir’d’uttada,lud,VERB,писать,,,
2479,57794,50878,kir’uttada,lud,VERB,писать,,1295,B511
2480,57795,50879,kir’uttai,lud,VERB,писать,,1295,B511
2481,91726,78798,kistid,lud,NOUN,бахрома,,,
2482,78755,67293,kitta,lud,VERB,хвалить,,302,B11
2483,44543,38751,kiuru,lud,NOUN,жаворонок,"lark, skylark",213,A42
2484,91706,78778,kiveri,lud,NOUN,ружьё,,,
2485,54133,47669,kives,lud,NOUN,грузило (в сетях),,970,B353
2486,54134,47670,kivez,lud,NOUN,грузило (в сетях),,970,B353
2487,34846,29965,kivi,lud,NOUN,камень,stone,71,A22
2488,34847,29965,kivi,lud,NOUN,жернов,,,
2489,91457,78537,kivine,lud,ADJ,каменный,,,
2490,51952,45685,kivirong,lud,NOUN,груда (камней),,765,B321
2491,72744,62007,kiviručču,lud,NOUN,подкаменщик,,,
2492,91400,78486,kivičuuru,lud,NOUN,"крупный песок, галька",,,
2493,46030,40173,kizertukk,lud,NOUN,кудри,,334,B12
2494,35749,30739,kiäbräine,lud,NOUN,муха,,276,A44
2495,55569,48912,kiäg,lud,NOUN,ручка двери,,1103,B372
2496,55575,48918,kiäge,lud,NOUN,ручка двери,,1103,B372
2497,25042,22258,kiändai,lud,NOUN,переводчик,,,
2498,77942,66571,kiändidä,lud,VERB,переводить с одного языка на другой,,,
2499,48194,42182,kiändydä,lud,VERB,"вернуться, возвратиться",,486,B15
2500,48397,42182,kiändydä,lud,VERB,"поворачивать, изменять направление",,501,B15
2501,48398,42370,kiändäi,lud,VERB,"поворачивать, изменять направление",,501,B15
2502,45320,39508,kiärbäine,lud,NOUN,муха,,276,A44
2503,56976,50108,kiäridä,lud,VERB,пеленать,,1228,B413
2504,73047,62281,kiättä,lud,VERB,гнуть,,,
2505,48396,42369,kiätä,lud,VERB,"поворачивать, изменять направление",,501,B15
2506,51582,45343,kičittäi,lud,VERB,дразнить,,736,B23
2507,34994,30102,kiške,lud,NOUN,кишка,,,
2508,47391,41466,kiškoda,lud,VERB,"отбирать, отнимать",,434,B15
2509,54470,41466,kiškoda,lud,VERB,щепать (лучину),,993,B354
2510,73056,41466,kiškoda,lud,VERB,ограбить,,,
2511,33465,28806,kiškoi,lud,NOUN,грабитель,,,
2512,47392,41467,kiškta,lud,VERB,"отбирать, отнимать",,434,B15
2513,91399,78485,kiškuoida,lud,VERB,грабить,,,
2514,57482,50577,kižata,lud,VERB,"танцевать, плясать",,1269,B43
2515,57609,50577,kižata,lud,VERB,"играть, забавляться, развлекаться",,1272,B43
2516,77305,65981,klass,lud,NOUN,класс,,,
2517,91029,78121,klasse,lud,NOUN,класс,,,
2518,43853,38082,klever,lud,NOUN,клевер,clover,150,A35
2519,43865,38094,kleveri,lud,NOUN,клевер,clover,150,A35
2520,35004,30112,kluadi,lud,NOUN,кладь,,,
2521,78098,66712,kluas,lud,NOUN,класс,,,
2522,77285,65962,kluasse,lud,NOUN,класс,,,
2523,78076,66690,klub,lud,NOUN,клуб,,,
2524,78496,67068,kläpšada,lud,VERB,лязгать,,,
2525,85932,73350,kl’ankušši,lud,NOUN,фляжка,,,
2526,35008,30116,knige,lud,NOUN,книга,,,
2527,77894,66524,kniig,lud,NOUN,книга,,,
2528,90893,77975,kniške,lud,NOUN,книжка,,,
2529,54078,47614,kobr,lud,NOUN,приспособление для огня при лучении рыбы,,963,B353
2530,58480,47614,kobr,lud,NOUN,горсть,,1336,C1
2531,33444,28786,kobre,lud,NOUN,горсть,,1336,C1
2532,54312,28786,kobre,lud,NOUN,приспособление для огня при лучении рыбы,,963,B353
2533,78493,67065,kobrištada,lud,VERB,схватить,,,
2534,50119,43954,kobu,lud,NOUN,пена,,627,B181
2535,89951,77038,kodavävy,lud,NOUN,примак,,,
2536,14881,13409,kodi,lud,NOUN,дом,,1074,B371
2537,55288,13409,kodi,lud,NOUN,жилище,,1075,B371
2538,90264,77340,kodiine,lud,NOUN,домик,,,
2539,78209,66806,kodikaži,lud,NOUN,"домашний кот, домашняя кошка",,,
2540,78082,66696,kodimua,lud,NOUN,родина,,,
2541,74601,63657,kodinižände,lud,NOUN,домовой,,,
2542,77956,66584,kodirand,lud,NOUN,родной берег,,,
2543,74626,63684,koditoi,lud,ADJ,бездомный,,,
2544,91752,78824,koditoine,lud,ADJ,бездомный,,,
2545,78241,66834,kodižiivat,lud,NOUN,домашнее животное,,,
2546,78081,66695,kodoil,lud,NOUN,малая родина,,,
2547,74692,63744,kodoilu,lud,NOUN,родимый дом,,,
2548,78205,66802,kodv,lud,NOUN,"долгое время, долго",,,
2549,78203,66800,kodvaine,lud,NOUN,недолгое время,,,
2550,77945,66574,kodvan,lud,ADV,долго,,,
2551,90057,77135,kodve,lud,ADV,долго,,,
2552,35032,30140,kofei,lud,NOUN,кофе,,,
2553,35038,30146,kofeinikke,lud,NOUN,кофейник,,,
2554,25036,22252,kofej,lud,NOUN,кофе,,,
2555,35034,30142,kofte,lud,NOUN,кофта,,,
2556,52545,46231,kogo,lud,NOUN,куча,,817,B324
2557,48103,42104,kogota,lud,VERB,собирать,"to gather, to collect",481,B15
2558,15963,14400,kohemdamiine,lud,NOUN,ремонт,,,
2559,50685,44498,kohendada,lud,VERB,чинить белье,,678,B182
2560,78609,67165,kohenduz,lud,NOUN,развитие (языка),,,
2561,89940,77029,koheta,lud,VERB,чинить,,,
2562,50684,44497,koheta,lud,VERB,чинить белье,,678,B182
2563,50683,44496,kohetta,lud,VERB,чинить белье,,678,B182
2564,89531,76633,kohišta,lud,VERB,шуметь,,,
2565,16154,14593,koht,lud,NOUN,место,,558,B17
2566,46887,14593,koht,lud,NOUN,"живот, утроба",,395,B12
2567,58564,51586,kohtalline,lud,ADJ,прямой,,1364,C2
2568,49299,43209,kohte,lud,NOUN,место,,558,B17
2569,77987,66613,kohtižin,lud,ADV,прямиком,,,
2570,46885,40983,kohtu,lud,NOUN,живот,,395,B12
2571,48641,42590,kohtuine,lud,ADJ,беременная,,516,B16
2572,44083,38306,koir,lud,NOUN,собака,dog,168,A411
2573,44085,38308,koire,lud,NOUN,собака,dog,168,A411
2574,43172,37418,koiv,lud,NOUN,береза,birch,111,A322
2575,91759,78831,koivikko,lud,NOUN,березняк,,,
2576,32618,28254,koivu,lud,NOUN,берёза,birch,111,A322
2577,32619,28255,koivuine,lud,ADJ,берёзовый,,,
2578,43204,37449,koivungriba,lud,NOUN,гриб-трутовик,polypore,113,A322
2579,77986,66612,koivuvast,lud,NOUN,берёзовый веник,,,
2580,43179,37425,koivuvezi,lud,NOUN,сок,"The sapwood, or alburnum, of a tree",112,A322
2581,43185,37431,koivuveži,lud,NOUN,сок,"The sapwood, or alburnum, of a tree",112,A322
2582,35727,30718,koja,lud,NOUN,моль,,,
2583,43085,30718,koja,lud,NOUN,кора (древесных растений),"bark, rind (of a tree)",99,A321
2584,45148,30718,koja,lud,NOUN,личинка (под корой дерева),,264,A44
2585,56608,49771,kokke,lud,NOUN,уключина весла,,1200,B38
2586,53769,47347,kokkuoi,lud,NOUN,каравай (круглый хлеб),,937,B352
2587,91272,78359,kokottada,lud,VERB,кудахтать,,,
2588,53770,47348,kokuo,lud,NOUN,каравай (круглый хлеб),,937,B352
2589,53875,30129,kokuoi,lud,NOUN,каравай (круглый хлеб),,937,B352
2590,35021,30129,kokuoi,lud,NOUN,"кокач, пирог из кислого ржаного теста с начинкой из толокна, пшена, гороха, рыжиков",,,
2591,47907,41932,kolahuttada,lud,VERB,ударять,,469,B15
2592,42511,36796,kolakko,lud,NOUN,мерзлота,frozen ground,40,A12
2593,54541,48015,koless,lud,NOUN,колесо,,1005,B355
2594,89926,77015,kolhooze,lud,NOUN,колхоз,,,
2595,86485,73855,kolhoze,lud,NOUN,колхоз,,,
2596,90715,77805,kolhoznuoi,lud,ADJ,колхозный,,,
2597,78093,66707,kolledž,lud,NOUN,колледж,,,
2598,90934,78015,kolmaiž,lud,NUM,третий,,,
2599,76321,65143,kolmandekš,lud,ADV,в-третьих,,,
2600,74641,63699,kolmandž,lud,NUM,третий,,,
2601,16083,14520,kolmanpäiv,lud,NOUN,среда,,,
2602,91388,78474,kolmas,lud,NUM,третий,,,
2603,59238,52212,kolmašpäi,lud,NOUN,среда,,1414,C3
2604,59237,52211,kolmašpäiv,lud,NOUN,среда,,1414,C3
2605,3559,3529,kolme,lud,NUM,три,,1352,C1
2606,33386,28739,kolmei,lud,ADV,втроём,,,
2607,91244,78332,kolmepeähine,lud,ADJ,трёхголовый,,,
2608,86489,73859,kolmesadad,lud,NUM,триста,,,
2609,78005,66631,kolmetošte,lud,NUM,тринадцать,,,
2610,35031,30139,kolod,lud,NOUN,колода (карт),,,
2611,78580,67139,kolottida,lud,VERB,"колотить, бить",,,
2612,33410,28759,kološše,lud,NOUN,галоша,,,
2613,50774,44569,kolčaine,lud,NOUN,"кольцо, перстень",,684,B182
2614,50776,44571,kolčče,lud,NOUN,"кольцо, перстень",,684,B182
2615,47778,41813,kombužil kävellä,lud,PHRASE,ползать,,459,B15
2616,72654,61925,komke,lud,NOUN,комок ,,,
2617,90712,77802,komnataine,lud,NOUN,комнатка,,,
2618,91250,78338,komnate,lud,NOUN,комната,,,
2619,78271,66860,kompohd’alaine,lud,NOUN,житель Кондопоги,,,
2620,90829,77915,komsomol’ce,lud,NOUN,комсомолец,,,
2621,55905,49214,komš,lud,NOUN,корзина,,1137,B373
2622,55904,49213,komšše,lud,NOUN,корзина,,1137,B373
2623,89690,76785,konatte,lud,NOUN,канат,,,
2624,25040,22256,kondicioner,lud,NOUN,кондиционер,,,
2625,35143,30247,kondii,lud,NOUN,медведь,bear,175,A412
2626,55307,48660,kondu,lud,NOUN,"хозяйство со всеми постройками, усадьба",,1077,B371
2627,25034,22250,kongress,lud,NOUN,конгресс,,,
2628,73093,62322,konopattida,lud,VERB,конопатить,,,
2629,73745,62853,kons,lud,SCONJ,когда,,,
2630,59132,52106,konz,lud,ADV,когда,,1407,C3
2631,34244,29437,konz,lud,SCONJ,когда,,,
2632,78175,66775,konz-lienou,lud,ADV,когда-то,,,
2633,83496,71174,konza,lud,SCONJ,когда,,,
2634,25049,22265,konztaht,lud,ADV,когда-нибудь,,,
2635,76506,65292,konztahto,lud,PRON,когда-либо,,,
2636,78422,67002,konzu,lud,SCONJ,когда,,,
2637,58800,51811,kon’ak,lud,ADJ,кривой (о предмете),,1383,C2
2638,55446,48789,kon’aparž,lud,NOUN,конек крыши,,1090,B372
2639,55073,48466,kopeik,lud,NOUN,копейка,,1057,B36
2640,55075,48468,kopeikk,lud,NOUN,копейка,,1057,B36
2641,55076,48469,kopeikke,lud,NOUN,копейка,,1057,B36
2642,47576,41622,kopnida,lud,VERB,схватить,,445,B15
2643,47566,41616,kopota,lud,VERB,схватить,,445,B15
2644,44748,38952,koppal,lud,NOUN,глухарка,wood grouse (female),229,A42
2645,44743,38947,koppalo,lud,NOUN,глухарка,wood grouse (female),229,A42
2646,44747,38951,koppal’,lud,NOUN,глухарка,wood grouse (female),229,A42
2647,72656,61927,kopčat,lud,NOUN,копыта,,,
2648,35028,30136,kopče,lud,NOUN,копыто,,,
2649,51476,45239,korada,lud,VERB,"лгать, обманывать",,731,B23
2650,43703,37941,korb,lud,NOUN,лес глухой,deaf forest,104,A322
2651,14965,13486,korbi,lud,NOUN,густой лес,deaf forest,104,A322
2652,45264,39455,korblotoi,lud,NOUN,жаба,,273,A44
2653,56435,49654,korde,lud,NOUN,сани,,1187,B38
2654,56434,49653,kord’,lud,NOUN,сани,,1187,B38
2655,89984,77069,korendo,lud,NOUN,коромысло,,,
2656,34985,30094,korette,lud,NOUN,карета,,,
2657,15014,13534,korged,lud,ADJ,высокий,,291,B11
2658,76323,65145,korgedas,lud,ADV,высоко,,,
2659,76324,65146,korgedašči,lud,ADV,высоко,,,
2660,72579,61855,korged’,lud,ADV,высоко,,,
2661,45549,39719,korgei,lud,ADJ,высокий,,291,B11
2662,50625,44438,kormane,lud,NOUN,карман,,673,B182
2663,50623,44436,korman’,lud,NOUN,карман,,673,B182
2664,78196,66795,korol’ov,lud,NOUN,королева,,,
2665,16156,14595,korpus,lud,NOUN,корпус,,,
2666,72655,61926,koruoi,lud,NOUN,корюшка,,,
2667,47056,41150,korv,lud,NOUN,ухо,,412,B12
2668,48767,42711,korvan želtuhat,lud,PHRASE,серная пробка в ухе,,523,B16
2669,32623,28259,korvatuoi,lud,ADJ,безухий,,,
2670,33351,28707,korvatyvi,lud,NOUN,виски,,,
2671,47058,41152,korve,lud,NOUN,ухо,,412,B12
2672,55846,49155,korvuo,lud,NOUN,ушат,,1130,B373
2673,55847,49156,korvuoi,lud,NOUN,ушат,,1130,B373
2674,42897,37156,korzi,lud,NOUN,стебель травянистого растения,"stem, stalk",80,A31
2675,78502,67074,korzinkke,lud,NOUN,корзинка,,,
2676,42898,37157,korž,lud,NOUN,стебель травянистого растения,"stem, stalk",80,A31
2677,43118,37369,kor’b,lud,NOUN,лес глухой,deaf forest,104,A322
2678,35020,30128,kor’uoi,lud,NOUN,корюшка,,,
2679,46177,40315,kosič,lud,NOUN,висок,,343,B12
2680,91587,78660,kosk,lud,NOUN,порог (реки),,,
2681,48166,42154,koskeda,lud,VERB,"трогать, прикасаться",,485,B15
2682,48169,42157,kosketada,lud,VERB,"трогать, прикасаться",,485,B15
2683,90437,77522,koskettada,lud,VERB,трогать,,,
2684,89780,76873,koski,lud,NOUN,порог (реки),,,
2685,46179,40317,kosmič,lud,NOUN,висок,,343,B12
2686,34918,30035,kostl’urke,lud,NOUN,кастрюля,,,
2687,35022,30130,kosuoi,lud,NOUN,косовик (пирог для зятя),,,
2688,44805,39006,kotkuo,lud,NOUN,орёл,eagle,235,A42
2689,81906,69909,kotkuoi,lud,NOUN,орёл,eagle,235,A42
2690,90875,77957,kotte,lud,NOUN,"галоша, полуботинок",,,
2691,46844,40944,koufkuoit,lud,NOUN,легкие,,392,B12
2692,35097,30202,kouhkuoi,lud,NOUN,лёгкое,,,
2693,54602,48076,kouk,lud,NOUN,крюк,,1011,B355
2694,55980,48076,kouk,lud,NOUN,кочерга,,1142,B373
2695,55943,49252,koukk,lud,NOUN,"цепь, крюк для подвешивания котелка над жаратком",,1141,B373
2696,35017,30125,koukku,lud,NOUN,кочерга,,1142,B373
2697,54623,30125,koukku,lud,NOUN,крюк,,1011,B355
2698,54003,47564,koukuine,lud,NOUN,крючок рыболовный,,959,B353
2699,59239,52213,koumandžpäiv’,lud,NOUN,среда,,1414,C3
2700,58451,51498,koume,lud,NUM,три,,1352,C1
2701,45029,39221,kouriš,lud,NOUN,корюшка,"smelt, European smelt",256,A43
2702,45028,39220,kourišk,lud,NOUN,корюшка,"smelt, European smelt",256,A43
2703,89839,76930,kous,lud,X,когда,,,
2704,2936,3000,kouz,lud,ADV,когда,when,1407,C3
2705,51965,45698,kova,lud,ADJ,твердый (жесткий),,768,B321
2706,76694,65455,kovašči,lud,ADV,твёрдо,,,
2707,53630,47211,kovažim,lud,NOUN,брусок,,924,B351
2708,32644,28279,kovažin,lud,NOUN,брус,,924,B351
2709,58797,51808,kover,lud,ADJ,кривой (о предмете),,1383,C2
2710,77254,65932,kovs,lud,SCONJ,когда,,,
2711,86257,73639,koza,lud,NOUN,коза,,,
2712,56760,49912,kozita,lud,VERB,"сватать, свататься",,1212,B411
2713,13622,12298,koččuri,lud,NOUN,железо,,,
2714,56762,49914,kožita,lud,VERB,свататься,,1212,B411
2715,91019,78111,kožoun’e,lud,NOUN,кожевня,,,
2716,35060,30166,krane,lud,NOUN,кран,,,
2717,35059,30165,kraske,lud,NOUN,краска,,,
2718,90087,77165,krasnarmeiskuoi,lud,ADJ,красноармеец,,,
2719,89932,77021,krasnarmeičče,lud,NOUN,красноармеец,,,
2720,90065,77143,krasnuoi,lud,NOUN,красноармеец,,,
2721,35053,30160,kravat’t’i,lud,NOUN,кровать,,,
2722,91470,78549,krepostniekke,lud,NOUN,крепостник,,,
2723,91472,78550,krepostnuoi,lud,ADJ,крепостной,,,
2724,90071,77149,kres’t’aanin,lud,NOUN,крестьянин,,,
2725,35061,30167,kringeli,lud,NOUN,крендель,,,
2726,90009,77092,kringel’,lud,NOUN,баранка,,,
2727,44369,38584,krisa,lud,NOUN,крыса,rat,196,A412
2728,35046,30153,kriške,lud,NOUN,крышка,,,
2729,53753,47331,kroma,lud,NOUN,краюха (хлеба),,936,B352
2730,78173,66773,kromi,lud,PREP,кроме,,,
2731,44362,38578,krott,lud,NOUN,крот,mole (burrowing insectivore),195,A412
2732,58769,51780,kruglii,lud,ADJ,круглый,,1381,C2
2733,58768,51779,krugluoi,lud,ADJ,круглый,,1381,C2
2734,73768,62875,krupnii,lud,ADJ,крупный,,,
2735,54543,48017,kruug,lud,NOUN,колесо,,1005,B355
2736,35049,30156,kruuge,lud,NOUN,круг,,,
2737,34426,29610,ku,lud,SCONJ,что,,,
2738,58482,29610,ku,lud,SCONJ,если,,1339,C1
2739,51854,45607,kuabita,lud,VERB,облить,,757,B31
2740,51856,45609,kuabitada,lud,VERB,скоблить,,757,B31
2741,51855,45608,kuabitta,lud,VERB,облить,,757,B31
2742,47894,41920,kuada,lud,VERB,рубить,,468,B15
2743,47892,41918,kuadada,lud,VERB,рубить,,468,B15
2744,47955,41918,kuadada,lud,VERB,лить,,472,B15
2745,73205,62410,kuaduda,lud,VERB,опрокинуть,,,
2746,50409,44222,kuad’ait,lud,NOUN,кальсоны,,654,B182
2747,50408,44221,kuad’d’at,lud,NOUN,кальсоны,,654,B182
2748,73059,62292,kuakištada,lud,VERB,давить,,,
2749,73001,62246,kualada,lud,VERB,брести,,,
2750,91831,78904,kualandkoht,lud,NOUN,брод,,,
2751,73000,62245,kualelda,lud,VERB,бродить (в воде),,,
2752,42716,36990,kuar,lud,NOUN,залив,"bay, gulf",58,A21
2753,50096,43931,kuared,lud,NOUN,очистки,,624,B181
2754,55500,48843,kuarzin,lud,NOUN,подполье (в избе),,1095,B372
2755,47953,41970,kuata,lud,VERB,лить,,472,B15
2756,77313,65989,kuatanč,lud,NOUN,валенок,,,
2757,52153,45849,kuav,lud,NOUN,кол,,781,B321
2758,52146,45842,kuavi,lud,NOUN,кол,,781,B321
2759,48956,42894,kuačk,lud,NOUN,угар,,535,B16
2760,48953,42891,kuačku,lud,NOUN,угар,,535,B16
2761,34917,30034,kuašše,lud,NOUN,каша,,,
2762,46084,40226,kubaiduoitta,lud,VERB,"зудеть, чесаться",,338,B12
2763,46086,40228,kubaittada,lud,VERB,"зудеть, чесаться",,338,B12
2764,46083,40225,kubauttua,lud,VERB,"зудеть, чесаться",,338,B12
2765,48835,42776,kubineh,lud,NOUN,чесотка,,528,B16
2766,73289,62485,kubišta,lud,VERB,чесаться,,,
2767,46085,40227,kubištoittada,lud,VERB,"зудеть, чесаться",,338,B12
2768,46087,40229,kubižuttada,lud,VERB,"зудеть, чесаться",,338,B12
2769,52454,46142,kubo,lud,NOUN,"пучок, связка (соломы)",,806,B323
2770,52455,46143,kubu,lud,NOUN,"пучок, связка (соломы)",,806,B323
2771,53209,46143,kubu,lud,NOUN,зоб,,878,B332
2772,72900,46143,kubu,lud,NOUN,тукач,,,
2773,34406,29590,kuccuda,lud,VERB,"звать, приглашать",,,
2774,48532,42495,kucta,lud,VERB,звать,,510,B15
2775,48555,42495,kucta,lud,VERB,называть,,511,B15
2776,58408,51455,kuda,lud,ADV,"изрядно, порядочно, довольно",,1346,C1
2777,74582,63640,kudai,lud,PRON,который,,,
2778,76508,65294,kudakui,lud,PRON,кое-как,,,
2779,77938,66567,kudam,lud,PRON,который,,,
2780,76509,65295,kudamida,lud,PRON,кое-что,,,
2781,54732,48188,kude,lud,NOUN,уток,,1025,B356
2782,42122,36419,kudei,lud,NOUN,луна,moon,6,A11
2783,42124,36421,kudmaane,lud,NOUN,луна,moon,6,A11
2784,54902,48351,kudoda,lud,VERB,ткать,,1019,B356
2785,44894,39089,kudoda,lud,VERB,метать икру,to spawn,242,A43
2786,54915,48351,kudoda,lud,VERB,вязать,,1027,B356
2787,46024,40167,kudrit,lud,NOUN,кудри,,334,B12
2788,72536,61815,kudr’avoi,lud,ADJ,кудрявый,,,
2789,35069,30175,kudr’avuoi,lud,ADJ,кудрявый,,,
2790,44895,39090,kududa,lud,VERB,метать икру,to spawn,242,A43
2791,54904,48353,kuduo,lud,VERB,ткать,,1019,B356
2792,54910,48353,kuduo,lud,VERB,вязать,,1027,B356
2793,45070,39262,kudžuo,lud,NOUN,муравей,ant,260,A44
2794,45073,39265,kudžuoi,lud,NOUN,муравей,ant,260,A44
2795,91711,78783,kuga,lud,ADV,где,,,
2796,76466,65266,kugal,lud,PRON,где,,,
2797,76599,65373,kugalpiäi,lud,ADV,откуда,,,
2798,76602,65376,kugalpiätahto,lud,ADV,откуда-нибудь,,,
2799,76507,65293,kugaltahto,lud,PRON,кое-где,,,
2800,45032,39224,kuha,lud,NOUN,судак,"sander, zander",257,A43
2801,90284,77360,kuharkke,lud,NOUN,"кухарка, прислуга",,,
2802,90283,77359,kuharkuoita,lud,VERB,быть в прислугах,,,
2803,52348,46037,kuhlas,lud,NOUN,"суслон, бабка",,796,B322
2804,48812,42753,kuhm,lud,NOUN,"шишка, нарост на теле",,526,B16
2805,33369,28723,kuhmu,lud,NOUN,волдырь,,,
2806,48864,28723,kuhmu,lud,NOUN,"шишка, нарост на теле",,526,B16
2807,72658,61929,kuhne,lud,NOUN,кухня,,,
2808,35068,30174,kuhn’e,lud,NOUN,кухня,,,
2809,3545,3515,kui,lud,ADV,как,,320,B11
2810,42238,36531,kuif,lud,ADJ,сухой,dry,15,A12
2811,33411,28760,kuikke,lud,NOUN,гагара,,,
2812,77168,65856,kuin,lud,ADV,как,,,
2813,42235,36528,kuiv,lud,ADJ,сухой,dry,15,A12
2814,72560,61837,kuiva kezä,lud,PHRASE,засуха (сухое лето),,,
2815,76569,65346,kuivakši,lud,ADV,насухо,,,
2816,76688,65450,kuivali,lud,ADV,всухомятку,,,
2817,73256,62453,kuivata,lud,VERB,сушить,,,
2818,76687,65449,kuivašči,lud,ADV,сухо,,,
2819,42237,36530,kuive,lud,ADJ,сухой,dry,15,A12
2820,54250,47786,kuivekala,lud,NOUN,"сушеная рыба, сущик",,981,B353
2821,15969,14406,kujo,lud,NOUN,улица,,,
2822,35715,14406,kujo,lud,NOUN,просёлок,,,
2823,78279,66866,kujärvelaine,lud,NOUN,житель Михайловского,,,
2824,47969,41984,kukerta,lud,VERB,опрокидывать,,474,B15
2825,42878,37140,kukka,lud,NOUN,цветок,flower,79,A31
2826,55172,48556,kukkar,lud,NOUN,кошелек для денег,,1067,B36
2827,35025,30133,kukkaro,lud,NOUN,кошелёк,,1067,B36
2828,42913,37170,kukkia,lud,VERB,цвести,"to bloom, to blossom, to flower",82,A31
2829,91026,78118,kukkine,lud,NOUN,"петух, петушок",,,
2830,55173,48557,kukkur,lud,NOUN,кошелек для денег,,1067,B36
2831,53158,46788,kukuo,lud,NOUN,петух,,873,B332
2832,53157,46787,kukuoi,lud,NOUN,петух,,873,B332
2833,42364,36655,kukuoinkuari,lud,NOUN,радуга,rainbow,29,A12
2834,35072,30178,kukšin,lud,NOUN,кувшин,,,
2835,46525,40650,kulak,lud,NOUN,кулак,,371,B12
2836,46524,40649,kulakk,lud,NOUN,кулак,,371,B12
2837,91020,78112,kulakke,lud,NOUN,кулак  (зажиточный крестьянин),,,
2838,35075,30181,kulakke,lud,NOUN,кулак,,371,B12
2839,16026,14463,kulaktorai,lud,NOUN,боксер,,,
2840,42818,37082,kuld,lud,NOUN,золото,gold (metal),72,A22
2841,74667,63722,kuldaine,lud,ADJ,золотой,,,
2842,16114,14551,kuldankarvaane,lud,ADJ,золотистый,,,
2843,34893,30011,kulde,lud,NOUN,золото,gold (metal),72,A22
2844,42120,36417,kuldoi,lud,NOUN,луна,moon,6,A11
2845,91833,78906,kulgii,lud,NOUN,бродяга,,,
2846,45838,39996,kulleh,lud,ADV,как,,320,B11
2847,47017,41111,kulmat,lud,NOUN,брови,,407,B12
2848,46178,40316,kulme,lud,NOUN,висок,,343,B12
2849,42973,37229,kulo,lud,NOUN,трава прошлогодняя,last year's grass,86,A31
2850,50717,44512,kulu,lud,ADJ,"старый, изношенный (об одежде)",,680,B182
2851,35070,30176,kul’a,lud,NOUN,куль,,,
2852,46115,40256,kul’l’uk,lud,NOUN,череп,,339,B12
2853,46117,40258,kul’l’ukke,lud,NOUN,череп,,339,B12
2854,46120,40261,kul’l’uo,lud,NOUN,череп,,339,B12
2855,77926,66556,kul’tuur,lud,NOUN,культура,,,
2856,77921,66551,kul’tuurtalo,lud,NOUN,Дом культуры,,,
2857,47970,41985,kumaata,lud,VERB,опрокидывать,,474,B15
2858,47968,41983,kumaita,lud,VERB,опрокидывать,,474,B15
2859,47967,41982,kumaitta,lud,VERB,опрокидывать,,474,B15
2860,74614,63671,kumardatoz,lud,VERB,kumartakse,,,
2861,73091,62320,kumardeltakseh,lud,VERB,кланяться,,,
2862,48520,42484,kumarduda,lud,VERB,кланяться,,509,B15
2863,91772,78845,kumarduda muahasua,lud,PHRASE,бить челом,,,
2864,48521,42485,kumartakseh,lud,VERB,кланяться,,509,B15
2865,16062,14499,kumi,lud,NOUN,ластик ,,,
2866,76678,65440,kumm,lud,ADV,смешно,,,
2867,34875,29993,kummakaz,lud,ADJ,забавный,,,
2868,51449,45217,kummat,lud,NOUN,беда,,730,B22
2869,58905,51916,kuna,lud,ADV,куда,,1391,C2
2870,90442,77527,kundelta,lud,VERB,слушать,,,
2871,76623,65391,kuni,lud,PART,"пока; до тех пор, как",,,
2872,44231,38447,kunič,lud,NOUN,куница,marten,182,A412
2873,44228,38444,kuničč,lud,NOUN,куница,marten,182,A412
2874,44230,38446,kuničče,lud,NOUN,куница,marten,182,A412
2875,23927,21410,kunna,lud,PRON,куда,,,
2876,58903,51914,kunna,lud,ADV,куда,,1391,C2
2877,58901,51912,kunne,lud,ADV,куда,,1391,C2
2878,76517,65301,kunnetahto,lud,PRON,куда-либо,,,
2879,51670,45431,kunnivo,lud,NOUN,честь,,744,B23
2880,53360,46966,kunut,lud,NOUN,плеть,,893,B334
2881,53359,46965,kunutt,lud,NOUN,плеть,,,
2882,52110,45807,kuok,lud,NOUN,мотыга,,777,B321
2883,52108,45805,kuokk,lud,NOUN,мотыга,,777,B321
2884,52109,45806,kuokke,lud,NOUN,мотыга,,777,B321
2885,49194,43104,kuolda,lud,VERB,умирать,,551,B17
2886,49206,43116,kuolend,lud,NOUN,смерть,,552,B17
2887,49208,43118,kuolende,lud,NOUN,смерть,,552,B17
2888,35146,30249,kuolii,lud,ADJ,мёртвый,,,
2889,49221,43131,kuolii,lud,NOUN,покойник,,553,B17
2890,73135,62359,kuolnut hibdet,lud,PHRASE,мертвые тела,,,
2891,23903,21389,kuolta,lud,VERB,умирать,,551,B17
2892,49193,43103,kuoltta,lud,VERB,умирать,,551,B17
2893,57172,50278,kuom,lud,NOUN,кум,,1246,B412
2894,35073,30179,kuome,lud,NOUN,кума,,1246,B412
2895,49366,43276,kuonduda,lud,VERB,проснуться,,452,B15
2896,55331,48684,kuop,lud,NOUN,яма для хранения овощей,,1081,B371
2897,55329,48682,kuopp,lud,NOUN,яма для хранения овощей,,1081,B371
2898,55330,48683,kuoppe,lud,NOUN,яма для хранения овощей,,1081,B371
2899,50095,43930,kuored,lud,NOUN,очистки,,624,B181
2900,45023,39215,kuoreh,lud,NOUN,корюшка,"smelt, European smelt",256,A43
2901,50093,43928,kuoret,lud,NOUN,очистки,,624,B181
2902,35013,30121,kuori,lud,NOUN,кора,"bark, rind (of a tree)",99,A321
2903,81936,30121,kuori,lud,NOUN,корочка,,,
2904,73242,62442,kuorida,lud,VERB,снимать (сметану),,,
2905,73292,62488,kuorittada,lud,VERB,чистить (картошку),,,
2906,49352,43262,kuorsta,lud,VERB,храпеть (о человеке),,563,B17
2907,49350,43260,kuorzuda,lud,VERB,храпеть (о человеке),,563,B17
2908,43087,37340,kuor’,lud,NOUN,кора (древесных растений),"bark, rind (of a tree)",99,A321
2909,52463,46151,kuošk,lud,NOUN,"полова, мякина",,807,B323
2910,52464,46152,kuošku,lud,NOUN,"полова, мякина",,807,B323
2911,53665,47246,kuožali,lud,NOUN,прялка,,927,B351
2912,53672,47253,kuožal’,lud,NOUN,прялка,,927,B351
2913,46088,40230,kupetada,lud,VERB,"зудеть, чесаться",,338,B12
2914,48839,42780,kupetamaane,lud,NOUN,чесотка,,528,B16
2915,89519,76621,kupse,lud,NOUN,купец,,,
2916,91232,78321,kupsu,lud,NOUN,купец,,,
2917,35066,30172,kupče,lud,NOUN,купец,,,
2918,48624,42573,kurde,lud,NOUN,бедняга,,515,B16
2919,44708,38913,kurg,lud,NOUN,журавль,crane,225,A42
2920,44706,38911,kurgi,lud,NOUN,журавль,crane,225,A42
2921,50336,44153,kurida,lud,VERB,курить,,647,B181
2922,54368,47862,kurikk,lud,NOUN,колотушка (для колки дров),,990,B354
2923,54370,47864,kurikke,lud,NOUN,колотушка (для колки дров),,990,B354
2924,46859,40958,kurkk,lud,NOUN,горло,,393,B12
2925,46857,40956,kurku,lud,NOUN,горло,,393,B12
2926,49929,43782,kurnikk,lud,NOUN,рыбник (пирог),,611,B181
2927,49930,43783,kurnikke,lud,NOUN,рыбник (пирог),,611,B181
2928,78477,67050,kurpičče,lud,NOUN,кабачок,,,
2929,74586,63644,kurs,lud,NOUN,курс,,,
2930,74585,63643,kursad,lud,NOUN,курсы,,,
2931,90842,77927,kursante,lud,NOUN,курсант,,,
2932,35071,30177,kurtke,lud,NOUN,куртка,,,
2933,90955,78041,kurtočke,lud,NOUN,курточка,,,
2934,50337,44154,kur’da,lud,VERB,курить,,647,B181
2935,44709,38914,kur’g,lud,NOUN,журавль,crane,225,A42
2936,58899,51910,kus,lud,ADV,где,,1390,C2
2937,91689,78763,kus-lienou,lud,ADV,где-то,,,
2938,76600,65374,kuspiä,lud,SCONJ,откуда,,,
2939,77306,65982,kuspiäi,lud,ADV,откуда,,,
2940,76603,65377,kuspiätahto,lud,ADV,откуда-нибудь,,,
2941,46987,41081,kusta,lud,VERB,мочиться,,404,B12
2942,45839,39997,kut,lud,ADV,как,,320,B11
2943,77163,65851,kutt,lud,ADV,как,,,
2944,48424,42394,kut’kuttada,lud,VERB,щекотать,,503,B15
2945,16088,14525,kuu,lud,NOUN,месяц,,1411,C3
2946,42106,14525,kuu,lud,NOUN,луна,moon,6,A11
2947,35118,30223,kuudain,lud,NOUN,луна,moon,6,A11
2948,42121,36418,kuudaine,lud,NOUN,луна,moon,6,A11
2949,42117,36414,kuudamaine,lud,NOUN,луна,moon,6,A11
2950,78045,66659,kuudenž,lud,NUM,шестой,,,
2951,46533,40658,kuukiš,lud,NOUN,кукиш,,372,B12
2952,47063,41157,kuulda,lud,VERB,слышать,,413,B12
2953,90127,77205,kuulta,lud,VERB,слушаться,,,
2954,78013,66638,kuuluda,lud,VERB,слышаться,,,
2955,78014,66638,kuuluda,lud,VERB,послышаться,,,
2956,78015,66638,kuuluda,lud,VERB,относиться,,,
2957,78016,66638,kuuluda,lud,VERB,принадлежать,,,
2958,77802,66440,kuulugu,lud,NOUN,календарь,,,
2959,77999,66625,kuuluž,lud,ADJ,известный,,,
2960,78055,66669,kuulužemb,lud,ADJ,более популярный,,,
2961,47021,41115,kuumad,lud,NOUN,брови,,407,B12
2962,74633,63691,kuundeličču,lud,ADJ,послушный,,,
2963,73240,62440,kuundel’ta,lud,VERB,слушать,,,
2964,50335,44152,kuurida,lud,VERB,курить,,647,B181
2965,54371,47865,kuuriš,lud,NOUN,колотушка (для колки дров),,990,B354
2966,49931,43784,kuurnik,lud,NOUN,рыбник (пирог),,611,B181
2967,72527,61806,kuurnis,lud,ADJ,глухой,,,
2968,33420,28767,kuurniš,lud,ADJ,глухой,,414,B12
2969,91111,78202,kuussadat,lud,NUM,шестьсот,,,
2970,56535,49720,kuutti,lud,NOUN,лодка,,1196,B38
2971,58498,51520,kuuz,lud,NUM,шесть,,1355,C1
2972,43164,37410,kuuz,lud,NOUN,ель,spruce,109,A322
2973,34833,29953,kuuzi,lud,NOUN,ель,spruce,109,A322
2974,34834,29954,kuuzine,lud,ADJ,еловый,,,
2975,91256,78344,kuuzipeähine,lud,ADJ,шестиголовый,,,
2976,15877,14314,kuuz’,lud,NUM,шесть,,1355,C1
2977,78754,67292,kuuz’,lud,NOUN,ель,spruce,109,A322
2978,89671,76766,kuučari,lud,NOUN,кучер,,,
2979,89673,76768,kuučeri,lud,NOUN,кучер,,,
2980,43162,37408,kuuž,lud,NOUN,ель,spruce,109,A322
2981,58495,51517,kuuž,lud,NUM,шесть,,1355,C1
2982,58499,51521,kuuže,lud,NUM,шесть,,1355,C1
2983,54843,48299,kuva,lud,NOUN,колодка для обуви,,1038,B356
2984,78222,48299,kuva,lud,NOUN,"картина, рисунок",,,
2985,78223,48299,kuva,lud,NOUN,фотография,,,
2986,78224,48299,kuva,lud,NOUN,образ,,,
2987,42264,36557,kuvahaane,lud,NOUN,тень (отражение от человека или предмета),shadow (reflection from a person or object),18,A12
2988,42260,36553,kuvahaine,lud,NOUN,тень (отражение от человека или предмета),shadow (reflection from a person or object),18,A12
2989,77885,66516,kuvata,lud,VERB,описывать,,,
2990,76677,65439,kuvluv,lud,X,слышно,,,
2991,89793,76885,kuz,lud,SCONJ,где,,,
2992,45074,39266,kuzimuuruoi,lud,NOUN,муравей,ant,260,A44
2993,48425,42395,kučutada,lud,VERB,щекотать,,503,B15
2994,73267,62464,kučuttada,lud,VERB,требовать,,,
2995,48531,42494,kuččuda,lud,VERB,звать,,510,B15
2996,48554,42494,kuččuda,lud,VERB,называть,,511,B15
2997,50562,44375,kušak,lud,NOUN,пояс,,667,B182
2998,50560,44373,kušakk,lud,NOUN,пояс,,667,B182
2999,50561,44374,kušakke,lud,NOUN,пояс,,667,B182
3000,77277,65954,kvartire,lud,NOUN,квартира,,,
3001,34909,30027,kyben,lud,NOUN,искра,,,
3002,57143,50254,kydy,lud,NOUN,"деверь, брат мужа",,1244,B412
3003,44611,38819,kyhkyine,lud,NOUN,голубь,"dove, pigeon",216,A42
3004,52346,46035,kyhläs,lud,NOUN,"суслон, бабка",,796,B322
3005,47257,41343,kyista,lud,VERB,догонять,,426,B15
3006,73168,62384,kylbedä,lud,VERB,купаться,,,
3007,82089,62384,kylbedä,lud,VERB,париться (в бане),,690,B182
3008,50856,44651,kylbei,lud,VERB,париться (в бане),,690,B182
3009,46474,40599,kylgi,lud,NOUN,бок,,367,B12
3010,45887,40041,kylläine,lud,ADJ,"толстый, полный (о человеке)",,324,B12
3011,50362,40041,kylläine,lud,ADJ,сытый,,644,B181
3012,76278,65111,kylläl,lud,ADV,вдоволь,,,
3013,81937,65111,kylläl,lud,ADV,досыта,,,
3014,42512,36797,kylm mua,lud,PHRASE,мерзлота,frozen ground,40,A12
3015,49025,42958,kylmda,lud,VERB,замерзать,,538,B16
3016,49135,42958,kylmda,lud,VERB,простужаться,,540,B16
3017,74673,63728,kylmkuu,lud,NOUN,ноябрь,,,
3018,49833,43692,kylmä,lud,ADJ,холодный,,603,B181
3019,49024,42957,kylmädä,lud,VERB,"замерзать, зябнуть",,538,B16
3020,49137,42957,kylmädä,lud,VERB,простужаться,,540,B16
3021,52175,45871,kylvädä,lud,VERB,сеять,,782,B321
3022,72703,61969,kylvämine,lud,NOUN,пашня,,,
3023,25039,22255,kyly,lud,NOUN,баня,,1109,B372
3024,72617,61893,kylyn ižände,lud,PHRASE,"хозяин бани, баенщик (нечистая сила)",,,
3025,90008,77091,kylynpäiv,lud,NOUN,банный день,,,
3026,72817,62079,kylä,lud,NOUN,"деревня, село",,1281,B51
3027,78176,66776,kyläelaig,lud,NOUN,деревенская жизнь,,,
3028,78006,66632,kyläläine,lud,ADJ,деревенский,,,
3029,77828,66464,kyläpruaznik,lud,NOUN,деревенский праздник,,,
3030,50291,44108,kylääne,lud,ADJ,сытый,,644,B181
3031,16030,14467,kyl’bkost’um,lud,NOUN,купальный костюм,,,
3032,46478,40603,kyl’g,lud,NOUN,бок,,367,B12
3033,76732,65489,kyl’l’äšči,lud,ADV,щедро,,,
3034,82132,70091,kyl’m,lud,ADJ,холодный,,603,B181
3035,16100,14537,kyl’mkuu,lud,NOUN,ноябрь,,,
3036,13618,12294,kymmene,lud,NUM,десять,,1359,C1
3037,78428,67008,kymmenendž,lud,NUM,десятый,,,
3038,72644,61919,kymmenike,lud,NOUN,десятский,,,
3039,58535,51557,kymne,lud,NUM,десять,,1359,C1
3040,55552,48895,kyndys,lud,NOUN,порог,,1101,B372
3041,55551,48894,kyndyz,lud,NOUN,порог,,1101,B372
3042,52265,45961,kyndäi,lud,VERB,пахать,,790,B321
3043,85926,73344,kyndäi,lud,NOUN,пахарь,,,
3044,44139,38360,kyndž,lud,NOUN,коготь,"claw, talon",174,A411
3045,73287,62483,kyndžidä,lud,VERB,царапать,,,
3046,52264,45960,kynttä,lud,VERB,пахать,,790,B321
3047,44140,38361,kynzi,lud,NOUN,коготь,"claw, talon",174,A411
3048,46553,38361,kynzi,lud,NOUN,ноготь,,375,B12
3049,35033,30141,kynz’,lud,NOUN,коготь,,,
3050,72709,61975,kynä,lud,NOUN,перо (писчее),,,
3051,46511,40636,kynäbrus,lud,NOUN,локоть,,370,B12
3052,46508,40633,kynäbrys,lud,NOUN,локоть,,370,B12
3053,46557,40675,kyn’dž,lud,NOUN,ноготь,,375,B12
3054,47011,41105,kyn’g’,lud,NOUN,слеза,,406,B12
3055,52232,45928,kyps,lud,ADJ,"спелый, зрелый",,787,B321
3056,52234,45930,kypse,lud,ADJ,"спелый, зрелый",,787,B321
3057,42937,37194,kypsetä,lud,VERB,спеть,to ripen,83,A31
3058,52225,45921,kypsi,lud,ADJ,"спелый, зрелый",,787,B321
3059,49894,43747,kyrz,lud,NOUN,блин,,608,B181
3060,49895,43748,kyrze,lud,NOUN,блин,,608,B181
3061,73297,62492,kytkedä,lud,VERB,щипать,,,
3062,52214,45910,kytkidä,lud,VERB,полоть,,786,B321
3063,52208,45904,kytkie,lud,VERB,полоть,,786,B321
3064,52213,45909,kytkii,lud,VERB,полоть,,786,B321
3065,52215,45911,kyt’t’a,lud,VERB,полоть,,786,B321
3066,44700,38906,kyuk,lud,NOUN,кулик,"sandpiper, snipe",224,A42
3067,78105,66719,kyynel,lud,NOUN,слеза,,,
3068,47001,41095,kyynäl,lud,NOUN,слеза,,406,B12
3069,47005,41099,kyynäl’,lud,NOUN,слеза,,406,B12
3070,46510,40635,kyynäspiä,lud,NOUN,локоть,,370,B12
3071,47010,41104,kyyn’al,lud,NOUN,слеза,,406,B12
3072,46509,40634,kyyn’aspiä,lud,NOUN,локоть,,370,B12
3073,77941,66570,kyzel’ta,lud,VERB,опрашивать,,,
3074,77318,65994,kyzyda,lud,VERB,спрашивать,,,
3075,57276,50380,kyzydä,lud,VERB,спрашивать,,1256,B42
3076,15982,14419,kyzyndlist,lud,NOUN,анкета,,,
3077,90438,77523,kyčištydä,lud,VERB,оседать,,,
3078,43149,37396,käbry,lud,NOUN,шишка (хвойных деревьев),cone,108,A322
3079,54325,37396,käbry,lud,NOUN,поплавок,,969,B353
3080,35750,30740,käbryöisieni,lud,NOUN,мухомор,,,
3081,43152,37399,käby,lud,NOUN,шишка (хвойных деревьев),cone,108,A322
3082,54318,37399,käby,lud,NOUN,"игла, иглица для вязания сетей",,966,B353
3083,78752,67291,käbäl,lud,NOUN,лапа (у собаки),paw,176,A412
3084,35081,30187,käbäl,lud,NOUN,лапа (у собаки),paw,176,A412
3085,78753,67291,käbäl,lud,NOUN,"лапа, клешня",paw,,
3086,78528,30187,käbäl,lud,NOUN,"лапа, клешня",,,
3087,35090,30196,käbäläine,lud,NOUN,лапка,,,
3088,45141,39333,kägentiäi,lud,NOUN,клещ,tick,263,A44
3089,48505,42469,kägetä,lud,VERB,обещать,,508,B15
3090,44532,38740,kägi,lud,NOUN,кукушка,cuckoo,211,A42
3091,45143,39335,kägintiäi,lud,NOUN,клещ,tick,263,A44
3092,44536,38744,kägyöi,lud,NOUN,кукушка,cuckoo,211,A42
3093,45142,39334,kägyöintiäi,lud,NOUN,клещ,tick,263,A44
3094,48482,42448,käksta,lud,VERB,велеть,,507,B15
3095,35087,30193,kämmen,lud,NOUN,ладонь,,369,B12
3096,46489,40614,kämmen’,lud,NOUN,ладонь,,369,B12
3097,90353,77426,käppe,lud,NOUN,лапка животного,,,
3098,44173,38391,käpče,lud,NOUN,лапа (медведя),paw,176,A412
3099,45321,39509,kärbääne,lud,NOUN,муха,,276,A44
3100,56418,49637,käri,lud,NOUN,телега,,1186,B38
3101,73285,62481,kärištä,lud,VERB,хрипеть,,,
3102,90075,77153,käry,lud,NOUN,бричка,,,
3103,44182,38399,kärz,lud,NOUN,морда,"face of an animal, muzzle, snout",177,A412
3104,72793,62055,kärze,lud,NOUN,рыло,,,
3105,48480,42446,käskedä,lud,VERB,велеть,,507,B15
3106,72756,62019,käskende,lud,NOUN,приказ,,,
3107,48481,42447,käsktä,lud,VERB,велеть,,507,B15
3108,90514,77603,käskylyöitä,lud,VERB,ходить в прислугах,,,
3109,72778,62040,käskyläine,lud,NOUN,работница,,,
3110,34898,30016,kätkyd,lud,NOUN,"колыбель, зыбка",,1229,B413
3111,35716,30016,kätkyd,lud,NOUN,люлька,,,
3112,56984,50116,kätkytt,lud,NOUN,"колыбель, зыбка",,1229,B413
3113,83485,71163,kätte,lud,NOUN,люлька,,,
3114,16015,14452,kävelemiine,lud,NOUN,ходьба	,,,
3115,48267,42250,käveltä,lud,VERB,ходить,,490,B15
3116,90942,78028,kävelüs,lud,NOUN,поход,,,
3117,48268,42251,kävel’ta,lud,VERB,ходить,,490,B15
3118,34403,29587,kävyda,lud,VERB,ходить,,,
3119,23910,21394,kävydä,lud,VERB,"ходить, идти",,,
3120,77271,65948,käzi,lud,NOUN,рука,,,
3121,50914,44707,käzipaik,lud,NOUN,полотенце,,693,B182
3122,50913,44706,käzipaikke,lud,NOUN,полотенце,,693,B182
3123,78377,66959,käziruado,lud,NOUN,рукоделие,,,
3124,46572,40690,käziryystö,lud,NOUN,запястье,,376,B12
3125,46486,40611,käži,lud,NOUN,рука,,368,B12
3126,50912,44705,käžipaikk,lud,NOUN,полотенце,,693,B182
3127,43203,37448,käžne,lud,NOUN,гриб-трутовик,polypore,113,A322
3128,91734,78806,kövhtydä,lud,VERB,беднеть,,,
3129,91735,78807,kövhys,lud,NOUN,бедность,,,
3130,76257,65091,kövhäli,lud,ADV,бедно,,,
3131,55146,48530,köyh,lud,ADJ,"бедный, неимущий",,1064,B36
3132,32664,28299,köyhe,lud,ADJ,бедный,,,
3133,32665,28300,köyhys,lud,NOUN,бедность,,,
3134,89809,76901,küläine,lud,NOUN,деревушка,,,
3135,90182,77260,külüine,lud,NOUN,банька,,,
3136,90146,77224,kümmenikke,lud,NOUN,десятник,,,
3137,54103,47639,k’aludim,lud,NOUN,планка для вязания сетей,,967,B353
3138,53937,47498,labaz,lud,NOUN,лабаз,,953,B353
3139,53690,47271,labd’e,lud,NOUN,лопата,,929,B351
3140,53691,47272,labid,lud,NOUN,лопата,,929,B351
3141,53689,47270,labido,lud,NOUN,лопата,,929,B351
3142,35108,30213,labje,lud,NOUN,лопата,,,
3143,78161,66761,ladinalaine,lud,ADJ,латинский,,,
3144,47422,41494,lad’d’ata,lud,VERB,"укладывать, складывать в определенном порядке",,437,B15
3145,74580,63638,lagevus,lud,NOUN,просторы,,,
3146,55545,48888,lagi,lud,NOUN,потолок,,1100,B372
3147,44725,38929,laglattada,lud,VERB,курлыкать,to scream making 'kurla' sounds (about cranes),226,A42
3148,52240,45936,lago,lud,NOUN,полеглость,,788,B321
3149,35088,30194,lahani,lud,NOUN,лохань,,,
3150,57468,50563,lahd’oda,lud,VERB,дарить,,1268,B43
3151,54434,47928,lahk,lud,NOUN,половица,,997,B354
3152,54433,47927,lahko,lud,NOUN,"балка, половица",,997,B354
3153,44985,39177,lahn,lud,NOUN,лещ,"common bream, freshwater bream, bream, bronze bream, carp bream",252,A43
3154,72754,62017,lahnanparuliine,lud,NOUN,подлещик,,,
3155,35100,30205,lahne,lud,NOUN,лещ,"common bream, freshwater bream, bream, bronze bream, carp bream",252,A43
3156,42983,37238,laho,lud,ADJ,гнилой (о дереве),"rotten, putrid",88,A321
3157,90256,77332,lahovuda,lud,VERB,гнить,,,
3158,42718,36992,lahti,lud,NOUN,залив,"bay, gulf",58,A21
3159,42688,36965,laid,lud,NOUN,пространство озера (вдали от берегов),Lake area (away from the coast),55,A21
3160,56578,36965,laid,lud,NOUN,борт лодки,,1197,B38
3161,42689,36966,laide,lud,NOUN,пространство озера (вдали от берегов),Lake area (away from the coast),55,A21
3162,56580,36966,laide,lud,NOUN,борт лодки,,1197,B38
3163,45910,40062,laih,lud,ADJ,"худой, тощий",,326,B12
3164,45912,40064,laihe,lud,ADJ,"худой, тощий",,326,B12
3165,55122,48506,laihin,lud,NOUN,долг,,1061,B36
3166,33349,28705,laihina,lud,ADV,взаймы,,,
3167,46263,40395,lainata,lud,VERB,глотать,,351,B12
3168,46265,40397,lainda,lud,VERB,глотать,,351,B12
3169,42583,36864,lainiž,lud,NOUN,волна,wave,48,A21
3170,52576,36864,lainiž,lud,NOUN,валок (сена),,816,B324
3171,42589,36870,laiveta,lud,VERB,"утихать, успокаиваться (о ветре, реке, море и т.п.)",to calm down,49,A21
3172,35089,30195,lakke,lud,NOUN,лак,,,
3173,90013,77095,lambahasnahkaine,lud,ADJ,"барашковый, сшитый из меха барашка",,,
3174,53029,46678,lambas,lud,NOUN,овца,,861,B331
3175,72688,61956,lambaz,lud,NOUN,овца,,,
3176,42667,36947,lambi,lud,NOUN,маленькое лесное озеро,small forest lake,54,A21
3177,35086,30192,lampadke,lud,NOUN,лампадка,,,
3178,35079,30185,lamppe,lud,NOUN,лампа,,,
3179,91738,78810,landeh,lud,NOUN,бедро,,,
3180,56211,49471,lang,lud,NOUN,"нить, нитка",,1170,B375
3181,56212,49472,lange,lud,NOUN,"нить, нитка",,1170,B375
3182,47804,41838,langeda,lud,VERB,падать,,460,B15
3183,76476,65275,langedasua,lud,ADV,до упаду,,,
3184,47789,41824,langeta,lud,VERB,падать,,460,B15
3185,47800,41834,langetta,lud,VERB,падать,,460,B15
3186,47803,41837,lankta,lud,VERB,падать,,460,B15
3187,35080,30186,lape,lud,NOUN,лапа,,,
3188,57333,50434,lapit,lud,NOUN,саамы,,1260,B42
3189,50583,44396,lapp,lud,NOUN,пряжка,,669,B182
3190,91627,78701,lappalaine,lud,NOUN,саам,,,
3191,57339,50440,lappalaižet,lud,NOUN,саамы,,1260,B42
3192,50585,44398,lappe,lud,NOUN,пряжка,,669,B182
3193,72715,44398,lappe,lud,NOUN,петля,,,
3194,91626,78700,lappi,lud,NOUN,саам,,,
3195,72683,61951,lapsenkaččuoi,lud,NOUN,няня,,,
3196,74618,63676,lapsestuz,lud,NOUN,детство,,,
3197,78177,66777,lapsestuzaig,lud,NOUN,детство,,,
3198,91751,78823,lapsetoine,lud,ADJ,бездетный,,,
3199,90721,77810,lapseštida,lud,VERB,проводить детство,,,
3200,14936,13463,lapsi,lud,NOUN,"ребёнок, дитя",,1227,B413
3201,16056,14493,lapsiinpert’,lud,NOUN,детская комната	,,,
3202,83364,71071,lapsud,lud,NOUN,ребёночек,,,
3203,82357,70269,lapsut,lud,NOUN,ребёночек,,,
3204,91680,78755,lapsuzaige,lud,NOUN,детство,,,
3205,56962,50094,laps’,lud,NOUN,ребенок,,1227,B413
3206,82129,70089,lapš,lud,NOUN,ребенок,,1227,B413
3207,48144,42134,laskeda,lud,VERB,пускать,,483,B15
3208,42100,36399,laskedakseh,lud,VERB,"опуститься, закатиться (о небесных светилах)","to descend, to set (of a heavenly body)",5,A11
3209,53226,46855,lasketada,lud,VERB,цедить (молоко),,881,B333
3210,53224,46853,laskettada,lud,VERB,цедить (молоко),,881,B333
3211,89720,46853,laskettada,lud,VERB,распрягать,,,
3212,53225,46854,laskettai,lud,VERB,цедить (молоко),,881,B333
3213,42099,36398,laskezeta,lud,VERB,"опуститься, закатиться (о небесных светилах)","to descend, to set (of a heavenly body)",5,A11
3214,48147,42137,laskta,lud,VERB,пускать,,483,B15
3215,42101,36400,lasktakse,lud,VERB,"опуститься, закатиться (о небесных светилах)","to descend, to set (of a heavenly body)",5,A11
3216,54407,47901,last,lud,NOUN,щепка,,994,B354
3217,54405,47899,lastu,lud,NOUN,щепка,,994,B354
3218,44302,38518,lastušk,lud,NOUN,ласка,weasel (mammal),189,A412
3219,55504,48847,late,lud,NOUN,пол,,1096,B372
3220,55507,48850,lattii,lud,NOUN,пол,,1096,B372
3221,72748,62011,lat’t’i,lud,NOUN,пол,,,
3222,54421,47915,laud,lud,NOUN,доска,,996,B354
3223,34809,29931,laudaine,lud,NOUN,дощечка,,,
3224,54423,47917,laude,lud,NOUN,доска,,996,B354
3225,72877,47917,laude,lud,NOUN,тес,,,
3226,54996,48389,lauk,lud,NOUN,магазин,,1048,B36
3227,15947,14384,laukk,lud,NOUN,магазин ,,1048,B36
3228,43827,38058,laukk,lud,NOUN,лук,onion,147,A34
3229,35117,30222,laukke,lud,NOUN,лук,onion,147,A34
3230,89545,76647,laukke,lud,NOUN,магазин,,,
3231,56669,49830,laukku,lud,NOUN,котомка,,1205,B38
3232,53172,46802,laulada,lud,VERB,петь (о петухе),,874,B332
3233,83339,46802,laulada,lud,VERB,петь,,,
3234,53173,46803,laulda,lud,VERB,петь (о петухе),,874,B332
3235,56708,49869,laut,lud,NOUN,плот,,1208,B38
3236,72722,61987,laute,lud,NOUN,плот,,,
3237,56707,49868,lautt,lud,NOUN,плот,,1208,B38
3238,33488,28828,lautte,lud,NOUN,доска,,,
3239,56720,28828,lautte,lud,NOUN,плот,,1208,B38
3240,16077,14514,lauč,lud,NOUN,лавка ,,1082,B371
3241,55338,48691,laučč,lud,NOUN,лавка,,1082,B371
3242,55339,48692,laučče,lud,NOUN,лавка,,1082,B371
3243,53934,47495,lava,lud,NOUN,лабаз,,953,B353
3244,55619,47495,lava,lud,NOUN,пол,,1096,B372
3245,51623,45384,lašk,lud,ADJ,ленивый,,740,B23
3246,35127,30231,laške,lud,ADJ,ленивый,,740,B23
3247,35128,30232,laškuz,lud,NOUN,лень,,,
3248,53819,47397,laštvod,lud,NOUN,высевки,,941,B352
3249,78202,66799,lebauzuda,lud,VERB,отдохнуть,,,
3250,57598,50692,lebävdydä,lud,VERB,отдыхать,,1278,B43
3251,52837,46516,lehm,lud,NOUN,корова,,847,B331
3252,35042,30149,lehme,lud,NOUN,корова,,847,B331
3253,43224,37469,lehmuz,lud,NOUN,липа,linden,115,A322
3254,15998,14435,leht,lud,NOUN,газета,,,
3255,56493,14435,leht,lud,NOUN,передок саней,,1189,B38
3256,78751,14435,leht,lud,NOUN,лист,,98,A321
3257,43077,37332,lehte,lud,NOUN,лист,leaf,98,A321
3258,35103,30208,lehtes,lud,NOUN,лист (на дереве),leaf,98,A321
3259,43073,37328,lehti,lud,NOUN,лист,leaf,98,A321
3260,56494,37328,lehti,lud,NOUN,передок саней,,1189,B38
3261,43075,37330,leht’,lud,NOUN,лист,leaf,98,A321
3262,53710,47288,leib,lud,NOUN,хлеб,,931,B352
3263,53711,47289,leibe,lud,NOUN,хлеб,,931,B352
3264,43719,37957,leibäd,lud,NOUN,"хлеб, хлеба (все злаковые культуры)",bread (all cereals),136,A33
3265,46233,40367,leig,lud,NOUN,подбородок,,347,B12
3266,47874,41903,leikata,lud,VERB,рубить,,468,B15
3267,52308,41903,leikata,lud,VERB,жать,,792,B322
3268,53884,41903,leikata,lud,VERB,"резать, вырезать",,947,B352
3269,47890,41916,leikatta,lud,VERB,рубить,,468,B15
3270,72649,61923,leikkalmas,lud,NOUN,зарубка,,,
3271,89698,76793,leikkata,lud,VERB,рубить,,,
3272,89699,76793,leikkata,lud,VERB,резать,,,
3273,53866,47444,leikkatta,lud,VERB,резать,,947,B352
3274,90114,77192,leikota,lud,VERB,резать,,,
3275,43461,37702,leivät,lud,NOUN,"хлеб, хлеба (все злаковые культуры)",bread (all cereals),136,A33
3276,89709,76803,lekahtada,lud,VERB,шатнуться,,,
3277,77920,66550,lekcii,lud,NOUN,лекция,,,
3278,48251,42236,lekkuda,lud,VERB,двигаться,,489,B15
3279,56996,50128,lekuttada,lud,VERB,"качать, укачивать (ребенка в колыбели)",,1230,B412
3280,47622,41658,lendada,lud,VERB,летать,,448,B15
3281,73098,62326,lendel’tä,lud,VERB,летать,,,
3282,15974,14411,lendoazem,lud,NOUN,аэропорт,,,
3283,15954,14391,lendokoneh,lud,NOUN,самолет,,,
3284,47624,41660,lendäda,lud,VERB,летать,,448,B15
3285,47623,41659,lendäi,lud,VERB,летать,,448,B15
3286,35092,30198,lente,lud,NOUN,лента,,,
3287,35095,30200,lepeške,lud,NOUN,лепешка,,,
3288,90883,77965,lepikkö,lud,NOUN,ольшанник,,,
3289,43261,37506,lepp,lud,NOUN,ольха,alder,120,A322
3290,43263,37508,leppe,lud,NOUN,ольха,alder,120,A322
3291,78424,67004,leshoz,lud,NOUN,лесхоз,,,
3292,56825,49957,leski,lud,NOUN,вдова,,1217,B412
3293,89768,76861,lesničesve,lud,NOUN,лесничество,,,
3294,77367,66042,lesopunkt,lud,NOUN,лесопункт,,,
3295,90058,77136,lespromhoze,lud,NOUN,леспромхоз,,,
3296,56828,49960,les’k,lud,NOUN,вдова,,1217,B412
3297,47625,41661,leta,lud,VERB,летать,,448,B15
3298,49882,43735,lettu,lud,NOUN,блин,,608,B181
3299,46228,40363,leug,lud,NOUN,подбородок,,347,B12
3300,46232,40366,leuge,lud,NOUN,подбородок,,347,B12
3301,35091,30197,leva,lud,NOUN,лев,,,
3302,58722,51733,leved,lud,ADJ,широкий,,1377,C2
3303,76730,65487,levedemb,lud,ADV,шире,,,
3304,58721,51732,levei,lud,ADJ,широкий,,1377,C2
3305,44161,38382,leveiočču,lud,NOUN,медведь,bear,175,A412
3306,52564,46250,levitada,lud,VERB,"разбрасывать, расстилать (копны сена)",,819,B324
3307,91078,78169,leviteltä,lud,VERB,распукать,,,
3308,52565,46251,levittädä,lud,VERB,"разбрасывать, расстилать (копны сена)",,819,B324
3309,52566,46252,levittäi,lud,VERB,"разбрасывать, расстилать (копны сена)",,819,B324
3310,35063,30169,levo,lud,NOUN,крыша,,,
3311,89688,76783,lewhketä,lud,VERB,хвастаться,,,
3312,73280,62476,leykädä,lud,VERB,хвастать,,,
3313,74659,63714,leččida,lud,VERB,лечить,,,
3314,56827,49959,lešk,lud,NOUN,вдова,,1217,B412
3315,58191,51247,lešuoi,lud,NOUN,леший,,1326,B52
3316,35098,30203,ležanke,lud,NOUN,лежанка,,,
3317,56394,49613,libed,lud,ADJ,скользкий,,1181,B38
3318,56393,49612,libei,lud,ADJ,скользкий,,1181,B38
3319,74627,63685,libo,lud,CCONJ,либо,,,
3320,15910,14347,licei,lud,NOUN,лицей,,,
3321,15966,14403,lidn,lud,NOUN,город,,1287,B51
3322,57724,50808,lidne,lud,NOUN,город,,1287,B51
3323,44930,39123,lidžut,lud,NOUN,молодь рыбы,juvenile fish,244,A43
3324,56002,49296,liedehm,lud,NOUN,"загнетка (место на шестке или в самой русской печи (около устья), куда сгребают горящие угли)",,1146,B374
3325,34417,29601,liettä,lud,VERB,будет,,,
3326,73104,62331,lieččida,lud,VERB,лечить,,,
3327,54526,48000,lieččoda,lud,VERB,раздувать (горн),,1003,B355
3328,33459,28800,liga,lud,NOUN,грязь,,,
3329,56380,49599,ligakkaz,lud,ADJ,грязный,,1180,B38
3330,16099,14536,ligakuu,lud,NOUN,октябрь,,,
3331,35737,30728,ligo,lud,NOUN,мочало,,,
3332,56247,49507,ligotada,lud,VERB,замачивать,,1174,B375
3333,53467,47068,ligottada,lud,VERB,мочить,,904,B34
3334,56359,47068,ligottada,lud,VERB,замачивать,,1174,B375
3335,53468,47069,ligottai,lud,VERB,мочить,,904,B34
3336,56360,47069,ligottai,lud,VERB,замачивать,,,
3337,33446,28788,liha,lud,NOUN,"мясо, говядина",,985,B353
3338,46635,40750,lihašmötk,lud,NOUN,икра ноги,,380,B12
3339,58892,51903,liide,lud,NOUN,восток,,1389,C2
3340,58416,51463,liig,lud,ADJ,лишний,,1347,C1
3341,76675,65437,liigakš,lud,ADV,слишком,,,
3342,58418,51465,liige,lud,ADJ,лишний,,1347,C1
3343,48250,42235,liikkuda,lud,VERB,двигаться,,489,B15
3344,56999,50131,liikutada,lud,VERB,"качать, укачивать (ребенка в колыбели)",,1230,B412
3345,73294,50131,liikutada,lud,VERB,шевелить (качать),,,
3346,57000,50132,liikuttai,lud,VERB,"качать, укачивать (ребенка в колыбели)",,1230,B412
3347,83494,71172,liikuttua,lud,VERB,качать,,,
3348,53456,47057,liin,lud,NOUN,конопля,,903,B34
3349,53453,47054,liina,lud,NOUN,конопля,,903,B34
3350,53457,47058,liine,lud,NOUN,конопля,,903,B34
3351,53703,47284,liino,lud,NOUN,конопля,,903,B34
3352,45097,39289,liipak,lud,NOUN,бабочка,butterfly,261,A44
3353,45098,39290,liipakuone,lud,NOUN,бабочка,butterfly,261,A44
3354,89977,77063,liipoi,lud,NOUN,бабочка,,,
3355,32607,28243,liipuoi,lud,NOUN,бабочка,butterfly,261,A44
3356,56560,49745,liivaz,lud,NOUN,черпак (в лодке),,1198,B38
3357,48168,42156,likuttada,lud,VERB,"трогать, прикасаться",,485,B15
3358,35105,30210,limon,lud,NOUN,лимон,,,
3359,44425,38640,lind,lud,NOUN,птица,bird,200,A42
3360,44422,38637,lindu,lud,NOUN,птица,bird,200,A42
3361,72645,38637,lindu,lud,NOUN,дичь,,,
3362,77951,66579,linduine,lud,NOUN,птичка,,,
3363,43416,37658,linduoi,lud,NOUN,костяника,stone bramble,132,A323
3364,43413,37656,lindžoi,lud,NOUN,костяника,stone bramble,132,A323
3365,43417,37659,lindžuoi,lud,NOUN,костяника,stone bramble,132,A323
3366,35104,30209,lineike,lud,NOUN,линейка,,,
3367,57723,50807,linnu,lud,NOUN,город,,1287,B51
3368,55891,49200,lipas,lud,NOUN,сундук,,1136,B373
3369,56551,49736,lippi,lud,NOUN,черпак (в лодке),,1198,B38
3370,72887,62143,lipsu,lud,NOUN,трепало,,,
3371,73263,62460,lipsuta,lud,VERB,трепать (лен),,,
3372,53449,47050,lipsuttada,lud,VERB,трепать (лен),,902,B34
3373,47510,41570,liputtada,lud,VERB,"махать, взмахивать, размахивать",,442,B15
3374,46147,40288,lisii,lud,ADJ,лысый,,340,B12
3375,35102,30207,liste,lud,NOUN,лист (бумаги),,,
3376,77872,66503,literatuur,lud,NOUN,литература,,,
3377,89943,77032,litre,lud,NOUN,литр,,,
3378,56559,49744,liuhe,lud,NOUN,черпак (в лодке),,1198,B38
3379,56558,49743,liuhh,lud,NOUN,черпак (в лодке),,1198,B38
3380,52316,46005,liuhtes,lud,NOUN,сноп,,794,B322
3381,78162,66762,livvikse,lud,ADV,по-ливвиковски,,,
3382,52317,46006,liwhteh,lud,NOUN,сноп,,794,B322
3383,15932,14369,liägär’,lud,NOUN,доктор,,,
3384,52645,46324,liäv,lud,NOUN,хлев,,825,B331
3385,52646,46325,liäve,lud,NOUN,хлев,,825,B331
3386,48097,42103,ličaata,lud,VERB,"сжимать, сдавливать, стискивать",,480,B15
3387,48096,42102,ličaita,lud,VERB,"сжимать, сдавливать, стискивать",,480,B15
3388,48093,42099,ličaita ličaata,lud,PHRASE,"сжимать, сдавливать, стискивать",,480,B15
3389,78583,67142,ličtakse,lud,VERB,"соваться, пихаться",,,
3390,76277,65110,ližakš,lud,ADV,вдобавок,,,
3391,47835,41865,ližata,lud,VERB,добавлять,,464,B15
3392,47836,41866,ližatta,lud,VERB,добавлять,,464,B15
3393,90435,77520,ližnuoi,lud,ADJ,лыжный,,,
3394,47834,41864,ližätä,lud,VERB,добавлять,,464,B15
3395,42786,37054,lodm,lud,NOUN,низина,lowland,67,A22
3396,42784,37053,logo,lud,NOUN,низина,lowland,67,A22
3397,35114,30219,lohi,lud,NOUN,лосось,salmon,245,A43
3398,51875,45628,lohkaata,lud,VERB,"отломить, отколоть",,759,B31
3399,51874,45627,lohkaita,lud,VERB,"отломить, отколоть",,759,B31
3400,46843,40943,lohkuoit,lud,NOUN,легкие,,392,B12
3401,54706,48162,loim,lud,NOUN,основа ткани,,1022,B356
3402,54704,48160,loimi,lud,NOUN,основа ткани,,1022,B356
3403,72531,61810,loitoine,lud,ADJ,дальний,,,
3404,91013,78105,loitoks,lud,ADV,далеко,,,
3405,90082,77160,loitokse,lud,ADV,далеко,,,
3406,76616,65384,loitomb,lud,ADV,подальше,,,
3407,72565,61842,loitombi,lud,ADJ,дальше,,,
3408,33470,28811,loiton,lud,ADV,"далеко, вдалеке",,,
3409,76493,65284,loitonpiä,lud,ADV,издалека,,,
3410,77869,66500,loitozespiäi,lud,ADV,издалека,,,
3411,90097,77176,loitoči,lud,ADV,далеко,,,
3412,89767,76860,loitton,lud,ADV,далеко,,,
3413,33473,28814,loittuoine,lud,ADJ,дальний,,,
3414,33474,28814,loittuoine,lud,ADJ,далёкий,,1368,C2
3415,58601,51623,loituoine,lud,ADJ,далекий,,1368,C2
3416,15871,14308,loma,lud,NOUN,отпуск,,,
3417,35107,30212,loma,lud,NOUN,лом,,,
3418,90352,77425,lomu,lud,NOUN,вещь,,,
3419,73245,62444,lomuta,lud,VERB,сорить,,,
3420,3567,3537,loppida,lud,VERB,заканчивать,,466,B15
3421,78140,3537,loppida,lud,VERB,прекращать,,,
3422,78141,3537,loppida,lud,VERB,завершать,,,
3423,78142,3537,loppida,lud,VERB,оканчивать,,,
3424,47850,41880,loppie,lud,VERB,кончать,,466,B15
3425,74647,63705,loppu,lud,NOUN,конец,,,
3426,85001,72511,loppuda,lud,VERB,заканчиваться,,,
3427,91761,78834,loppumatoine,lud,ADJ,бесконечный,,,
3428,76261,65095,loppumatta,lud,ADV,бесконечно,,,
3429,15990,14427,loppumyönd,lud,NOUN,распродажа	,,,
3430,47855,41885,lop’ta,lud,VERB,кончать,,466,B15
3431,91779,78853,losnida,lud,VERB,"блестеть, лосниться",,,
3432,91780,78854,losnii,lud,ADJ,блестящий,,,
3433,91777,78850,losnind,lud,NOUN,блеск,,,
3434,45241,39432,lotuoi,lud,NOUN,лягушка,,272,A44
3435,34822,29943,loukko,lud,NOUN,дыра,,679,B182
3436,34823,29943,loukko,lud,NOUN,отверстие,,,
3437,72675,29943,loukko,lud,NOUN,нора,,,
3438,50694,44507,loukku,lud,NOUN,дыра,,679,B182
3439,73158,62381,loukot azuta,lud,PHRASE,"выдалбливать, делать дыру",,,
3440,53447,47048,loukuttada,lud,VERB,трепать (лен),,902,B34
3441,73112,47048,loukuttada,lud,VERB,мять,,,
3442,73264,62461,loškada,lud,VERB,"бить, трещать",,,
3443,78508,67080,loškahtadakse,lud,VERB,"стукнуть, хлопнуть",,,
3444,72836,62097,lošnida,lud,VERB,блестеть,,,
3445,83491,71169,lošnituz,lud,NOUN,блеск,,,
3446,42787,37055,ložme,lud,NOUN,низина,lowland,67,A22
3447,77174,65862,luad,lud,NOUN,форма; манера; качество,,,
3448,51738,45491,luadida,lud,VERB,делать,,749,B31
3449,54947,45491,luadida,lud,VERB,выделывать кожу,,1033,B356
3450,72660,61930,luadon’,lud,NOUN,ладонь,,,
3451,35083,30189,luari,lud,NOUN,ларь,,,
3452,44301,38517,luasičču,lud,NOUN,ласка,weasel (mammal),189,A412
3453,77961,66588,luaskav,lud,ADJ,ласковый,,,
3454,74630,63688,luaskave,lud,ADJ,ласковый,,,
3455,45158,39349,ludeg,lud,NOUN,клоп,,265,A44
3456,55055,48448,lugeda,lud,VERB,считать,,1055,B36
3457,57847,48448,lugeda,lud,VERB,читать,,1292,B511
3458,15911,14348,lugend,lud,NOUN,лекция,,,
3459,72953,62200,lugii,lud,NOUN,чтец,,,
3460,78431,67011,lugunvedaj,lud,NOUN,бухгалтер,,,
3461,42384,36675,luht,lud,NOUN,лужа,puddle,30,A12
3462,42800,36675,luht,lud,NOUN,"пойма, заливной луг","flood plain, water meadow",68,A22
3463,35119,30224,luhte,lud,NOUN,лужа,puddle,30,A12
3464,42799,30224,luhte,lud,NOUN,"пойма, заливной луг","flood plain, water meadow",68,A22
3465,51377,45145,luikkada,lud,VERB,плакать,,726,B22
3466,16021,14458,luistelu,lud,NOUN,конькобежный спорт,,,
3467,16024,14461,luistelupeld,lud,NOUN,каток,,,
3468,16023,14460,luistilii,lud,NOUN,конькобежец,,,
3469,16022,14459,luistimed,lud,NOUN,коньки,,,
3470,35051,30158,luja,lud,ADJ,крепкий (о материи),,,
3471,58410,51457,lujah,lud,ADV,"изрядно, порядочно, довольно",,1346,C1
3472,76547,65328,lujali,lud,ADV,накрепко,,,
3473,73273,62469,lujeta,lud,VERB,укреплять,,,
3474,55594,48937,lukk,lud,NOUN,замок,,1105,B372
3475,34858,29976,lukku,lud,NOUN,замок,,1105,B372
3476,35121,30226,lukoške,lud,NOUN,лукошко,,,
3477,73075,62305,lukuta,lud,VERB,замыкать,,,
3478,42393,36683,lumi,lud,NOUN,снег,snow,32,A12
3479,91757,78829,lumivalged,lud,ADJ,белоснежный,,,
3480,55204,48588,lunnastada,lud,VERB,выкупить,,1070,B36
3481,43418,37660,lun’džuo,lud,NOUN,костяника,stone bramble,132,A323
3482,54702,48158,luoda,lud,VERB,основать,,1021,B356
3483,58862,51873,luodeh,lud,NOUN,запад,,1388,C2
3484,35120,30225,luodo,lud,NOUN,луда,,,
3485,47027,41121,luomi,lud,NOUN,веко,,408,B12
3486,45157,39348,lutik,lud,NOUN,клоп,,265,A44
3487,35007,30115,lutti,lud,NOUN,клоп,,265,A44
3488,24601,21941,luu,lud,NOUN,кость,bone,986,B353
3489,53682,47263,luud,lud,NOUN,метла,,928,B351
3490,35150,30253,luude,lud,NOUN,"метла, голик",,928,B351
3491,43826,38057,luukk,lud,NOUN,лук,onion,147,A34
3492,55790,49099,luzik,lud,NOUN,ложка,,1123,B373
3493,16051,14488,luzikk,lud,NOUN,ложка,,,
3494,35116,30221,luzikke,lud,NOUN,ложка,,1123,B373
3495,54073,47609,lučta,lud,VERB,лучить рыбу,,962,B353
3496,55789,49098,lužikk,lud,NOUN,ложка,,1123,B373
3497,76515,65299,lyhdašči,lud,ADV,кратко,,,
3498,58752,51763,lyhyd,lud,ADJ,короткий,,1380,C2
3499,76514,65298,lyhydaks,lud,ADV,коротко; кратко,,,
3500,58751,51762,lyhyt,lud,ADJ,короткий,,1380,C2
3501,72999,62244,lykkida,lud,VERB,бросать,,,
3502,73039,62244,lykkida,lud,VERB,выкидывать,,,
3503,73090,62319,lykkidä,lud,VERB,кидать,,,
3504,45662,39827,lykky,lud,NOUN,счастье,,300,B11
3505,47407,41481,lykta,lud,VERB,"бросать, кидать",,435,B15
3506,78531,67100,lykäitä,lud,VERB,бросить,,,
3507,47597,41636,lykättä,lud,VERB,толкать,,446,B15
3508,47396,41470,lykätä,lud,VERB,"бросать, кидать",,435,B15
3509,47579,41470,lykätä,lud,VERB,толкать,,446,B15
3510,43096,37349,lyly,lud,NOUN,крень (креневое дерево),compression wood,101,A321
3511,47901,41927,lyvvä,lud,VERB,ударять,,469,B15
3512,74664,63719,lyydi,lud,ADJ,людиковский,,,
3513,74710,63763,lyydi,lud,NOUN,людиковский (язык),,,
3514,78159,66759,lyydikkö,lud,NOUN,карел-людик,,,
3515,57362,50463,lyydikyöit,lud,NOUN,карелы,,1261,B42
3516,74687,63739,lyydilaine,lud,NOUN,карел-людик,,,
3517,77931,63739,lyydilaine,lud,NOUN,людиковский,,,
3518,77877,66508,lyydiläine,lud,ADJ,людиковский,,,
3519,73008,62253,lyöda,lud,VERB,бить,,,
3520,47906,41931,lyödä,lud,VERB,ударять,,469,B15
3521,58658,51680,läbi,lud,ADV,"сквозь, насквозь",,1372,C2
3522,72613,61889,läby,lud,POSTP,сквозь,,,
3523,58662,51684,läbö,lud,ADV,"сквозь, насквозь",,1372,C2
3524,91714,78786,lähel,lud,ADV,"рядом, возле",,,
3525,58593,51615,läheliin’,lud,ADJ,близкий,,1367,C2
3526,58586,51608,lähelline,lud,ADJ,близкий,,1367,C2
3527,91783,78857,läheläine,lud,ADJ,близкий,,,
3528,77870,66501,lähembä,lud,ADV,ближе,,,
3529,78478,67051,lähen,lud,ADV,рядом,,,
3530,78285,66872,lähes,lud,ADV,приблизительно,,,
3531,91117,78208,lähikse,lud,ADV,близко,,,
3532,76264,65098,lähil,lud,ADV,близко,,,
3533,76271,65098,lähil,lud,ADV,вблизи,,,
3534,76613,65098,lähil,lud,ADV,поблизости,,,
3535,91782,78856,lähimaine,lud,ADJ,ближайший,,,
3536,58591,51613,lähimäine,lud,ADJ,близкий,,1367,C2
3537,58592,51614,lähin,lud,ADJ,близкий,,1367,C2
3538,32625,28261,lähin,lud,ADV,близко,,,
3539,58582,51604,lähine,lud,ADJ,близкий,,1367,C2
3540,48306,42287,lähta,lud,VERB,"пойти, отправиться",,494,B15
3541,42654,36934,lähte,lud,NOUN,прорубь,"ice-hole, hole in the ice",52,A21
3542,48305,42286,lähteda,lud,VERB,"пойти, отправиться",,494,B15
3543,23901,21387,lähtedä,lud,VERB,"отправляться, уходить",,,
3544,89994,77079,lähtende,lud,NOUN,отправление,,,
3545,34415,29599,lähtä,lud,VERB,"пойти, идти, отправляться",,,
3546,90055,77133,lähtäi,lud,VERB,уйти,,,
3547,52939,46588,lähtäm,lud,NOUN,нетель,,854,B331
3548,90047,77126,lähtämäine,lud,NOUN,нетель,,,
3549,55800,49109,läikkuda,lud,VERB,блестеть,,1124,B373
3550,55801,49110,läikkydä,lud,VERB,блестеть,,1124,B373
3551,55808,49117,läimädä,lud,VERB,блестеть,,1124,B373
3552,73052,62286,lämbittädä,lud,VERB,греть,,,
3553,73053,62287,lämbitä,lud,VERB,греться,,,
3554,49839,43698,lämm,lud,ADJ,теплый,warm,604,B181
3555,49838,43697,lämm,lud,NOUN,тепло,warm,,
3556,76697,65457,lämm,lud,ADV,тепло,,,
3557,72607,61883,lämme,lud,ADV,тепло,,,
3558,49840,43699,lämme,lud,ADJ,теплый,warm,604,B181
3559,34248,29441,lämmitada,lud,VERB,топить,,,
3560,89587,76688,lämmittäda,lud,VERB,топить,,,
3561,77962,66589,lämmittäda,lud,VERB,"греть, согревать",,,
3562,56044,49338,lämyy,lud,NOUN,огонь,,1151,B374
3563,56082,49338,lämyy,lud,NOUN,костер,,1152,B374
3564,77963,66590,lämöi,lud,NOUN,тепло,,,
3565,55939,49248,lämč,lud,NOUN,"лямка (кошеля, котомки)",,1140,B373
3566,72934,62183,länge,lud,NOUN,хомут,,,
3567,52792,46471,länged,lud,NOUN,хомут,,841,B331
3568,73111,62337,läpettäda,lud,VERB,мигать (часто),,,
3569,78171,66771,läs,lud,ADV,приблизительно,,,
3570,54297,47833,läski,lud,NOUN,"сало, жир",,987,B353
3571,42370,36661,lätäkkö,lud,NOUN,лужа,puddle,30,A12
3572,90780,77868,läz,lud,ADV,приблизительно,,,
3573,50839,44634,löil’,lud,NOUN,пар (в бане),,689,B182
3574,47233,41325,löitä,lud,VERB,найти,,424,B15
3575,35085,30191,löpyöi,lud,NOUN,лапоть,,,
3576,45243,39434,lötyö,lud,NOUN,лягушка,,272,A44
3577,45242,39433,lötyöi,lud,NOUN,лягушка,,272,A44
3578,72670,61939,löudande,lud,NOUN,находка,,,
3579,47232,41324,löuta,lud,VERB,найти,,424,B15
3580,47230,41322,löutta,lud,VERB,найти,,424,B15
3581,91723,78797,lövhädä,lud,VERB,бахвалиться,,,
3582,47511,41571,löyhkyttädä,lud,VERB,"махать, взмахивать, размахивать",,442,B15
3583,50832,44627,löyly,lud,NOUN,пар (в бане),,689,B182
3584,50838,44633,löyl’,lud,NOUN,пар (в бане),,689,B182
3585,73120,62344,löytä,lud,VERB,"найти, находить",,424,B15
3586,89553,76655,lüudiküöi,lud,NOUN,карел-людик,,,
3587,90158,77236,l’assat,lud,NOUN,"лясы, пустые разговоры",,,
3588,90122,77200,l’eikoda,lud,VERB,резать,,,
3589,90251,77327,l’esopuntte,lud,NOUN,лесопункт,,,
3590,55237,48621,l’ižä,lud,NOUN,прибавка,,1073,B36
3591,46845,40945,l’ohkuot,lud,NOUN,легкие,,392,B12
3592,90172,77250,l’uubida,lud,VERB,любить,,,
3593,90154,77232,l’üudikse,lud,ADV,по-людиковски,,,
3594,89759,76852,l’üudiläine,lud,NOUN,людик,,,
3595,44360,38576,maakondii,lud,NOUN,крот,mole (burrowing insectivore),195,A412
3596,72664,61934,madal,lud,NOUN,мель,,,
3597,35144,30248,madal,lud,ADJ,низкий,,,
3598,35145,30248,madal,lud,ADJ,мелкий (неглубокий),shallow,62,A21
3599,89949,77036,madalaine,lud,ADJ,низенький,,,
3600,76578,65355,madalašči,lud,ADV,низко,,,
3601,44960,39152,madeh,lud,NOUN,налим,"burbot, bubbot, mariah, freshwater ling, the lawyer, coney-f",250,A43
3602,33408,28758,mado,lud,NOUN,змея,,271,A44
3603,33409,28758,mado,lud,NOUN,гадюка,,,
3604,72943,62192,madoine,lud,NOUN,червь,,,
3605,45150,39341,maduone,lud,NOUN,личинка (под корой дерева),,264,A44
3606,50991,44784,magadosia,lud,NOUN,постель,,699,B182
3607,16054,14491,magaduspert’,lud,NOUN,спальня ,,,
3608,16047,14484,magadussija,lud,NOUN,кровать	,,,
3609,91765,78838,magamatoine,lud,ADJ,бессонный,,,
3610,49325,43235,magata,lud,VERB,спать,,561,B17
3611,49324,43234,magatta,lud,VERB,спать,,561,B17
3612,89552,76654,magazinaine,lud,NOUN,магазинчик,,,
3613,89532,76634,magazine,lud,NOUN,магазин,,,
3614,49823,43682,maged,lud,ADJ,сладкий,,601,B181
3615,49851,43682,maged,lud,ADJ,вкусный,,565,B181
3616,49821,43680,magei,lud,ADJ,сладкий,,601,B181
3617,49853,43680,magei,lud,ADJ,вкусный,,565,B181
3618,78057,66671,magnitofon,lud,NOUN,магнитофон,,,
3619,91744,78816,magutoine,lud,ADJ,безвкусный,,,
3620,77973,66599,maguž,lud,ADJ,вкусный,,,
3621,46880,40979,maha,lud,NOUN,живот,,395,B12
3622,48651,42600,mahanker,lud,ADJ,беременная,,516,B16
3623,43183,37429,mahlu,lud,NOUN,сок,"The sapwood, or alburnum, of a tree",112,A322
3624,52899,46548,maho,lud,ADJ,яловый,,850,B331
3625,53212,46841,maid,lud,NOUN,молоко,,880,B333
3626,35736,30727,maido,lud,NOUN,молоко,,880,B333
3627,44909,39103,maidot,lud,NOUN,молоки,milt,243,A43
3628,44908,39102,maiduine,lud,NOUN,молоки,milt,243,A43
3629,47509,41569,maihutada,lud,VERB,"махать, взмахивать, размахивать",,442,B15
3630,47527,41569,maihutada,lud,VERB,"махать, указывать, показывать",,443,B15
3631,48887,42825,maijak,lud,NOUN,нарыв,,531,B16
3632,44902,39096,maikku,lud,NOUN,молоки,milt,243,A43
3633,44927,39120,maim,lud,NOUN,молодь рыбы,juvenile fish,244,A43
3634,54349,39120,maim,lud,NOUN,"сушеная рыба, сущик",,981,B353
3635,44929,39122,maime,lud,NOUN,молодь рыбы,juvenile fish,244,A43
3636,54348,39122,maime,lud,NOUN,"сушеная рыба, сущик",,981,B353
3637,72829,62090,maimekala,lud,NOUN,сом (малек),,,
3638,51074,44861,mainita,lud,VERB,упоминать,,705,B21
3639,51080,44867,mainitta,lud,VERB,упоминать,,705,B21
3640,48885,42823,majai,lud,NOUN,нарыв,,531,B16
3641,46950,41044,maks,lud,NOUN,печень,,402,B12
3642,46947,41041,maksa,lud,NOUN,печень,,402,B12
3643,55067,48460,maksada,lud,VERB,платить,,1056,B36
3644,73249,48460,maksada,lud,VERB,стоить,,,
3645,91762,78835,maksamatoine,lud,ADJ,бесплатный,,,
3646,76262,65096,maksamatta,lud,ADV,бесплатно,,,
3647,72913,62164,maksande,lud,NOUN,уплата,,,
3648,46951,41045,makse,lud,NOUN,печень,,402,B12
3649,55068,48461,maksta,lud,VERB,платить,,1056,B36
3650,89821,76913,malittu,lud,NOUN,молитва,,,
3651,78588,67145,malitv,lud,NOUN,молитва,,,
3652,55768,49077,malle,lud,NOUN,миска деревянная,,1121,B373
3653,51169,44954,maltada,lud,VERB,уметь,,711,B21
3654,51168,44953,maltai,lud,VERB,уметь,,711,B21
3655,51037,44824,malttada,lud,VERB,понимать,,702,B21
3656,51201,44824,malttada,lud,VERB,уметь,,711,B21
3657,15926,14363,mal’ar,lud,NOUN,маляр,,,
3658,73106,62333,mal’arida,lud,VERB,малярничать,,,
3659,55766,49075,mal’l’,lud,NOUN,миска деревянная,,1121,B373
3660,56590,49075,mal’l’,lud,NOUN,черпак (в лодке),,1198,B38
3661,55767,49076,mal’l’aane,lud,NOUN,миска деревянная,,1121,B373
3662,56880,50012,mama,lud,NOUN,мать,,1222,B412
3663,77916,66546,mamankiel’,lud,NOUN,"родной язык, язык матери",,,
3664,90143,77221,mami,lud,NOUN,мама,,,
3665,77268,65945,mamo,lud,NOUN,мама,,,
3666,16119,14556,mamoi,lud,NOUN,мать,,,
3667,86252,73634,mamšoi,lud,NOUN,мама,,,
3668,43381,37624,mandžoi,lud,NOUN,земляника,wild strawberry (Fragaria vesca),130,A323
3669,34882,30000,mandžuoi,lud,NOUN,земляника,,,
3670,73128,62352,mannittida,lud,VERB,обдувать,,,
3671,77347,66022,mannoi,lud,ADJ,манная (каша),,,
3672,43387,37630,man’džuo,lud,NOUN,земляника,wild strawberry (Fragaria vesca),130,A323
3673,43388,37631,man’džuoi,lud,NOUN,земляника,wild strawberry (Fragaria vesca),130,A323
3674,91118,78209,maraita,lud,VERB,"марать, пачкать",,,
3675,77334,66010,margarin,lud,NOUN,маргарин,,,
3676,35139,30243,marke,lud,NOUN,марка,,,
3677,35140,30244,maske,lud,NOUN,маска,,,
3678,89609,76708,masterskuoi,lud,NOUN,мастеровой,,,
3679,90720,77809,mas’t’eri,lud,NOUN,мастер,,,
3680,78632,67185,matematik,lud,NOUN,математика,,,
3681,72636,61911,materij,lud,NOUN,гной,,,
3682,77884,66515,materjal,lud,NOUN,материал,,,
3683,56404,49623,matk,lud,NOUN,"путь, расстояние",,1183,B38
3684,15958,14395,matkalaine,lud,NOUN,путешественник,,,
3685,89783,76876,matkata,lud,VERB,путешествовать,,,
3686,89784,76876,matkata,lud,VERB,протекать,,,
3687,56405,49624,matke,lud,NOUN,"путь, расстояние",,1183,B38
3688,89827,76919,matkedorog,lud,NOUN,просёлочная дорога,,,
3689,15959,14396,matkudovariš,lud,NOUN,попутчик,,,
3690,15983,14420,matkulaitos,lud,NOUN,бюро путешествий,,,
3691,15951,14388,matkustada,lud,VERB,путешествовать,,,
3692,25056,22272,matkusumk,lud,NOUN,дорожная сумка,,,
3693,56415,49634,matta,lud,VERB,ехать,,1185,B38
3694,90096,77175,matti,lud,NOUN,мат (ругательство),,,
3695,91285,78368,matuška,lud,NOUN,матушка,,,
3696,51170,44955,mautta,lud,VERB,уметь,,711,B21
3697,45075,39267,mavruoi,lud,NOUN,муравей,ant,260,A44
3698,15952,14389,mašin,lud,NOUN,машина,,,
3699,35135,30239,mašinke,lud,NOUN,машина,,,
3700,47512,41572,maššida,lud,VERB,"махать, взмахивать, размахивать",,442,B15
3701,43107,37360,mecc,lud,NOUN,лес,forest,103,A322
3702,42670,36949,meccdärvud,lud,PHRASE,маленькое лесное озеро,small forest lake,54,A21
3703,58186,51242,mecchiine,lud,NOUN,леший,,1326,B52
3704,44565,38773,mecckana,lud,NOUN,куропатка (белая),partridge,214,A42
3705,78556,67120,meccnik,lud,NOUN,лесник,,,
3706,44737,38941,meccuo,lud,NOUN,глухарь,wood grouse,228,A42
3707,78749,67289,mecdärvud,lud,PHRASE,маленькое лесное озеро,small forest lake,54,A21
3708,78748,67288,meckana,lud,NOUN,куропатка (белая),partridge,214,A42
3709,77976,66602,mecuind,lud,NOUN,охота,,,
3710,32631,28267,medali,lud,NOUN,медаль,,,
3711,32632,28267,medali,lud,NOUN,бляха,,,
3712,77972,66598,mehev,lud,ADJ,сочный,,,
3713,72768,62030,mehiläine,lud,NOUN,пчела,,,
3714,53398,47001,mehäine,lud,NOUN,пчела,,896,B34
3715,56571,49756,mela,lud,NOUN,весло,,1199,B38
3716,56624,49787,melata,lud,VERB,"грести, править (управлять лодкой)",,1201,B38
3717,56625,49788,melatta,lud,VERB,грести,,1201,B38
3718,73110,62336,melida,lud,VERB,молоть,,,
3719,89801,76893,mel’l’ič,lud,NOUN,мельница,,,
3720,89808,76900,mel’l’ičče,lud,NOUN,мельница,,,
3721,35148,30251,mel’ničče,lud,NOUN,мельница,,,
3722,35142,30246,mel’onke,lud,NOUN,"меленка, мельница",,,
3723,91240,78329,menettädä,lud,VERB,терять,,,
3724,91241,78329,menettädä,lud,VERB,губить,,,
3725,91276,78363,mennä,lud,VERB,оказаться в каком-либо состоянии,,,
3726,91277,78363,mennä,lud,VERB,идти,,,
3727,54203,47739,merd,lud,NOUN,мережа,,977,B353
3728,54204,47740,merdaane,lud,NOUN,мережа,,977,B353
3729,35147,30250,mereži,lud,NOUN,мерёжа,,,
3730,35732,30723,meri,lud,NOUN,море,sea,60,A21
3731,25018,22234,merk,lud,NOUN,знак,,,
3732,78020,66640,merkita,lud,VERB,значить,,,
3733,78021,66640,merkita,lud,VERB,означать,,,
3734,74598,63654,merkičus,lud,NOUN,значение,,,
3735,78618,67172,merkiččii,lud,ADJ,"важный, значимый",,,
3736,55378,48721,merkki,lud,NOUN,"знак, метка",,1085,B372
3737,35717,30708,metle,lud,NOUN,метла,,,
3738,90365,77438,metsestre,lud,NOUN,медсестра,,,
3739,53406,47009,mezi,lud,NOUN,мед,,897,B34
3740,53397,47000,meziaine,lud,NOUN,пчела,,896,B34
3741,44158,38379,mezikämmen,lud,NOUN,медведь,bear,175,A412
3742,53399,47002,meziääne,lud,NOUN,пчела,,896,B34
3743,90887,77969,mečikkö,lud,NOUN,лесок,,,
3744,44563,38771,mečkana,lud,NOUN,куропатка (белая),partridge,214,A42
3745,78468,67041,mečnikke,lud,NOUN,охотник,,,
3746,78466,67039,mečuita,lud,VERB,охотиться,,,
3747,58194,51250,mečäneläi,lud,NOUN,леший,,1326,B52
3748,43106,37359,mečč,lud,NOUN,лес,forest,103,A322
3749,2872,2981,mečče,lud,NOUN,лес,forest,103,A322
3750,44564,38772,meččekana,lud,NOUN,куропатка (белая),partridge,214,A42
3751,89796,76888,meččekülä,lud,NOUN,лесная деревня,,,
3752,89810,76902,meččeküläine,lud,NOUN,лесная деревушка,,,
3753,77959,66587,meččelambi,lud,NOUN,лесная ламбушка,,,
3754,78747,67287,meččuo,lud,NOUN,глухарь,wood grouse,228,A42
3755,44736,38940,meččuoi,lud,NOUN,глухарь,wood grouse,228,A42
3756,35131,30235,meččälaine,lud,NOUN,лесовик,,,
3757,53408,47011,meži,lud,NOUN,мед,,897,B34
3758,45808,39966,mi,lud,PRON,что,what,317,B11
3759,25023,22239,midataht,lud,ADV,что-нибудь,,,
3760,78247,66840,midäbo,lud,X,что?,,,
3761,89546,76648,midätahto,lud,PRON,что-нибудь,,,
3762,54517,47992,miehad,lud,NOUN,кузнечные мехи,,1002,B355
3763,35756,30746,miehe,lud,NOUN,мех,,,
3764,77888,66519,miehelemänend,lud,NOUN,свадебный обряд,,,
3765,16058,14495,miel,lud,NOUN,мел,,,
3766,73020,62262,mielduda,lud,VERB,влюбляться,,,
3767,89676,76771,mieldydä,lud,VERB,нравиться,,,
3768,51257,45035,mieldyttäi,lud,VERB,нравиться,,719,B22
3769,51228,45006,mielehiine,lud,ADJ,милый,,717,B22
3770,51223,45001,mielehine,lud,ADJ,милый,,717,B22
3771,78144,66747,mielekaz,lud,ADJ,умный,,,
3772,91755,78827,mieletoine,lud,ADJ,безумный,,,
3773,33421,28768,mieletyöi,lud,ADJ,глупый,,,
3774,76708,65467,mielevišči,lud,ADV,умно,,,
3775,51229,45007,mielhiine,lud,ADJ,милый,,717,B22
3776,51126,44913,mieli,lud,NOUN,ум,,709,B21
3777,81938,44913,mieli,lud,NOUN,"мнение, мысль",,,
3778,81939,44913,mieli,lud,NOUN,душа,,,
3779,81940,44913,mieli,lud,NOUN,настроение,,,
3780,74645,63703,mielihyväl,lud,ADV,с удовольствием,,,
3781,74638,63696,mielikaz,lud,ADJ,"умный, сообразительный",,,
3782,51256,45034,mielyttada,lud,VERB,нравиться,,719,B22
3783,51151,44936,mielöu,lud,ADJ,умный,,710,B21
3784,34424,29608,miel’,lud,NOUN,"ум, мнение",,709,B21
3785,73150,62374,miel’,lud,NOUN,мель,,,
3786,77953,66581,miel’hyväl,lud,ADV,с удовольствием,,,
3787,51150,44935,miel’ou,lud,ADJ,умный,,710,B21
3788,89681,76776,mies,lud,NOUN,"муж, мужчина",,,
3789,35761,30751,mietke,lud,NOUN,метка,,,
3790,23934,21416,miez,lud,NOUN,мужчина,,,
3791,23935,21416,miez,lud,NOUN,человек,,,
3792,23936,21416,miez,lud,NOUN,муж,,,
3793,45416,39599,miez’,lud,NOUN,мужчина,,283,B11
3794,56809,39599,miez’,lud,NOUN,муж,,1215,B411
3795,57636,50722,mieččy,lud,NOUN,мяч,,1280,B43
3796,45410,39593,mieš,lud,NOUN,мужчина,,283,B11
3797,58909,51920,mihi,lud,ADV,куда,,1391,C2
3798,78746,67286,mii,lud,PRON,что,what,317,B11
3799,45803,39963,miidne,lud,PRON,какой,,316,B11
3800,51678,45439,miilosti,lud,NOUN,милость,,745,B23
3801,51681,45442,miilost’,lud,NOUN,милость,,745,B23
3802,89777,76870,miittuine,lud,ADJ,такой,,,
3803,45802,39962,miituine,lud,PRON,какой,,316,B11
3804,13606,12282,miituine,lud,ADJ,"какая, какой, какое",,,
3805,73147,62371,mikse,lud,PRON,почему,,,
3806,76490,65282,mikš,lud,ADV,зачем,,,
3807,76491,65282,mikš,lud,ADV,почему,,,
3808,90361,77434,milicii,lud,NOUN,милиция,,,
3809,45842,40000,milleh,lud,ADV,как,,320,B11
3810,45790,39950,mimmoine,lud,PRON,какой,,316,B11
3811,34412,29596,mina,lud,PRON,я,,,
3812,35718,30709,mindali,lud,NOUN,миндаль,,,
3813,78614,67169,ministerstv,lud,NOUN,министерство,,,
3814,58907,51918,minne,lud,ADV,куда,,1391,C2
3815,76646,65412,mintäi,lud,PART,почему,,,
3816,15885,14322,minut,lud,NOUN,минута,,,
3817,72577,61853,minutas,lud,ADV,вмиг,,,
3818,90103,77182,minutte,lud,NOUN,минута,,,
3819,3489,3462,minä,lud,PRON,я,I,304,B11
3820,57693,50777,mir,lud,NOUN,мир,,1283,B51
3821,91289,78372,mir’ane,lud,NOUN,мирянин,,,
3822,58896,51907,mis,lud,ADV,где,,1390,C2
3823,35719,30710,miske,lud,NOUN,миска,,,
3824,76601,65375,mispiäi,lud,SCONJ,откуда,,,
3825,45801,39961,mitte,lud,PRON,какой,,316,B11
3826,77170,65858,mitte,lud,ADJ,который,,,
3827,77320,65996,mittuine,lud,ADJ,какой,,,
3828,77345,66020,mittuine-tahto,lud,ADJ,какой-либо,,,
3829,45720,39882,miä,lud,PRON,я,I,304,B11
3830,58253,51300,miär,lud,NOUN,количество,,1330,C1
3831,72666,51300,miär,lud,NOUN,мера,,,
3832,35759,30749,miäre,lud,NOUN,мерка (снимать мерку),,,
3833,55022,48415,miärita,lud,VERB,мерить,,1051,B36
3834,55021,48414,miäritta,lud,VERB,мерить,,1051,B36
3835,90548,77636,miäritä,lud,VERB,измерять,,,
3836,55015,48408,miärätä,lud,VERB,мерить,,1051,B36
3837,35757,30747,miär’,lud,NOUN,мера,,,
3838,57639,50725,miäčč,lud,NOUN,мяч,,1280,B43
3839,57634,50720,miäččy,lud,NOUN,мяч,,1280,B43
3840,91243,78331,moata,lud,VERB,спать,,,
3841,25038,22254,mobil’nik,lud,NOUN,мобильный телефон,,,
3842,35734,30725,modnuoi,lud,ADJ,модный,,,
3843,49289,43199,mogil,lud,NOUN,могила,,557,B17
3844,13617,12293,moine,lud,ADJ,"такой, такая, такое",,,
3845,51542,45303,moittida,lud,VERB,хаять,,735,B23
3846,51544,45305,moittii,lud,VERB,хаять,,735,B23
3847,35723,30714,moleben,lud,NOUN,молебен,,,
3848,91293,78376,molebn’e,lud,NOUN,молебень,,,
3849,25158,22315,molembad,lud,PRON,оба; обе,both,1349,C1
3850,58430,51477,molembat,lud,PRON,"оба, обе",,1349,C1
3851,73113,62338,molida,lud,VERB,"молить, умолять",,,
3852,74701,63754,mollembad,lud,PRON,оба,,,
3853,72665,61935,molodče,lud,NOUN,молодец,,,
3854,35725,30716,moločče,lud,NOUN,молодец,,,
3855,74596,63652,moni,lud,PRON,многий,,,
3856,74615,63672,monid’atažihine,lud,ADJ,многоэтажный,,,
3857,76575,65352,monišči,lud,ADV,неоднократно,,,
3858,78471,67044,morkofk,lud,NOUN,морковь,,,
3859,35724,30715,moru,lud,NOUN,мор,,,
3860,15956,14393,motorveneh,lud,NOUN,катер,,,
3861,58432,51479,mougotid,lud,PRON,"оба, обе",,1349,C1
3862,89841,76932,mouž,lud,ADV,может,,,
3863,89802,76894,moužet,lud,PUNCT,может,,,
3864,51175,44960,mozgu,lud,NOUN,мозг,,712,B21
3865,51178,44963,mozgut,lud,NOUN,мозг,,712,B21
3866,76533,65316,možet,lud,X,наверное,,,
3867,15858,14295,mua,lud,NOUN,"страна, земля",,,
3868,37330,14295,mua,lud,NOUN,"земля, суша","land, ground",1,A11
3869,52051,14295,mua,lud,NOUN,почва,,767,B321
3870,51962,45695,muaemä,lud,NOUN,почва,,767,B321
3871,77887,66518,muahepanend,lud,NOUN,похоронный обряд,,,
3872,78026,66645,muahepanenduitku,lud,NOUN,похоронный плач,,,
3873,77980,66606,muailm,lud,NOUN,мир,,,
3874,44363,38579,muakondijaane,lud,NOUN,крот,mole (burrowing insectivore),195,A412
3875,16120,14557,muam,lud,NOUN,мать,,1222,B412
3876,89670,76765,muamah,lud,NOUN,(его) мать,,,
3877,16142,14579,muamindam,lud,NOUN,мачеха,,1223,B412
3878,35133,30237,muamo,lud,NOUN,мать,,1222,B412
3879,85071,72577,muamoine,lud,NOUN,мамочка,,,
3880,43395,37638,muamuuroi,lud,NOUN,поленика,"Arctic bramble, Arctic raspberry",131,A323
3881,44300,38516,muanhardii,lud,NOUN,ласка,weasel (mammal),189,A412
3882,51471,45234,muanitada,lud,VERB,"лгать, обманывать",,731,B23
3883,90879,77961,muanitelta,lud,VERB,обманывать,,,
3884,51474,45237,muanittai,lud,VERB,"лгать, обманывать",,731,B23
3885,91673,78747,muanmiez,lud,NOUN,земляк,,,
3886,78429,67009,muantalohuden,lud,ADJ,сельскохозяйственный,,,
3887,43708,37946,muarde,lud,NOUN,ягода,berry,125,A323
3888,43315,37559,muard’,lud,NOUN,ягода,berry,125,A323
3889,77969,66595,muard’akaz,lud,ADJ,"ягодный, богатый ягодами",,,
3890,43316,37560,muard’e,lud,NOUN,ягода,berry,125,A323
3891,43317,37561,muar’,lud,NOUN,ягода,berry,125,A323
3892,16135,14572,muatkuu,lud,NOUN,свекровь,,,
3893,73078,62308,muattada,lud,VERB,зарывать,,,
3894,72814,62076,muatuška,lud,NOUN,свекровь,,,
3895,90072,77150,mublizuita,lud,VERB,мобилизовать,,,
3896,42696,36971,muda,lud,NOUN,ил,silt,56,A21
3897,55360,36971,muda,lud,NOUN,"сор, мусор",,1083,B371
3898,72827,36971,muda,lud,NOUN,соринка (в глазу),,,
3899,72880,36971,muda,lud,NOUN,тина,,,
3900,14886,13414,muga,lud,ADV,"так, даром",,,
3901,72611,61887,muga,lud,PART,да,,,
3902,33471,28812,muga,lud,INTJ,так,,,
3903,74594,63650,mugah,lud,POSTP,по,,,
3904,78129,66737,mugalleh,lud,ADV,таким образом,,,
3905,76468,65268,mugaže,lud,PART,даже,,,
3906,76692,65453,mugaže,lud,ADV,также,,,
3907,78273,66862,mugažo,lud,ADV,также,,,
3908,72546,61824,mugoine,lud,ADJ,такой,,,
3909,89778,76871,muguoine,lud,ADJ,такой,,,
3910,50144,43979,muiged,lud,ADJ,кислый,,630,B181
3911,50143,43978,muigei,lud,ADJ,кислый,,630,B181
3912,53831,47409,muigoites,lud,NOUN,закваска (для теста),,942,B352
3913,73233,62433,muigota,lud,VERB,"свернуться, скиснуть (о молоке)",,,
3914,53829,47407,muigotes,lud,NOUN,закваска (для теста),,942,B352
3915,53830,47408,muiguoitus,lud,NOUN,закваска (для теста),,942,B352
3916,50826,44621,muil,lud,NOUN,мыло,,688,B182
3917,35752,30742,muile,lud,NOUN,мыло,,688,B182
3918,50827,44622,muilu,lud,NOUN,мыло,,688,B182
3919,48171,42159,mujada,lud,VERB,"трогать, прикасаться",,485,B15
3920,50015,42159,mujada,lud,VERB,пробовать (на вкус),,619,B181
3921,16115,14552,muju,lud,NOUN,цвет,,,
3922,77947,66576,mujukaz,lud,ADJ,красочный,,,
3923,54159,47695,mujutada,lud,VERB,красить (сети),,971,B353
3924,54158,47694,mujuttada,lud,VERB,красить (сети),,971,B353
3925,82136,70095,mukaita,lud,VERB,целовать,,729,B22
3926,51411,45179,mukata,lud,VERB,целовать,,729,B22
3927,73116,62340,mukkada,lud,VERB,мычать,,,
3928,78487,67059,mukkid,lud,ADV,кубарем,,,
3929,51963,45696,mulde,lud,NOUN,почва,,767,B321
3930,52887,46536,muli,lud,ADJ,"безрогий, комолый",,849,B331
3931,59377,52338,mulluoi,lud,ADV,в прошлом году,,1424,C3
3932,59378,52339,mulluoin,lud,ADV,в прошлом году,,1424,C3
3933,74575,63632,muloine,lud,ADJ,прошлый,,,
3934,59379,52340,muluu,lud,ADV,в прошлом году,,1424,C3
3935,52888,46537,mul’,lud,ADJ,"безрогий, комолый",,849,B331
3936,52879,46528,mul’u,lud,ADJ,"безрогий, комолый",,849,B331
3937,53208,46838,munaane,lud,NOUN,яйцо,,879,B332
3938,53182,46812,munida,lud,VERB,"нестись, класть яйца (о птицах)",,876,B332
3939,35733,30724,muode,lud,NOUN,мода,,,
3940,89832,76924,muodo,lud,NOUN,обычай,,,
3941,51367,45135,muokaitta,lud,VERB,мучить,,725,B22
3942,51364,45132,muokata,lud,VERB,мучить,,725,B22
3943,52069,45132,muokata,lud,VERB,обрабатывать (землю),,770,B321
3944,51368,45136,muokita,lud,VERB,мучить,,725,B22
3945,35746,30736,muokke,lud,NOUN,му’ка,,,
3946,76544,65325,murdi,lud,ADV,наизнанку,,,
3947,42629,36909,murdo,lud,NOUN,водоворот,"swirl, whirlpool, vortex",50,A21
3948,47448,41516,murendai,lud,VERB,"ломать, разбивать",,439,B15
3949,91325,78405,murendelta,lud,VERB,поломать,,,
3950,47446,41514,mureta,lud,VERB,"ломать, разбивать",,439,B15
3951,47447,41515,muretta,lud,VERB,"ломать, разбивать",,439,B15
3952,49764,43629,murgin,lud,NOUN,обед,,597,B181
3953,89696,76791,murginoita,lud,VERB,обедать,,,
3954,89695,76790,murginuoita,lud,VERB,обедать,,,
3955,49968,43821,muroitez,lud,NOUN,крошево,,615,B181
3956,16159,14598,murreh,lud,NOUN,"наречие, диалект",,,
3957,53741,47319,muru,lud,NOUN,крошка (хлеба),,935,B352
3958,35047,30154,muruine,lud,NOUN,крошка,,,
3959,76516,65300,murčin-märčin,lud,ADV,"кубарем, вверх тормашками",,,
3960,46530,40655,murčuk,lud,NOUN,кукиш,,372,B12
3961,46532,40657,murčukke,lud,NOUN,кукиш,,372,B12
3962,45076,39268,mur’haane,lud,NOUN,муравей,ant,260,A44
3963,43305,37549,musket sertrikaane,lud,PHRASE,черная смородина,currant,124,A323
3964,16107,14544,must,lud,ADJ,чёрный ,black,160,A36
3965,43302,37546,must smorodin,lud,PHRASE,черная смородина,currant,124,A323
3966,44783,38984,must varuo,lud,PHRASE,ворон,raven,233,A42
3967,43995,38219,muste,lud,ADJ,черный,black,160,A36
3968,44781,38983,muste varuoi,lud,PHRASE,ворон,raven,233,A42
3969,91839,78912,musttukk,lud,NOUN,брюнет,,,
3970,77971,66597,must’oi,lud,NOUN,черника,,,
3971,72944,62193,mus’tuoi,lud,NOUN,черника,,,
3972,43354,37597,mus’t’uo,lud,NOUN,черника,"blueberry, bilberry, whortleberry",128,A323
3973,43355,37598,mus’t’uoi,lud,NOUN,черника,"blueberry, bilberry, whortleberry",128,A323
3974,35744,30734,mutnuoi,lud,ADJ,мутный,,,
3975,51472,45235,muttida,lud,VERB,"лгать, обманывать",,731,B23
3976,23939,21419,muu,lud,ADJ,другой,,,
3977,45072,39264,muurahaine,lud,NOUN,муравей,ant,260,A44
3978,48972,42905,muurehtua,lud,VERB,"неметь, терять чувствительность",,536,B16
3979,48986,42919,muurehtuda,lud,VERB,"неметь, терять чувствительность",,536,B16
3980,43437,37679,muuruo,lud,NOUN,морошка,"cloudberry, Rubus chamaemorus",133,A323
3981,35735,30726,muuruoi,lud,NOUN,морошка,"cloudberry, Rubus chamaemorus",133,A323
3982,89859,76950,muuruoisuo,lud,NOUN,морошковое болото,,,
3983,78155,66755,muuttada,lud,VERB,переезжать,,,
3984,44075,38298,muzau,lud,ADJ,тёмный,dark,167,A36
3985,44077,38300,muzav,lud,ADJ,тёмный,dark,167,A36
3986,91849,78922,muzavarusked,lud,ADJ,бурый,,,
3987,78065,66679,muzei,lud,NOUN,музей,,,
3988,15937,14374,muzikant,lud,NOUN,музыкант,,,
3989,35748,30738,muzikke,lud,NOUN,музыка,,,
3990,77374,66048,mučaizyda,lud,VERB,мучаться,,,
3991,57629,50715,mučakk,lud,NOUN,кукла,,1279,B43
3992,57624,50710,mučakko,lud,NOUN,кукла,,1279,B43
3993,91196,78285,mučoi,lud,NOUN,жена,,,
3994,57628,50714,mučukke,lud,NOUN,кукла,,1279,B43
3995,35738,30729,mučuoi,lud,NOUN,"молодуха, молодая жена",,1216,B411
3996,81941,69934,mučuu,lud,NOUN,"жена, женщина",,1216,B411
3997,81942,69934,mučuu,lud,NOUN,кукла,,1279,B43
3998,56817,49955,muččo,lud,NOUN,"жена, женщина",,1216,B411
3999,57646,49955,muččo,lud,NOUN,кукла,,1279,B43
4000,35751,30741,muške,lud,NOUN,мушка,,,
4001,3543,3513,muštada,lud,VERB,помнить,,704,B21
4002,73034,3513,muštada,lud,VERB,вспоминать,,,
4003,78548,67114,muštai,lud,VERB,помнить,,,
4004,78744,67284,muštal’ta,lud,VERB,упоминать,,705,B21
4005,78191,66791,muštelta,lud,VERB,вспоминать,,,
4006,51083,44870,muštel’ta,lud,VERB,упоминать,,705,B21
4007,78151,66751,muštmerkki,lud,NOUN,памятник,,,
4008,77915,66545,mušto,lud,NOUN,воспоминание,,,
4009,15994,14431,muštolahd’,lud,NOUN,сувенир,,,
4010,78029,66648,muštolaudaine,lud,NOUN,памятная доска,,,
4011,91616,78688,muštpačas,lud,NOUN,памятник,,,
4012,51072,44859,muštta,lud,VERB,помнить,,704,B21
4013,51081,44868,muštuoittada,lud,VERB,упоминать,,705,B21
4014,51082,44869,muštuoittua,lud,VERB,упоминать,,705,B21
4015,77172,65860,mužev,lud,ADJ,потемневший,,,
4016,45421,39604,mužik,lud,NOUN,мужчина,,283,B11
4017,45420,39603,mužikk,lud,NOUN,мужчина,,283,B11
4018,90243,77319,mužikkaine,lud,NOUN,мужичок,,,
4019,14950,13475,mužikke,lud,NOUN,мужик,,283,B11
4020,44356,38572,mygre,lud,NOUN,крот,mole (burrowing insectivore),195,A412
4021,52886,46535,myly,lud,ADJ,"безрогий, комолый",,849,B331
4022,23929,21412,myoti,lud,POSTP,по,,,
4023,15897,14334,myyhää,lud,ADV,поздно,,,
4024,77175,65863,myö,lud,POSTP,по,,,
4025,34405,29589,myö,lud,PRON,мы,we,305,B11
4026,78484,67057,myödaha,lud,POSTP,следом,,,
4027,54971,48364,myödä,lud,VERB,"продавать, продать",,1045,B36
4028,15939,14376,myödäi,lud,NOUN,продавец	,,,
4029,76712,65471,myödäižin,lud,ADV,утвердительно,,,
4030,76622,65390,myöhemb,lud,ADV,позже,,,
4031,78287,66874,myöhemba,lud,ADV,попозже,,,
4032,78707,67249,myöhä,lud,ADV,поздно,,1406,C3
4033,48221,42209,myöhästuda,lud,VERB,опаздывать,,487,B15
4034,48219,42207,myöhästydä,lud,VERB,опаздывать,,487,B15
4035,48220,42208,myöhästyöi,lud,VERB,опаздывать,,487,B15
4036,59118,52092,myöhää,lud,ADV,поздно,,1406,C3
4037,89672,76767,myöi,lud,POSTP,по,,,
4038,72759,62021,myönde,lud,NOUN,продажа,,,
4039,78243,66836,myös,lud,ADV,тоже,,,
4040,48193,42181,myöstydä,lud,VERB,"вернуться, возвратиться",,486,B15
4041,83486,71164,myöte,lud,POSTP,по,,,
4042,34423,29607,myöti,lud,POSTP,по,,,
4043,44883,39078,mädähn,lud,NOUN,икра (рыбья),"roe, spawn (of fish)",241,A43
4044,90316,77391,mädžištä,lud,VERB,шуметь,,,
4045,13608,12284,mägi,lud,NOUN,гора,mountain,65,A22
4046,44339,38555,mägr,lud,NOUN,барсук,badger (mammal),193,A412
4047,34832,29952,mägre,lud,NOUN,барсук,badger (mammal),193,A412
4048,45369,39555,mägär,lud,NOUN,мошка,,279,A44
4049,34905,30023,mähände,lud,NOUN,икра,"roe, spawn (of fish)",241,A43
4050,51477,45240,mäidädä,lud,VERB,"лгать, обманывать",,731,B23
4051,51478,45241,mäidäi,lud,VERB,"лгать, обманывать",,731,B23
4052,52465,46153,mäkinat,lud,NOUN,"полова, мякина",,807,B323
4053,73228,62429,mälištä,lud,VERB,реветь (плакать),,,
4054,43130,37381,mänd,lud,NOUN,сосна,pine,106,A322
4055,73037,62274,mända,lud,VERB,входить,,,
4056,73038,62274,mända,lud,VERB,идти,,,
4057,43125,37376,mändy,lud,NOUN,сосна,pine,106,A322
4058,3555,3525,mändä,lud,VERB,"пройти, идти",,493,B15
4059,83463,3525,mändä,lud,VERB,"входить, прийти",,,
4060,72578,61854,mändä toižele fatierale,lud,PHRASE,перебираться (на другую квартиру),,,
4061,82115,70077,mändä vastha,lud,PHRASE,встречать,,1302,B51
4062,73178,62389,mänettädä,lud,VERB,"терять, утрачивать, лишаться",,,
4063,52981,46630,märehtida,lud,VERB,жевать жвачку,,857,B331
4064,52982,46631,märehtidä,lud,VERB,"жевать  (жвачку, корочку хлеба)",,857,B331
4065,43662,37901,märg,lud,ADJ,мокрый,"wet, watery",10,A12
4066,48896,42834,märg,lud,NOUN,гной,,532,B16
4067,42170,36465,märge,lud,ADJ,"мокрый, сырой","wet, watery",10,A12
4068,48895,42833,märge,lud,NOUN,гной,,532,B16
4069,76689,65451,märgäšči,lud,ADV,сыро,,,
4070,42167,36462,mär’g,lud,ADJ,мокрый,"wet, watery",10,A12
4071,82347,70262,mätäz,lud,NOUN,бугор,,,
4072,82348,70262,mätäz,lud,NOUN,кочка,,,
4073,82349,70262,mätäz,lud,NOUN,холм,,,
4074,82350,70262,mätäz,lud,NOUN,куст,,,
4075,83498,71176,mäččikiža,lud,NOUN,игра в мяч,,,
4076,55275,48637,mökiine,lud,NOUN,"изба, дом",,1074,B371
4077,55274,48636,mökki,lud,NOUN,"изба, дом",,1074,B371
4078,91245,78333,mökkine,lud,NOUN,избушка,,,
4079,73259,62456,mölgettädä,lud,VERB,таращить (глаза),,,
4080,52969,46618,möllydä,lud,VERB,мычать,,856,B331
4081,46364,40493,möllötä,lud,VERB,кричать,,359,B12
4082,46365,40494,möläidäi,lud,VERB,кричать,,359,B12
4083,72841,62102,mömmettada,lud,VERB,бормотать,,,
4084,81908,69911,möndžyöi,lud,NOUN,комар,,278,A44
4085,52972,46621,möngta,lud,VERB,мычать,,856,B331
4086,52968,46617,möngydä,lud,VERB,мычать,,856,B331
4087,44159,38380,mötti,lud,NOUN,медведь,bear,175,A412
4088,44884,39079,möykky,lud,NOUN,икра (рыбья),"roe, spawn (of fish)",241,A43
4089,53874,39079,möykky,lud,NOUN,каравай (круглый хлеб),,937,B352
4090,73118,62342,m’amlida,lud,VERB,мямлить,,,
4091,46895,40992,naba,lud,NOUN,пуп,,396,B12
4092,73122,62346,nadežida,lud,VERB,надеяться,,,
4093,16137,14574,nado,lud,NOUN,золовка,,1243,B412
4094,90826,77912,nadoeita,lud,VERB,надоесть,,,
4095,90378,77451,nadojeita,lud,VERB,надоедать,,,
4096,53524,47117,nagl,lud,NOUN,гвоздь,,910,B351
4097,53619,47117,nagl,lud,NOUN,клин (деревянный),,911,B351
4098,56666,47117,nagl,lud,NOUN,уключина весла,,1200,B38
4099,53525,47118,naglaine,lud,NOUN,гвоздь,,910,B351
4100,33413,28762,nagle,lud,NOUN,гвоздь,,910,B351
4101,34997,30105,nagle,lud,NOUN,клин (для колки дров),,,
4102,51283,45051,nagrada,lud,VERB,смеяться,,720,B22
4103,85065,72572,nagrade,lud,NOUN,награда,,,
4104,51284,45052,nagrai,lud,VERB,смеяться,,720,B22
4105,51285,45053,nagrda,lud,VERB,смеяться,,720,B22
4106,43808,38039,nagriš,lud,NOUN,репа,turnip,145,A34
4107,90654,77744,nagriškuoppe,lud,NOUN,яма с репой,,,
4108,91110,78201,nagrišpalo,lud,NOUN,"место пожога, где высаживали репу",,,
4109,43810,38041,nagriž,lud,NOUN,репа,turnip,145,A34
4110,45973,40120,nahk,lud,NOUN,кожа (человека),,329,B12
4111,53128,40120,nahk,lud,NOUN,овечья шкура,,862,B331
4112,53133,40120,nahk,lud,NOUN,шкура,,863,B331
4113,35015,30123,nahke,lud,NOUN,кожа,,329,B12
4114,53129,30123,nahke,lud,NOUN,овечья шкура,,862,B331
4115,53135,30123,nahke,lud,NOUN,шкура,,863,B331
4116,23930,21413,naida,lud,VERB,"жениться, выходить замуж",,1214,B411
4117,45457,39635,naine,lud,NOUN,женщина,,287,B11
4118,56822,39635,naine,lud,NOUN,жена,,1216,B411
4119,90428,77513,naittada,lud,VERB,женить,,,
4120,90429,77514,naittai,lud,VERB,женить,,,
4121,73123,62347,nakažida,lud,VERB,наказывать,,,
4122,77177,65865,naladida,lud,VERB,наладить,,,
4123,90150,77228,naloge,lud,NOUN,налог,,,
4124,50813,44608,napersk,lud,NOUN,наперсток,,686,B182
4125,72589,61865,naprasne,lud,ADV,напрасно,,,
4126,91491,78569,napravlenii,lud,NOUN,направление,,,
4127,76542,65324,nareko,lud,ADV,назло,,,
4128,76543,65324,nareko,lud,ADV,нарочно,,,
4129,76562,65324,nareko,lud,ADV,напрасно,,,
4130,90135,77213,narošnuoi,lud,ADJ,нарочный,,,
4131,49079,43012,nasmork,lud,NOUN,насморк,,541,B16
4132,49078,43011,nasmorke,lud,NOUN,насморк,,541,B16
4133,50928,44721,nasteralnik,lud,NOUN,простыня,,694,B182
4134,90255,77331,nastojaššuoi,lud,ADJ,настоящий (хороший),,,
4135,91219,78308,nastojuaššoi,lud,ADJ,настоящий,,,
4136,89927,77016,nastupaita,lud,VERB,наступать,,,
4137,73125,62349,navedida,lud,VERB,ненавидеть,,,
4138,89872,76963,naverno,lud,ADV,наверное,,,
4139,92506,79508,naznačaita,lud,VERB,назначать,,,
4140,78603,67159,naznačida,lud,VERB,назначить,,,
4141,23909,21393,ne,lud,PRON,те,,,
4142,45752,39913,ned,lud,PRON,те,those,309,B11
4143,59179,52153,nedal’,lud,NOUN,неделя,,1410,C3
4144,91840,78913,nedal’päiv,lud,NOUN,будний день,,,
4145,91719,78791,nedoroske,lud,NOUN,подросток,,,
4146,16080,14517,nedäl,lud,NOUN,неделя,,,
4147,59177,52151,nedäli,lud,NOUN,неделя,,1410,C3
4148,72672,61941,nedäl’i,lud,NOUN,неделя,,,
4149,34826,29946,neidine,lud,NOUN,девушка,,,
4150,90945,78031,neidištädä,lud,VERB,ходить в девках,,,
4151,90308,77383,neidiščida,lud,VERB,ходить в девках,,,
4152,89610,76709,neidiššy,lud,NOUN,девушка,,,
4153,45451,39630,neičuk,lud,NOUN,девушка,,286,B11
4154,34827,29947,neičukke,lud,NOUN,девочка,,,
4155,45450,39629,neičut,lud,NOUN,девушка,,286,B11
4156,14937,13464,neičykke,lud,NOUN,девочка,,,
4157,77275,65952,neičykäine,lud,NOUN,девушка,,,
4158,45444,39623,neičyt,lud,NOUN,девушка,,286,B11
4159,89950,77037,neičükke,lud,NOUN,девушка,,,
4160,24865,22128,neižne,lud,NOUN,девушка,,,
4161,57108,22128,neižne,lud,NOUN,дочь,,1232,B412
4162,58457,51504,nelle,lud,NUM,четыре,,1353,C1
4163,74676,63731,nellänpäive,lud,NOUN,четверг,,,
4164,59254,52228,nellän’džpäiv’,lud,NOUN,четверг,,1415,C3
4165,59253,52227,nelläšpäi,lud,NOUN,четверг,,1415,C3
4166,59250,52224,nelläšpäiv,lud,NOUN,четверг,,1415,C3
4167,16084,14521,nel’lanpäiv,lud,NOUN,четверг,,,
4168,35758,30748,nel’likke,lud,NOUN,мерка (измерять зерно),,,
4169,3572,3541,nel’l’,lud,NUM,четыре,,1353,C1
4170,78228,66821,nel’l’-viiž,lud,NUM,четыре-пять,,,
4171,76723,65482,nel’l’ankombun,lud,ADV,на четвереньках,,,
4172,72667,61936,nel’l’kke,lud,NOUN,мерка (зерно мерять),,,
4173,86490,73860,nel’l’sadad,lud,NUM,четыреста,,,
4174,90979,78065,nel’l’udel’ta,lud,VERB,"носиться, быстро бегать",,,
4175,89706,76800,nel’l’uta,lud,VERB,скакать галопом,,,
4176,78156,66756,nel’l’vuodehine,lud,ADJ,четырёхлетний,,,
4177,90949,78035,nel’l’äiž,lud,NUM,четвёртый,,,
4178,57401,50502,nemcad,lud,NOUN,немцы,,1264,B42
4179,89937,77026,nemeckuoi,lud,ADJ,немецкий,,,
4180,57400,50501,nemsat,lud,NOUN,немцы,,1264,B42
4181,49113,43046,nemuoi,lud,ADJ,немой,,545,B16
4182,47086,41179,nena,lud,NOUN,нос,,415,B12
4183,47104,41197,nenahuogain,lud,NOUN,ноздря,,416,B12
4184,47103,41196,nenahuomeh,lud,NOUN,ноздря,,416,B12
4185,47105,41198,nenasiemen’,lud,NOUN,ноздря,,416,B12
4186,78506,67078,nenga,lud,ADV,так,,,
4187,89718,76812,nengoine,lud,ADJ,такой,,,
4188,89788,76880,nenguoine,lud,ADJ,такой,,,
4189,47083,41177,nenä,lud,NOUN,нос,,415,B12
4190,32622,28258,nenätyöi,lud,ADJ,безносый,,,
4191,91610,78682,nero,lud,NOUN,"талант, умение",,,
4192,91749,78821,nerotoine,lud,ADJ,бездарный,,,
4193,47176,41268,nerv,lud,NOUN,нерв,,421,B12
4194,47178,41270,nerve,lud,NOUN,нерв,,421,B12
4195,72673,61942,nerähe,lud,NOUN,неряха,,,
4196,45754,39915,net,lud,PRON,те,those,309,B11
4197,72600,61876,neužto,lud,ADV,разве,,,
4198,57074,50206,nevesk,lud,NOUN,невестка,,1239,B412
4199,57076,50208,neveske,lud,NOUN,невестка,,1239,B412
4200,56751,49903,neveste,lud,NOUN,невеста,,1211,B411
4201,73121,62345,nevvoda,lud,VERB,наставлять,,,
4202,89799,76891,neznakomuoi,lud,ADJ,незнакомый,,,
4203,72616,61892,neče,lud,PRON,этот,,,
4204,58935,51946,neččigä,lud,ADV,там,,1392,C2
4205,74711,63764,ni,lud,PART,ни,,,
4206,76585,65362,ni vähäšt,lud,ADV,нисколько,,,
4207,76591,65362,ni vähäšt,lud,ADV,ничуть,,,
4208,56206,49466,niegl,lud,NOUN,игла,,1169,B375
4209,56207,49467,niegle,lud,NOUN,игла,,1169,B375
4210,54756,48212,niegloda,lud,VERB,вязать,,1027,B356
4211,42722,36995,niem,lud,NOUN,"наволок, мыс","cape, promontory",59,A21
4212,42724,36997,niemak,lud,NOUN,"наволок, мыс","cape, promontory",59,A21
4213,42721,36994,niemi,lud,NOUN,"наволок, мыс","cape, promontory",59,A21
4214,42723,36996,niemukke,lud,NOUN,"наволок, мыс","cape, promontory",59,A21
4215,76571,65348,niežno,lud,ADV,нежно,,,
4216,52832,46511,nihetada,lud,VERB,ржать,,846,B331
4217,81953,47070,niini,lud,NOUN,липа,linden,115,A322
4218,53469,47070,niini,lud,NOUN,лыко,,905,B34
4219,43222,37467,niin’,lud,NOUN,липа,linden,115,A322
4220,53495,37467,niin’,lud,NOUN,лыко,,905,B34
4221,89966,77051,niitandkuv,lud,NOUN,август,,,
4222,52506,46193,niitt,lud,NOUN,"луг, лужайка",,811,B324
4223,52490,46177,niitta,lud,VERB,косить,,809,B324
4224,52488,46175,niittada,lud,VERB,косить,,809,B324
4225,56215,49475,niitti,lud,NOUN,"нить, нитка",,1170,B375
4226,72743,62006,niittu,lud,NOUN,пожня,,,
4227,52489,46176,niittäi,lud,VERB,косить,,809,B324
4228,56219,49479,niit’,lud,NOUN,"нить, нитка",,1170,B375
4229,43225,37470,niižpuu,lud,NOUN,липа,linden,115,A322
4230,72770,62032,niižu,lud,NOUN,пшеница,,,
4231,74640,63698,niken,lud,PRON,никто,,,
4232,76582,65359,nikonz,lud,ADV,никогда,,,
4233,89929,77018,nikous,lud,ADV,никогда,,,
4234,76583,65360,nikunne,lud,ADV,никуда,,,
4235,76584,65361,nikuspiäi,lud,ADV,ниоткуда,,,
4236,77979,66605,nikuz,lud,ADV,нигде,,,
4237,72679,61947,nimenn’okke,lud,NOUN,носовина,,,
4238,16009,14446,nimenpanemiine,lud,NOUN,подпись,,,
4239,76586,65363,nimi,lud,PRON,ничего,,,
4240,3561,3531,nimi,lud,NOUN,имя,,282,B11
4241,45408,3531,nimi,lud,NOUN,название,,,
4242,13621,12297,nimidä,lud,PRON,ничего,,,
4243,72988,62234,nimipäive,lud,NOUN,именины,,,
4244,34907,30025,nimipäiväd,lud,NOUN,именины,,,
4245,77897,66527,nimitelda,lud,VERB,называть,,,
4246,48550,42510,nimittada,lud,VERB,называть,,511,B15
4247,48552,42512,nimittädä,lud,VERB,называть,,511,B15
4248,48553,42513,nimittäi,lud,VERB,называть,,511,B15
4249,91124,78215,ninga,lud,ADV,так,,,
4250,91125,78216,ningomaine,lud,ADJ,такой-то,,,
4251,78481,67054,ninkoine,lud,ADJ,такой,,,
4252,43219,37464,nin’,lud,NOUN,липа,linden,115,A322
4253,72996,62241,nittädä,lud,VERB,косить,,,
4254,56218,49478,nit’t’,lud,NOUN,"нить, нитка",,1170,B375
4255,46740,40845,nivel,lud,NOUN,сустав,,388,B12
4256,51583,45344,niäritada,lud,VERB,дразнить,,736,B23
4257,51580,45341,niärittäi,lud,VERB,дразнить,,736,B23
4258,51584,45345,niärta,lud,VERB,дразнить,,736,B23
4259,77046,65751,ničevo,lud,PRON,ничего,,,
4260,46002,40145,nišk,lud,NOUN,затылок,,332,B12
4261,78023,66642,niškoi,lud,POSTP,для,,,
4262,43730,37968,nižu,lud,NOUN,пшеница,wheat,138,A33
4263,43734,37972,nižuine,lud,NOUN,пшеница,wheat,138,A33
4264,34421,29605,no,lud,INTJ,но,,,
4265,49955,43808,nodrei,lud,ADJ,жидкий,,614,B181
4266,56147,49421,nogi,lud,NOUN,сажа,,1162,B374
4267,58141,51203,noid,lud,NOUN,колдун,,1323,B52
4268,15873,14310,nol’,lud,NUM,ноль ,,,
4269,15773,14215,norjalaine,lud,NOUN,норвежец	,,,
4270,44318,38534,nork,lud,NOUN,норка,mink (animal),190,A412
4271,42085,36384,nosta,lud,VERB,взойти (о небесных светилах),"to ascend, to rise (of a heavenly body)",4,A11
4272,73013,36384,nosta,lud,VERB,"взбираться, влезать, лезть",,,
4273,73033,36384,nosta,lud,VERB,вставать,,,
4274,47611,41648,nostada,lud,VERB,поднять,,447,B15
4275,89651,76747,nostattada,lud,VERB,будить,,,
4276,78036,66654,notad,lud,NOUN,ноты,,,
4277,34851,29969,notked,lud,ADJ,жидкий,,,
4278,49953,43806,notkei,lud,ADJ,жидкий,,614,B181
4279,49957,43810,notket,lud,ADJ,жидкий,,614,B181
4280,49959,43812,notkiene,lud,ADJ,жидкий,,614,B181
4281,42082,36383,nousta,lud,VERB,взойти (о небесных светилах),"to ascend, to rise (of a heavenly body)",4,A11
4282,47612,36383,nousta,lud,VERB,поднять,,447,B15
4283,91389,78475,nowzelta,lud,VERB,вставать,,,
4284,90116,77194,nozniččimed,lud,NOUN,ножницы,,,
4285,91392,78478,nožne,lud,NOUN,ножны,,,
4286,3484,3457,nu,lud,INTJ,ну,,,
4287,45760,39920,nuad,lud,PRON,те,those,309,B11
4288,53531,47124,nuage,lud,NOUN,клин (деревянный),,911,B351
4289,53526,47119,nuagle,lud,NOUN,гвоздь,,910,B351
4290,53621,47119,nuagle,lud,NOUN,клин (деревянный),,911,B351
4291,53388,46991,nuat’t’,lud,NOUN,ботва,,895,B34
4292,49314,43224,nukkuda,lud,VERB,дремать,,560,B17
4293,91628,78702,nul’l’,lud,NUM,ноль,,,
4294,25033,22249,numer,lud,NOUN,номер (в гостинице),,,
4295,56057,49351,nuodivo,lud,NOUN,костер,,1152,B374
4296,56093,49351,nuodivo,lud,NOUN,нодья (особый вид костра),,1154,B374
4297,33406,28756,nuokke,lud,NOUN,галка,,,
4298,53911,47472,nuoli,lud,NOUN,стрела,,950,B353
4299,46273,40405,nuolta,lud,VERB,лизать,,352,B12
4300,56467,49686,nuor,lud,NOUN,веревка,,1192,B38
4301,33344,28700,nuoraine,lud,NOUN,верёвочка,,,
4302,56725,49877,nuore,lud,ADJ,молодой,,1209,B411
4303,33343,28699,nuore,lud,NOUN,верёвка,,1192,B38
4304,56722,49874,nuori,lud,ADJ,молодой,,1209,B411
4305,91663,78737,nuorin,lud,ADJ,"самый младший, самый молодой",,,
4306,89647,76743,nuorita,lud,VERB,привязывать верёвкой,,,
4307,90861,77947,nuorižo,lud,NOUN,молодёжь,,,
4308,24866,22129,nuor’,lud,ADJ,молодой,,1209,B411
4309,53059,46708,nuor’ lambaz,lud,PHRASE,ярка,,865,B331
4310,54178,47714,nuot,lud,NOUN,невод,,973,B353
4311,54176,47712,nuott,lud,NOUN,невод,,973,B353
4312,54172,47708,nuotta,lud,NOUN,невод,,973,B353
4313,54177,47713,nuotte,lud,NOUN,невод,,973,B353
4314,52505,46192,nur’m,lud,NOUN,"луг, лужайка",,811,B324
4315,15988,14425,nuužnik,lud,NOUN,туалет,,,
4316,50602,44415,nyble,lud,NOUN,пуговица,,671,B182
4317,50603,44416,nybl’,lud,NOUN,пуговица,,671,B182
4318,35712,30706,nygy,lud,ADV,сейчас,,1421,C3
4319,86248,73630,nygyd,lud,ADV,сейчас,,,
4320,77044,65749,nygyde,lud,ADV,"сейчас, теперь",,1421,C3
4321,74589,63646,nygyy,lud,ADV,сейчас,,,
4322,74590,63646,nygyy,lud,ADV,теперь,,,
4323,59327,52301,nygyö,lud,ADV,теперь,,1421,C3
4324,59329,52303,nygyöi,lud,ADV,теперь,,1421,C3
4325,91141,78231,nygyöite,lud,ADV,"сейчас, теперь",,,
4326,77302,65978,nygöi,lud,ADV,сейчас,,,
4327,54281,47817,nylgeda,lud,VERB,сдирать шкуру (с животных),,984,B353
4328,54283,47819,nylgedä,lud,VERB,сдирать шкуру (с животных),,984,B353
4329,54282,47818,nylgei,lud,VERB,сдирать шкуру (с животных),,984,B353
4330,54284,47820,nylkta,lud,VERB,сдирать шкуру (с животных),,984,B353
4331,47137,41230,nystada,lud,VERB,нюхать,,418,B12
4332,45586,39755,näbed,lud,ADJ,красивый,,293,B11
4333,78697,39755,näbed,lud,ADJ,стройный,,,
4334,16072,14509,nägemiine,lud,NOUN,видимость ,,,
4335,84709,72242,nägemine,lud,NOUN,встреча,,,
4336,49438,43348,nägišta,lud,VERB,замечать,,569,B17
4337,49437,43347,nägištada,lud,VERB,замечать,,569,B17
4338,78007,66633,nägyda,lud,VERB,"видеться, виднеться",,,
4339,76734,65491,nägövin,lud,ADV,явственно,,,
4340,78611,67166,näh,lud,POSTP,для,,,
4341,47042,41136,nähta,lud,VERB,видеть (обладать зрением),,409,B12
4342,49504,41136,nähta,lud,VERB,видеть,,568,B17
4343,49505,41136,nähta,lud,VERB,замечать,,569,B17
4344,15962,14399,nähtavyys,lud,NOUN,достопримечательность,,,
4345,47040,41134,nähtä,lud,VERB,видеть (обладать зрением),,409,B12
4346,49502,41134,nähtä,lud,VERB,видеть,,568,B17
4347,49503,41134,nähtä,lud,VERB,замечать,,569,B17
4348,73065,62297,näivištydä,lud,VERB,дрябнуть,,,
4349,72532,61811,näivištynny,lud,ADJ,дряблый,,,
4350,33441,28783,nälge,lud,NOUN,голод,,645,B181
4351,50299,44116,näl’g,lud,NOUN,голод,,645,B181
4352,73941,63041,nämä,lud,PRON,эти,,,
4353,46469,40594,nänni,lud,NOUN,грудь (женская),,366,B12
4354,46471,40596,nän’n’,lud,NOUN,грудь (женская),,366,B12
4355,58304,51351,näp,lud,NOUN,"щепоть, щепотка",,1337,C1
4356,58302,51349,näpp,lud,NOUN,"щепоть, щепотка",,1337,C1
4357,58299,51346,näppi,lud,NOUN,"щепоть, щепотка",,1337,C1
4358,77349,66024,näppipiirai,lud,NOUN,калитка,,,
4359,43157,37403,näre,lud,NOUN,ель,spruce,109,A322
4360,73066,62298,närittädä,lud,VERB,"дразнить, травить",,,
4361,32655,28290,nävärgäine,lud,NOUN,буравчик,,,
4362,48078,42085,näyttädä,lud,VERB,показывать,,479,B15
4363,46891,40988,n’aba,lud,NOUN,пуп,,396,B12
4364,57377,50478,n’akut,lud,NOUN,вепсы,,1262,B42
4365,44128,38349,n’auguda,lud,VERB,мяукать,"to meow, to mew",173,A411
4366,90559,77647,n’el’l’äi,lud,ADV,вчетвером,,,
4367,90374,77447,n’emuoi,lud,ADJ,немой,,,
4368,91697,78770,n’erničaita,lud,VERB,нервничать,,,
4369,76589,65366,n’okal,lud,ADV,ничком,,,
4370,3551,3521,n’okke,lud,NOUN,"сторона, угол",,,
4371,51417,45185,n’opata,lud,VERB,целовать,,729,B22
4372,44529,38737,n’uak,lud,NOUN,галка,jackdaw,210,A42
4373,44523,38731,n’uakk,lud,NOUN,галка,jackdaw,210,A42
4374,44527,38735,n’uakke,lud,NOUN,галка,jackdaw,210,A42
4375,53387,46990,n’uatti,lud,NOUN,ботва,,895,B34
4376,47136,41229,n’uhtada,lud,VERB,нюхать,,418,B12
4377,49313,43223,n’ukkuda,lud,VERB,дремать,,560,B17
4378,32635,28270,n’umal,lud,NOUN,Бог,,,
4379,44464,38674,n’uok,lud,NOUN,клюв,beak,203,A42
4380,44463,38673,n’uokke,lud,NOUN,клюв,beak,203,A42
4381,73092,62321,n’uokkida,lud,VERB,клевать,,,
4382,73127,62351,n’ustada,lud,VERB,нюхать,,,
4383,47138,41231,n’uusta,lud,VERB,нюхать,,418,B12
4384,73130,62354,obbeita,lud,VERB,обивать,,,
4385,72685,61953,obdelke,lud,NOUN,обделка,,,
4386,72686,61954,oboz,lud,NOUN,обоз,,,
4387,90370,77443,oboze,lud,NOUN,обоз,,,
4388,34904,30022,obraz,lud,NOUN,икона,,,
4389,91286,78369,obraze,lud,NOUN,"икона, образ",,,
4390,72684,61952,obšivke,lud,NOUN,обшивка,,,
4391,46203,40339,occ,lud,NOUN,лоб,,345,B12
4392,57606,50700,oddihuota,lud,VERB,отдыхать,,1278,B43
4393,91248,78336,oddohnida,lud,VERB,отдыхать,,,
4394,50972,44765,odejal,lud,NOUN,одеяло,,697,B182
4395,76593,65369,odnako,lud,X,однако,,,
4396,34831,29951,odva,lud,ADV,"едва, еле",,,
4397,50967,44760,od’al,lud,NOUN,одеяло,,697,B182
4398,50968,44761,od’d’al,lud,NOUN,одеяло,,697,B182
4399,50970,44763,od’d’ale,lud,NOUN,одеяло,,697,B182
4400,89646,76742,od’d’uale,lud,NOUN,одеяло,,,
4401,91695,78769,oficer,lud,NOUN,офицер,,,
4402,90105,77184,oficere,lud,NOUN,офицер,,,
4403,43753,37990,ogahaane,lud,NOUN,ость ячменя,beard,140,A33
4404,56506,49706,ogal,lud,NOUN,зарубка,,1194,B38
4405,43752,37989,ogas,lud,NOUN,ость ячменя,beard,140,A33
4406,72689,61957,ogorod,lud,NOUN,ограда,,,
4407,91468,78547,ogromadnuoi,lud,ADJ,"громадный, огромный",,,
4408,78476,67049,ogurčče,lud,NOUN,огурец,,,
4409,91221,78310,oh,lud,INTJ,ох,,,
4410,78097,66711,ohd’adai,lud,NOUN,директор,,,
4411,78099,66713,ohd’aj,lud,NOUN,режиссёр,,,
4412,33365,28720,ohd’aksed,lud,NOUN,вожжи,,,
4413,72832,62093,ohd’as,lud,NOUN,вожжа,,,
4414,52808,46487,ohd’ased,lud,NOUN,вожжи,,843,B331
4415,48402,42374,ohd’ata,lud,VERB,"править, управлять",,502,B15
4416,48406,42376,ohd’atta,lud,VERB,"править, управлять",,502,B15
4417,52806,46485,ohjaksed,lud,NOUN,вожжи,,843,B331
4418,52807,46486,ohjaksed’,lud,NOUN,вожжи,,843,B331
4419,52803,46482,ohjakset,lud,NOUN,вожжи,,843,B331
4420,85931,73349,ohot,lud,NOUN,охота,,,
4421,91145,78235,ohottida,lud,VERB,охотиться,,,
4422,72701,61967,ohvotnikke,lud,NOUN,охотник,,,
4423,77315,65991,oi,lud,INTJ,ой ,,,
4424,72598,61874,oiged,lud,ADV,прямо,,,
4425,58567,51589,oiged,lud,ADJ,прямой,,1364,C2
4426,58666,51589,oiged,lud,ADJ,правый,,1365,C2
4427,72592,61868,oigeda,lud,ADV,направо,,,
4428,76308,65134,oigedah,lud,ADV,вправо,,,
4429,76307,65133,oigedai,lud,ADV,вправо,,,
4430,58566,51588,oigei,lud,ADJ,прямой,,1364,C2
4431,58665,51588,oigei,lud,ADJ,правый,,1365,C2
4432,84706,72239,oigendan,lud,VERB,"выпрямить, расправлять",,,
4433,13616,12292,oja,lud,NOUN,ручей,"brook, stream",44,A21
4434,72652,12292,oja,lud,NOUN,канава,,,
4435,89645,76741,ojaine,lud,NOUN,ручеёк,,,
4436,90018,77098,ojojoi,lud,INTJ,ой-ой-ой,,,
4437,56604,49767,okl’uččim,lud,NOUN,уключина весла,,1200,B38
4438,90052,77130,okooppe,lud,NOUN,окоп,,,
4439,89933,77022,okope,lud,NOUN,окоп,,,
4440,43043,37298,oks,lud,NOUN,ветвь,"branch, bough",94,A321
4441,72540,61819,oksakas,lud,ADJ,суковатый,,,
4442,43045,37300,okse,lud,NOUN,ветвь,"branch, bough",94,A321
4443,72861,37300,okse,lud,NOUN,сук,,,
4444,46916,41013,oksendai,lud,VERB,"рвать, тошнить",,398,B12
4445,46915,41012,okseta,lud,VERB,"рвать, тошнить",,398,B12
4446,72837,62098,okšeta,lud,VERB,блевать,,,
4447,56035,49329,ola,lud,NOUN,кремень,,1149,B374
4448,73770,62877,olan’d’,lud,NOUN,оладья,,,
4449,34419,29603,olda,lud,VERB,быть,,571,B17
4450,91771,78844,olda d’ovte,lud,PHRASE,бить баклуши,,,
4451,48062,42070,olda tiel,lud,PHRASE,мешать (быть помехой),,478,B15
4452,46417,40544,olda vaikkani,lud,PHRASE,замолчать,,361,B12
4453,72834,62095,oleksendelda,lud,VERB,бывать,,,
4454,32667,28302,oleksendelnu,lud,ADJ,бывалый,,,
4455,74613,63670,oletelta,lud,VERB,"случаться, происходить",,,
4456,76523,65307,olgai,lud,ADV,ладно,,,
4457,52447,46135,olgi,lud,NOUN,солома,,805,B323
4458,46432,40559,olgupiä,lud,NOUN,плечо,,363,B12
4459,32599,28235,oltari,lud,NOUN,алтарь,,,
4460,52451,46139,ol’g,lud,NOUN,солома,,805,B323
4461,45777,39937,oma,lud,PRON,свой,,313,B11
4462,23941,21421,oma,lud,ADJ,"свой, родной",,,
4463,16065,14502,omahiine,lud,NOUN,родственник  ,,,
4464,78022,66641,omamualaine,lud,NOUN,земляк,,,
4465,53657,47238,ombelii,lud,NOUN,портной,,926,B351
4466,72993,62238,ombelmas,lud,NOUN,шов,,,
4467,50643,44456,ombelta,lud,VERB,шить,,675,B182
4468,50642,44455,ombeltta,lud,VERB,шить,,675,B182
4469,50644,44457,ombel’ta,lud,VERB,шить,,675,B182
4470,53658,47239,omblii,lud,NOUN,портной,,926,B351
4471,77996,66622,omistada,lud,VERB,посвящать,,,
4472,73025,62267,on dielot,lud,PHRASE,хлопоты (есть дела),,,
4473,43024,37279,onduz,lud,NOUN,дупло,tree hollow,91,A321
4474,43025,37280,ondž,lud,NOUN,дупло,tree hollow,91,A321
4475,53998,47559,ong,lud,NOUN,крючок рыболовный,,959,B353
4476,53995,47556,ongi,lud,NOUN,крючок рыболовный,,959,B353
4477,72908,47556,ongi,lud,NOUN,уда,,,
4478,54059,47595,onginiitiine,lud,NOUN,леска,,961,B353
4479,54042,47578,ongiruag,lud,NOUN,удилище,,960,B353
4480,54043,47579,ongiruage,lud,NOUN,удилище,,960,B353
4481,73272,62468,ongittada,lud,VERB,удить,,,
4482,90144,77222,onnakko,lud,PUNCT,однако,,,
4483,43023,37278,onzi,lud,NOUN,дупло,tree hollow,91,A321
4484,15899,14336,opastada,lud,VERB,учить	,,,
4485,57758,50842,opastai,lud,VERB,учить,,1291,B511
4486,15902,14339,opastai,lud,NOUN,учитель,,,
4487,15900,14337,opastuda,lud,VERB,"учиться, обучаться",,,
4488,15903,14340,opastui,lud,NOUN,"ученик, школьник ",,,
4489,15898,14335,opastund,lud,NOUN,"учеба, образование, обучение	",,,
4490,78616,67171,opastundkniig,lud,NOUN,учебник,,,
4491,16059,14496,opastuskniig,lud,NOUN,учебник ,,,
4492,78145,66748,opastuz,lud,NOUN,образование,,,
4493,90271,77347,operacai,lud,NOUN,операция,,,
4494,77907,66537,operator,lud,NOUN,оператор,,,
4495,78430,67010,opisto,lud,NOUN,техникум,,,
4496,73206,62411,opitelta,lud,VERB,ощупывать (пробовать),,,
4497,15908,14345,opišto,lud,NOUN,училище,,,
4498,57757,50841,oppastada,lud,VERB,учить,,1291,B511
4499,48167,42155,oppida,lud,VERB,"трогать, прикасаться",,485,B15
4500,50016,42155,oppida,lud,VERB,пробовать (на вкус),,619,B181
4501,74684,63737,oppiteluz,lud,NOUN,опыт,,,
4502,77362,66037,opuaru,lud,NOUN,опара,,,
4503,90064,77142,opät’,lud,ADV,опять,,,
4504,48170,42158,op’ta,lud,VERB,"трогать, прикасаться",,485,B15
4505,50017,42158,op’ta,lud,VERB,пробовать (на вкус),,619,B181
4506,53641,47222,ora,lud,NOUN,сверло,,925,B351
4507,54838,48294,oraane,lud,NOUN,шило,,1037,B356
4508,52183,45879,orahaižed,lud,NOUN,всходы,,783,B321
4509,44014,38237,orahankarvaine,lud,ADJ,зеленый,green,162,A36
4510,52180,45876,orahat,lud,NOUN,всходы,,783,B321
4511,54837,48293,oraine,lud,NOUN,шило,,1037,B356
4512,44271,38487,orau,lud,NOUN,белка,squirrel (mammal),186,A412
4513,32660,28295,orav,lud,NOUN,белка,,,
4514,16094,14531,orazkuu,lud,NOUN,май,,,
4515,56936,50068,orbuoi,lud,NOUN,сирота,,1225,B412
4516,78274,66863,organizacii,lud,NOUN,организация,,,
4517,77918,66548,organizuita,lud,VERB,организовывать,,,
4518,52722,46401,orih,lud,NOUN,мерин,,834,B331
4519,42788,37056,ork,lud,NOUN,низина,lowland,67,A22
4520,44801,39002,orl,lud,NOUN,орёл,eagle,235,A42
4521,81903,69905,orle,lud,NOUN,орёл,eagle,235,A42
4522,44268,38484,orov,lud,NOUN,белка,squirrel (mammal),186,A412
4523,78557,67121,orož,lud,NOUN,ружьё,,,
4524,91708,78780,oruš,lud,NOUN,"ружьё, оружие",,,
4525,53900,47461,oruž,lud,NOUN,ружье,,948,B353
4526,53898,47459,oružd’,lud,NOUN,ружье,,948,B353
4527,55717,49034,orzi,lud,NOUN,"поперечная полка во всю ширину избы, воронец",,1118,B372
4528,55719,49036,orz’,lud,NOUN,"поперечная полка во всю ширину избы, воронец",,1118,B372
4529,52726,46405,or’h,lud,NOUN,мерин,,834,B331
4530,72698,61965,osle,lud,NOUN,осел,,,
4531,73774,62881,osnounom,lud,ADV,в основном,,,
4532,90958,78044,osobi,lud,ADV,отдельно,,,
4533,91486,78564,osoblivuoi,lud,ADJ,"особый, особенный",,,
4534,72697,61964,osse,lud,NOUN,ось,,,
4535,25052,22268,ostada,lud,VERB,покупать,,1050,B36
4536,15991,14428,ostai,lud,NOUN,покупатель	,,,
4537,55012,48405,ostta,lud,VERB,покупать,,1050,B36
4538,90131,77209,ostupida,lud,VERB,отступать,,,
4539,77288,65965,osvobodida,lud,VERB,освобождать,,,
4540,91464,78544,otdihaita,lud,VERB,отдыхать,,,
4541,73133,62357,otkažida,lud,VERB,отказывать,,,
4542,47822,41852,otta,lud,VERB,брать,,462,B15
4543,16157,14596,ottada,lud,VERB,"брать, взять, забирать",,462,B15
4544,73012,14596,ottada,lud,VERB,взимать,,,
4545,73063,14596,ottada,lud,VERB,драть (кору),,,
4546,73080,14596,ottada,lud,VERB,захватывать,,,
4547,73244,14596,ottada,lud,VERB,снимать (икону со стены),,,
4548,48551,42511,ottada nimi,lud,PHRASE,называть,,511,B15
4549,47821,41851,ottai,lud,VERB,брать,,462,B15
4550,91824,78897,ottasta,lud,VERB,браться,,,
4551,78132,66740,ottolaps’,lud,NOUN,приёмный ребёнок,,,
4552,90973,78059,otvečuoita,lud,VERB,отвечать,,,
4553,46444,40571,oug,lud,NOUN,плечо,,363,B12
4554,52468,40571,oug,lud,NOUN,солома,,805,B323
4555,46443,40570,ouganpiä,lud,NOUN,плечо,,363,B12
4556,45644,39811,ounas,lud,ADJ,хитрый,,297,B11
4557,73281,62477,ounastada,lud,VERB,хитрить,,,
4558,45643,39810,ounaz,lud,ADJ,хитрый,,297,B11
4559,45669,39833,oza,lud,NOUN,счастье,,300,B11
4560,53928,47489,ozaata,lud,VERB,попадать в цель,,952,B353
4561,91648,78721,ozaine,lud,NOUN,"доля, долюшка",,,
4562,53927,47488,ozaita,lud,VERB,попадать в цель,,952,B353
4563,53926,47487,ozaitta,lud,VERB,попадать в цель,,952,B353
4564,78244,66837,ozakas,lud,ADJ,счастливый,,,
4565,77981,66607,ozakkahamb,lud,ADJ,более счастливый,,,
4566,78236,66829,ozaks,lud,ADV,к счастью,,,
4567,78038,66656,ozatoi,lud,ADJ,"несчастный, несчастливый",,,
4568,34854,29972,ozr,lud,NOUN,жито,,,
4569,43750,29972,ozr,lud,NOUN,ячмень,barley,139,A33
4570,43738,37976,ozre,lud,NOUN,ячмень,barley,139,A33
4571,48079,42086,ozutada,lud,VERB,показывать,,479,B15
4572,15938,14375,ozutelii,lud,NOUN,актер	,,,
4573,78070,66684,ozutelta,lud,VERB,показывать,,,
4574,76559,65340,ozutettavakš,lud,ADV,напоказ,,,
4575,78283,66870,ozutez,lud,NOUN,"образец, пример",,,
4576,48077,42084,ozuttada,lud,VERB,показывать,,479,B15
4577,78086,66700,ozutteluz,lud,NOUN,спектакль,,,
4578,74649,63707,ozutuz,lud,NOUN,выставка,,,
4579,76587,65364,očalle,lud,ADV,ничком,,,
4580,72702,61968,očkad,lud,NOUN,очки,,,
4581,46201,40337,očč,lud,NOUN,лоб,,345,B12
4582,35109,30214,očče,lud,NOUN,лоб,,345,B12
4583,72946,62195,oččetukad,lud,NOUN,челка,,,
4584,56636,49799,paarussu,lud,NOUN,парус,,1202,B38
4585,55409,48752,pacas,lud,NOUN,столб,,1088,B372
4586,33429,28774,pada,lud,NOUN,горшок,,1127,B373
4587,91269,78356,padaine,lud,NOUN,горшочек,,,
4588,48894,42832,padža,lud,NOUN,гной,,532,B16
4589,57953,51017,pagano,lud,ADJ,поганый,,1310,B52
4590,90003,77086,pageta,lud,VERB,убегать,,,
4591,78083,66697,pagin,lud,NOUN,речь,,,
4592,91683,78758,paginluad,lud,NOUN,диалект,,,
4593,77878,66509,paginmaterjal,lud,NOUN,"языковой материал, образец речи",,,
4594,16000,14437,paginsanakniig,lud,NOUN,разговорник,,,
4595,78615,67170,paginsananik,lud,NOUN,разговорник,,,
4596,14954,13479,pagizii,lud,NOUN,говорящий,,,
4597,25044,22260,pagišta,lud,VERB,говорить,,1252,B42
4598,90864,77949,pagižuttada,lud,VERB,"спрашивать, опрашивать",,,
4599,77912,66542,pagižutus,lud,NOUN,интервью,,,
4600,54882,48338,paglad,lud,NOUN,оборы (у лаптей),,1043,B356
4601,91629,78703,pagle,lud,NOUN,обора у лаптя,,,
4602,89705,76799,pago,lud,NOUN,"бегство, побег",,,
4603,91739,78811,pagolaine,lud,NOUN,беженец,,,
4604,72632,61816,paha,lud,NOUN,враг,,,
4605,45920,40071,paha,lud,ADJ,слабый (о человеке),,327,B12
4606,51683,40071,paha,lud,ADJ,злой,,738,B23
4607,72537,61816,paha,lud,NOUN,неряха,,,
4608,51684,40071,paha,lud,ADJ,плохой,,739,B23
4609,72561,61838,paha hebo,lud,PHRASE,кляча (худая лошадь),,,
4610,72559,61836,paha mieli,lud,PHRASE,досада (худо на уме),,,
4611,51355,45123,pahamiel’,lud,NOUN,"печаль, тоска",,724,B22
4612,91737,78809,pahanruadai,lud,NOUN,бедокур,,,
4613,48758,42702,paharubi,lud,NOUN,оспа,,522,B16
4614,91843,78916,pahatabaine,lud,ADJ,"буйный, с плохим характером",,,
4615,90247,77323,paheksida,lud,VERB,упрекать,,,
4616,51546,45307,pahestida,lud,VERB,хаять,,735,B23
4617,51543,45304,pahetida,lud,VERB,хаять,,735,B23
4618,51545,45306,paheštida,lud,VERB,хаять,,735,B23
4619,48810,42751,pahk,lud,NOUN,"шишка, нарост на теле",,526,B16
4620,48965,42751,pahk,lud,NOUN,нарыв,,531,B16
4621,48811,42752,pahke,lud,NOUN,"шишка, нарост на теле",,526,B16
4622,48966,42752,pahke,lud,NOUN,нарыв,,531,B16
4623,72852,62113,pahmas,lud,NOUN,ступа,,,
4624,13614,12290,pahn,lud,NOUN,яма,,,
4625,72979,62225,pahne,lud,NOUN,яма (простая),,,
4626,76611,65382,pahoin,lud,ADV,плохо,,,
4627,74602,63658,pahuz,lud,NOUN,зло,,,
4628,50379,44192,paid,lud,NOUN,рубашка (мужская),,651,B182
4629,50381,44194,paide,lud,NOUN,рубашка (мужская),,651,B182
4630,50455,44268,paik,lud,NOUN,платок,,659,B182
4631,50672,44485,paikata,lud,VERB,чинить белье,,678,B182
4632,50453,44266,paikk,lud,NOUN,платок,,659,B182
4633,50454,44267,paikke,lud,NOUN,платок,,659,B182
4634,53336,46942,paimen,lud,NOUN,пастух,,891,B334
4635,53331,46937,paimenduskoht,lud,NOUN,пастбище,,890,B334
4636,73207,62412,paimeta,lud,VERB,пасти,,,
4637,53339,46945,paimuo,lud,NOUN,пастух,,891,B334
4638,53338,46944,paimuoi,lud,NOUN,пастух,,891,B334
4639,47470,41535,painada,lud,VERB,"давить, придавливать",,441,B15
4640,73108,41535,painada,lud,VERB,макать,,,
4641,47471,41536,painda,lud,VERB,"давить, придавливать",,441,B15
4642,16039,14476,painoatletik,lud,NOUN,тяжелая атлетика	,,,
4643,77882,66513,paiči,lud,PREP,кроме,,,
4644,48875,42813,paiž,lud,NOUN,нарыв,,531,B16
4645,78743,67283,paiže,lud,NOUN,нарыв,,531,B16
4646,48825,42766,paižuda,lud,VERB,пухнуть,,527,B16
4647,48827,42768,paižutada,lud,VERB,пухнуть,,527,B16
4648,89541,76643,paja,lud,NOUN,кузница,,,
4649,54490,47965,pajanik,lud,NOUN,кузнец,,1000,B355
4650,54489,47964,pajanikke,lud,NOUN,кузнец,,1000,B355
4651,57499,50594,pajatada,lud,VERB,петь,,1270,B43
4652,57498,50593,pajattada,lud,VERB,"петь, запевать",,1270,B43
4653,57504,50599,pajo,lud,NOUN,песня,,1271,B43
4654,34900,30018,paju,lud,NOUN,ива,willow,117,A322
4655,42399,36689,pakaane,lud,NOUN,мороз,frost,33,A12
4656,16090,14527,pakaažkuu,lud,NOUN,январь,,,
4657,35722,30713,pakaine,lud,NOUN,мороз,frost,33,A12
4658,77803,66441,pakažkuu,lud,NOUN,январь,,,
4659,57281,50385,pakita,lud,VERB,просить,,1257,B42
4660,57282,50386,pakitta,lud,VERB,просить,,1257,B42
4661,74661,63716,pakičus,lud,NOUN,"мольба, просьба",,,
4662,78030,66649,pakkaskuu,lud,NOUN,январь,,,
4663,47802,41836,pakkuda,lud,VERB,падать,,460,B15
4664,43188,37434,pakkuli,lud,NOUN,гриб-трутовик,polypore,113,A322
4665,43202,37447,pakkul’,lud,NOUN,гриб-трутовик,polypore,113,A322
4666,65121,56367,pakottada,lud,VERB,болеть (ощущать боль),,519,B16
4667,44040,38263,pakuine,lud,ADJ,желтый,yellow,164,A36
4668,16109,14546,pakuune,lud,ADJ,жёлтый,,,
4669,15004,13524,pala,lud,NOUN,"кусок, комок",,934,B352
4670,53736,47314,palaane,lud,NOUN,кусок (хлеба),,934,B352
4671,82120,47314,palaane,lud,NOUN,лоскут,,1032,B356
4672,49859,43712,palab,lud,ADJ,горячий,,605,B181
4673,56070,49364,palada,lud,VERB,гореть,,1153,B374
4674,54796,48252,palaine,lud,NOUN,"лоскут, кусочек",,1032,B356
4675,72530,61809,palannuh,lud,ADJ,горелый,,,
4676,49858,43711,palau,lud,ADJ,горячий,,605,B181
4677,49849,43708,palav,lud,ADJ,горячий,,605,B181
4678,86243,73625,paleta,lud,VERB,гореть,,,
4679,54511,47986,palgehet,lud,NOUN,кузнечные мехи,,1002,B355
4680,54509,47984,palgiž,lud,NOUN,кузнечные мехи,,1002,B355
4681,55210,48594,palk,lud,NOUN,"заработок, оплата",,1071,B36
4682,51714,45467,palkata,lud,VERB,нанимать,,748,B31
4683,72720,61985,palke,lud,NOUN,плата,,,
4684,78032,66651,palkita,lud,VERB,награждать,,,
4685,55212,48596,palkk,lud,NOUN,"заработок, оплата",,1071,B36
4686,51719,45472,palkkatta,lud,VERB,нанимать,,748,B31
4687,55213,48597,palkke,lud,NOUN,"заработок, оплата",,1071,B36
4688,35741,30731,palle,lud,NOUN,молот,,,
4689,51944,45677,palo,lud,NOUN,"пожог, выженное место",,764,B321
4690,51993,45726,palsta,lud,NOUN,полоса (земли),,771,B321
4691,89697,76792,palte,lud,NOUN,"склон, косогор",,,
4692,54779,48235,paltin,lud,NOUN,полотно,,1030,B356
4693,54781,48237,palttin,lud,NOUN,полотно,,1030,B356
4694,72933,48237,palttin,lud,NOUN,холст,,,
4695,15980,14417,palveilii,lud,NOUN,горничная	,,,
4696,53737,47315,pal’aine,lud,NOUN,кусок (хлеба),,934,B352
4697,53510,47103,pal’l’aane,lud,NOUN,молоток,,909,B351
4698,76537,65320,pal’l’ahakši,lud,ADV,наголо,,,
4699,53508,47101,pal’l’aine,lud,NOUN,молоток,,909,B351
4700,46729,40835,pal’l’as,lud,ADJ,"голый, нагой",,387,B12
4701,46146,40287,pal’l’aspiä,lud,ADJ,лысый,,340,B12
4702,89758,76851,pampuškaine,lud,NOUN,пампушка,,,
4703,24869,22133,panda,lud,VERB,"положить, класть",,436,B15
4704,47425,22133,panda,lud,VERB,"укладывать, складывать в определенном порядке",,437,B15
4705,73035,22133,panda,lud,VERB,вставлять,,,
4706,73200,22133,panda,lud,VERB,всыпать,,,
4707,49244,43154,panda muah,lud,PHRASE,хоронить,,554,B17
4708,49245,43155,panda muaha,lud,PHRASE,хоронить,,554,B17
4709,55686,49003,panda umbee,lud,PHRASE,"закрывать, затворять",,1114,B372
4710,55685,49002,panda umbeh,lud,PHRASE,"закрывать, затворять",,1114,B372
4711,78188,66788,pandemij,lud,NOUN,пандемия,,,
4712,91002,78090,paneeli,lud,NOUN,панель,,,
4713,47333,41414,panelta,lud,VERB,совать,,430,B15
4714,50799,44594,pangaižet,lud,NOUN,серьги,,685,B182
4715,90488,77577,paniškata,lud,VERB,облагать налогом,,,
4716,91283,78366,papad’d’e,lud,NOUN,пападья,,,
4717,57934,50998,papp,lud,NOUN,поп,,1308,B52
4718,14951,13476,pappi,lud,NOUN,поп,,1308,B52
4719,45588,39757,parahin,lud,ADJ,"лучший, самый хороший",,294,B11
4720,84707,72240,parandai,lud,NOUN,"врач, лекарь, целитель",,,
4721,49011,42944,paranzuotta,lud,VERB,вылечить,,537,B16
4722,45591,39760,paras,lud,ADJ,"лучший, самый хороший",,294,B11
4723,84708,72241,parata,lud,VERB,"лечить, исцелять",,,
4724,16010,14447,pard,lud,NOUN,борода,,,
4725,58825,51836,pardas,lud,NOUN,край,,1385,C2
4726,77966,66592,paremb,lud,ADV,лучше,,,
4727,91115,78206,parembi,lud,ADJ,"лучше, лучший",,,
4728,49010,42943,pareta,lud,VERB,вылечить,,537,B16
4729,42462,36749,parh,lud,NOUN,пороша,freshly-fallen snow,37,A12
4730,42460,36747,parhaine,lud,NOUN,пороша,freshly-fallen snow,37,A12
4731,53485,47086,parkita,lud,VERB,дубить,,908,B34
4732,72705,61971,parte,lud,NOUN,парта,,,
4733,44428,38643,parvi,lud,NOUN,стая (птиц),flock,201,A42
4734,55402,48745,parzi,lud,NOUN,бревно,,1087,B372
4735,55405,48748,parz’,lud,NOUN,бревно,,1087,B372
4736,55404,48747,parž,lud,NOUN,бревно,,1087,B372
4737,55401,48744,parži,lud,NOUN,бревно,,1087,B372
4738,44434,38649,par’v,lud,NOUN,стая (птиц),flock,201,A42
4739,49626,43507,passibo,lud,NOUN,спасибо,,585,B17
4740,72839,62100,pas’s’iboita,lud,VERB,благодарить,,,
4741,72991,62236,patente,lud,NOUN,патент,,,
4742,51604,45365,pattie,lud,ADJ,злой,,738,B23
4743,51687,45365,pattie,lud,ADJ,ленивый,,740,B23
4744,51973,45706,pattuda,lud,VERB,набухать,,769,B321
4745,54782,48238,pautin,lud,NOUN,полотно,,1030,B356
4746,55407,48750,pačas,lud,NOUN,столб,,1088,B372
4747,55408,48751,pačaz,lud,NOUN,столб,,1088,B372
4748,48791,42735,pačku,lud,NOUN,синяк,,525,B16
4749,25017,22233,pašport,lud,NOUN,паспорт,,,
4750,72708,61974,pašporte,lud,NOUN,паспорт,,,
4751,53864,47442,pašta,lud,VERB,"печь, испечь",,946,B352
4752,53863,47441,paštada,lud,VERB,"печь, испечь",,946,B352
4753,77950,47441,paštada,lud,VERB,светить,,,
4754,72859,62120,paštand,lud,NOUN,стряпня,,,
4755,73195,62404,paštuda,lud,VERB,светить,,,
4756,89920,77009,paššida,lud,VERB,пахать,,,
4757,43128,37379,pedai,lud,NOUN,сосна,pine,106,A322
4758,81949,69939,pedai,lud,NOUN,сосна,,,
4759,44212,38428,pedr,lud,NOUN,олень,deer,180,A412
4760,44213,38429,pedre,lud,NOUN,олень,deer,180,A412
4761,91028,78120,pedučilišše,lud,NOUN,педагогическое училище,,,
4762,90010,77093,pedvadasta,lud,VERB,барахтаться,,,
4763,3571,3540,pedäi,lud,NOUN,сосна,,,
4764,91253,78341,pedäiladve,lud,NOUN,верхушка сосны,,,
4765,90910,77991,peekari,lud,NOUN,пекарь,,,
4766,53717,47295,pehmed,lud,ADJ,мягкий (о хлебе),,932,B352
4767,72668,61937,pehmed,lud,NOUN,мякоть,,,
4768,76528,65312,pehmedašči,lud,ADV,мягко,,,
4769,53716,47294,pehmei,lud,ADJ,мягкий (о хлебе),,932,B352
4770,44928,39121,peho,lud,NOUN,молодь рыбы,juvenile fish,244,A43
4771,44922,39115,pehu,lud,NOUN,молодь рыбы,juvenile fish,244,A43
4772,44552,38760,peipuoine,lud,NOUN,жаворонок,"lark, skylark",213,A42
4773,90888,77970,peiteltä,lud,VERB,прятать,,,
4774,76500,65290,peitoči,lud,ADV,исподтишка,,,
4775,76501,65290,peitoči,lud,ADV,нелегально,,,
4776,76502,65290,peitoči,lud,ADV,тайно,,,
4777,76503,65290,peitoči,lud,ADV,украдкой,,,
4778,76690,65452,peitošči,lud,ADV,тайком,,,
4779,76691,65452,peitošči,lud,ADV,тайно,,,
4780,47313,41395,peitta,lud,VERB,прятать,,429,B15
4781,47311,41393,peittada,lud,VERB,прятать,,429,B15
4782,73221,62422,peittädä,lud,VERB,прятать,,,
4783,47312,41394,peittäi,lud,VERB,прятать,,429,B15
4784,89755,76848,pekarn’e,lud,NOUN,пекарня,,,
4785,51955,45688,peld,lud,NOUN,поле,,766,B321
4786,44554,38762,peldlind,lud,NOUN,жаворонок,"lark, skylark",213,A42
4787,3492,3465,peldo,lud,NOUN,поле,,766,B321
4788,78467,67040,peldohiiri,lud,NOUN,мышь-полёвка,,,
4789,44517,38725,peldovaruoi,lud,NOUN,грач,rook (a black bird whose large flocks signal the arrival of  spring),209,A42
4790,90485,77574,peldoššikke,lud,NOUN,житель д. Пелдожа,,,
4791,89924,77013,peldožnikke,lud,NOUN,"пелдожанин, житель д. Пелдожа",,,
4792,73253,62451,pelgättädä,lud,VERB,"стращать, напугать",,,
4793,35096,30201,pelvas,lud,NOUN,лён,,901,B34
4794,73226,62427,pel’gättädä,lud,VERB,пугать,,,
4795,78492,67064,pel’onk,lud,NOUN,пелёнка,,,
4796,44091,38313,pendu,lud,NOUN,щенок,puppy,169,A411
4797,55522,48865,penger,lud,NOUN,завалина,,1098,B372
4798,90190,77268,pengoda,lud,VERB,отвергать,,,
4799,74699,63752,penzii,lud,NOUN,пенсия,,,
4800,54181,47717,pera,lud,NOUN,мотня невода,,974,B353
4801,77301,65977,peraha,lud,POSTP,за,,,
4802,77932,66561,peras,lud,POSTP,через,,,
4803,72922,62172,perednikke,lud,NOUN,фартук,,,
4804,20371,18330,pereh,lud,NOUN,семья,,1218,B412
4805,90965,78051,perehüz,lud,NOUN,семейство,,,
4806,20372,18331,pereloimu,lud,NOUN,род,,,
4807,20373,18331,pereloimu,lud,NOUN,родня,,,
4808,89675,76770,perevoze,lud,NOUN,перевоз,,,
4809,89691,76786,perevozida,lud,VERB,перевозить,,,
4810,51940,45673,pergada,lud,VERB,"расчищать, раскорчевывать (под пашню, луг)",,763,B321
4811,91278,78364,pergada,lud,VERB,"бить, колотить",,,
4812,91279,78364,pergada,lud,VERB,вбивать,,,
4813,91280,78364,pergada,lud,VERB,расчищать,,,
4814,91281,78364,pergada,lud,VERB,корчевать,,,
4815,51941,45674,pergai,lud,VERB,"расчищать, раскорчевывать (под пашню, луг)",,763,B321
4816,51942,45675,pergta,lud,VERB,"расчищать, раскорчевывать (под пашню, луг)",,763,B321
4817,46052,40195,perhot’,lud,NOUN,перхоть,,336,B12
4818,91284,78367,perid,lud,POSTP,из-за,,,
4819,87453,74737,perimuz,lud,NOUN,традиция,,,
4820,90201,77280,perimäine,lud,ADJ,"крайний, задний",,,
4821,91322,78402,perin,lud,POSTP,из-за,,,
4822,72712,61978,perinäd,lud,NOUN,перины,,,
4823,55265,48627,perti,lud,NOUN,"изба, дом",,1074,B371
4824,89524,76626,pertiine,lud,NOUN,избушка,,,
4825,89679,76774,pertti,lud,NOUN,изба,,,
4826,90600,77691,perttikulu,lud,NOUN,избёнка,,,
4827,16053,14490,pert’,lud,NOUN,комната,,,
4828,55281,14490,pert’,lud,NOUN,"изба, дом",,1074,B371
4829,16046,14483,pert’lomud,lud,NOUN,мебель	,,,
4830,55269,48631,pert’t’,lud,NOUN,"изба, дом",,1074,B371
4831,34901,30019,pert’t’i,lud,NOUN,изба,,,
4832,89776,76869,pervuoi,lud,ADJ,первый,,,
4833,46719,40825,perze,lud,NOUN,зад (у человека),,386,B12
4834,86245,73627,perzegel,lud,ADV,задом,,,
4835,46823,40923,perzeluu,lud,NOUN,таз (у человека),,391,B12
4836,46821,40921,perzeluud,lud,NOUN,таз (у человека),,391,B12
4837,33390,28743,perä,lud,NOUN,выгонка,,,
4838,54333,28743,perä,lud,NOUN,мотня невода,,974,B353
4839,86495,73864,peräd,lud,POSTP,из-за,,,
4840,89521,76623,peränikke,lud,NOUN,сплавщик,,,
4841,91249,78337,peräs,lud,POSTP,через,,,
4842,78500,67072,perčank,lud,NOUN,перчатка,,,
4843,42812,37076,pesk,lud,NOUN,песок,sand,70,A22
4844,42809,37073,pesku,lud,NOUN,песок,sand,70,A22
4845,50821,44616,pesta,lud,VERB,мыть,,687,B182
4846,50822,44617,pestta,lud,VERB,мыть,,687,B182
4847,50820,44615,pestä,lud,VERB,мыть,,687,B182
4848,73274,62470,pestäkseh,lud,VERB,умываться,,,
4849,55865,49174,petkel,lud,NOUN,пест,,1133,B373
4850,55868,49177,petkel’,lud,NOUN,пест,,1133,B373
4851,55562,48905,petle,lud,NOUN,петля двери,,1102,B372
4852,55559,48902,petl’,lud,NOUN,петля двери,,1102,B372
4853,78474,67047,petrušk,lud,NOUN,петрушка,,,
4854,51475,45238,pettäi,lud,VERB,"лгать, обманывать",,731,B23
4855,78555,67119,peza,lud,NOUN,гнездо,,,
4856,15924,14361,pezii,lud,NOUN,уборщица,,,
4857,33424,28771,pezä,lud,NOUN,гнездо,,,
4858,91234,78323,peäliči,lud,POSTP,через,,,
4859,91239,78328,peästädä,lud,VERB,освобождаться,,,
4860,89684,76779,pečatnuoi,lud,ADJ,печатный,,,
4861,25035,22251,pialiči,lud,POSTP,через,,,
4862,49615,43496,pidab,lud,VERB,надо,,583,B17
4863,47378,41454,pidada,lud,VERB,держать,,433,B15
4864,77863,41454,pidada,lud,VERB," держать; содержать; хранить, сохранять",,,
4865,77864,41454,pidada,lud,VERB,"носить (надевать на себя, иметь на себе)",,,
4866,77865,41454,pidada,lud,VERB,"расходовать, израсходовать",,,
4867,77866,41454,pidada,lud,VERB,"проводить, провести, устраивать, устроить",,,
4868,77867,41454,pidada,lud,VERB,"надо, нужно, следует",,,
4869,48377,42353,pidatada,lud,VERB,останавливать,,500,B15
4870,49614,43495,pidau,lud,VERB,надо,,583,B17
4871,74646,63704,pideltä,lud,VERB,"проводить, проводиться",,,
4872,77928,66558,pidelus,lud,NOUN,использование,,,
4873,77919,66549,pido,lud,NOUN,мероприятие,,,
4874,23931,21414,pidädä,lud,VERB,нужно,,,
4875,23933,21414,pidädä,lud,VERB,держать,,,
4876,73161,21414,pidädä,lud,VERB,"держать; содержать; хранить, сохранять",,,
4877,73162,21414,pidädä,lud,VERB,сдержать (слово),,,
4878,73163,21414,pidädä,lud,VERB,носить,,,
4879,73164,21414,pidädä,lud,VERB,"расходовать, израсходовать",,,
4880,73165,21414,pidädä,lud,VERB,"проводить, провести, устраивать, устроить",,,
4881,73166,21414,pidädä,lud,VERB,"считать, посчитать",,,
4882,73167,21414,pidädä,lud,VERB,"держать, не пропускать влагу",,,
4883,47380,41456,pidäi,lud,VERB,держать,,433,B15
4884,48380,42356,pidättäi,lud,VERB,останавливать,,500,B15
4885,49608,43489,pidäu,lud,VERB,надо,,583,B17
4886,48040,42052,pieksada,lud,VERB,"мешать, размешивать",,477,B15
4887,53312,42052,pieksada,lud,VERB,сбивать (масло),,885,B333
4888,53267,46896,pieksta,lud,VERB,сбивать (масло),,885,B333
4889,73117,62341,pieksädä,lud,VERB,мешать,,,
4890,73232,62341,pieksädä,lud,VERB,сбивать (мешать масло),,,
4891,53266,46895,pieksäi,lud,VERB,сбивать (масло),,885,B333
4892,54940,46895,pieksäi,lud,VERB,выделывать кожу,,1033,B356
4893,50981,44774,pielus,lud,NOUN,подушка,,698,B182
4894,72671,61940,pieluspiäline,lud,NOUN,наволочка  (на подушку),,,
4895,50984,44777,pieluz,lud,NOUN,подушка,,698,B182
4896,90770,77858,piel’,lud,NOUN,"косяк, край, обочина",,,
4897,35141,30245,piendar,lud,NOUN,межа,,,
4898,45558,39727,piene,lud,ADJ,маленький,,292,B11
4899,23945,21425,pieni,lud,ADJ,маленький,,,
4900,72662,61932,pieni lapsi,lud,PHRASE,малютка,,,
4901,45569,39738,pien’,lud,ADJ,маленький,,292,B11
4902,55310,48663,piha,lud,NOUN,двор (при доме),,1078,B371
4903,72912,48663,piha,lud,NOUN,улица,,,
4904,76679,65441,pihalpiäi,lud,ADV,снаружи,,,
4905,83332,71044,pihil’d’,lud,NOUN,рябина,,,
4906,43062,37317,pihk,lud,NOUN,"смола бегущая, живица",sap,96,A321
4907,43063,37318,pihke,lud,NOUN,"смола бегущая, живица",sap,96,A321
4908,43252,37497,pihle,lud,NOUN,рябина,"mountain ash, rowan",118,A322
4909,43250,37495,pihl’,lud,NOUN,рябина,"mountain ash, rowan",118,A322
4910,43064,37319,pih’k’,lud,NOUN,"смола бегущая, живица",sap,96,A321
4911,52533,46219,pii,lud,NOUN,зуб (граблей),,815,B324
4912,35003,30111,piihted,lud,NOUN,клещи,,1006,B355
4913,54550,48024,piihtet,lud,NOUN,клещи,,1006,B355
4914,53916,47477,piili,lud,NOUN,стрела,,950,B353
4915,55514,48857,piilo,lud,NOUN,щель,,1097,B372
4916,55516,48859,piiluine,lud,NOUN,щель,,1097,B372
4917,50357,44174,piipp,lud,NOUN,трубка,,649,B181
4918,43795,38028,piirag,lud,NOUN,стручок,pod,144,A34
4919,50000,38028,piirag,lud,NOUN,пирог,,610,B181
4920,34983,30092,piirai,lud,NOUN,"калитка, пирог",,,
4921,43796,30092,piirai,lud,NOUN,стручок,pod,144,A34
4922,16063,14500,piirdin,lud,NOUN,карандаш 	,,,
4923,16153,14592,piiri,lud,NOUN,район,,,
4924,50278,44095,piivo,lud,NOUN,пиво,,642,B181
4925,45572,39741,pikkaraane,lud,ADJ,маленький,,292,B11
4926,45560,39729,pikkaraine,lud,ADJ,маленький,,292,B11
4927,72716,61981,pila,lud,NOUN,пила,,,
4928,73211,62414,pilida,lud,VERB,пилить,,,
4929,89534,76636,pilittäi,lud,VERB,распилить ,,,
4930,72772,62034,pilkeh,lud,NOUN,пятно,,,
4931,50042,43877,pilkkoda,lud,VERB,размельчать,,620,B181
4932,73231,62432,pilkoda,lud,VERB,рубить,,,
4933,58150,51212,pill,lud,NOUN,порча (в поверьях),,1324,B52
4934,51450,45218,pille,lud,NOUN,беда,,730,B22
4935,58159,45218,pille,lud,NOUN,порча (в поверьях),,1324,B52
4936,72651,45218,pille,lud,NOUN,изъян,,,
4937,63617,55317,pilluine,lud,NOUN,щель,,,
4938,42255,36548,pilves,lud,NOUN,"тень (пространство, защищенное от солнца)",shadow (space protected from the sun),17,A12
4939,90547,77635,pilvi,lud,NOUN,облако,,,
4940,91754,78826,pil’vetoine,lud,ADJ,безоблачный,,,
4941,16073,14510,pil’vezus,lud,NOUN,облачность,,,
4942,72898,62152,pil’vi,lud,NOUN,туча (дождевая),,,
4943,42163,36458,pimed,lud,ADJ,тёмный (о ночи),"dark, gloomy",9,A12
4944,76704,65464,pimedašči,lud,ADV,тускло,,,
4945,42162,36457,pimei,lud,ADJ,тёмный (о ночи),"dark, gloomy",9,A12
4946,76527,65311,pimešči,lud,ADV,мрачно,,,
4947,76696,65311,pimešči,lud,ADV,темно,,,
4948,48198,42186,pinaltakseh,lud,VERB,"вернуться, возвратиться",,486,B15
4949,43100,37353,pind,lud,NOUN,"верхний слой древесины, заболонь","alburnum, sapwood",102,A321
4950,78009,37353,pind,lud,NOUN,поверхность,,,
4951,43101,37354,pinde,lud,NOUN,"верхний слой древесины, заболонь","alburnum, sapwood",102,A321
4952,35026,30134,pino,lud,NOUN,поленница,,1157,B374
4953,73780,62887,pin’u,lud,NOUN,комар,,,
4954,45348,39535,pin’uoi,lud,NOUN,комар,,278,A44
4955,72714,61980,pippuri,lud,NOUN,перец,,,
4956,49923,43776,piraa,lud,NOUN,пирог,,610,B181
4957,43797,38029,pirg,lud,NOUN,стручок,pod,144,A34
4958,43799,38030,pirgaažed,lud,NOUN,стручок,pod,144,A34
4959,72717,61982,pistolette,lud,NOUN,пистолет,,,
4960,73212,62415,pitaidakseh,lud,VERB,питаться,,,
4961,76650,65416,pitkašči,lud,ADV,протяжно,,,
4962,33481,28821,pitke,lud,ADJ,длинный,,1375,C2
4963,33481,28821,pitke,lud,ADJ,длинный,,291,B11
4964,44197,38414,pitkehände,lud,NOUN,волк,wolf,178,A412
4965,33338,28694,pitkin,lud,POSTP,вдоль,,,
4966,72605,61881,pitkin,lud,ADV,вдоль,,,
4967,45347,39534,pitknena,lud,NOUN,комар,,278,A44
4968,77990,66616,pitkäheze,lud,ADV,долго,,,
4969,45552,39721,pit’k,lud,ADJ,высокий,,291,B11
4970,58965,39721,pit’k,lud,ADJ,длинный,,1375,C2
4971,50279,44096,pivo,lud,NOUN,пиво,,642,B181
4972,72638,61913,piä,lud,ADJ,главный,,,
4973,33435,28779,piä,lud,NOUN,голова,,331,B12
4974,73188,62398,piä pakottau,lud,PHRASE,голова болит,,,
4975,78160,66760,piäabunik,lud,NOUN,главный помощник,,,
4976,91270,78357,piäh,lud,POSTP,на  ,,,
4977,78520,67092,piäi,lud,POSTP,по направлению к,,,
4978,78284,66871,piäinformant,lud,NOUN,главный информант,,,
4979,46100,40241,piäkul’l’u,lud,NOUN,череп,,339,B12
4980,46121,40262,piäkul’l’uk,lud,NOUN,череп,,339,B12
4981,46118,40259,piäkul’l’uške,lud,NOUN,череп,,339,B12
4982,90961,78047,piäl,lud,POSTP,"на (на поверхности чего-либо, кого-либо)",,,
4983,14990,13510,piäle,lud,POSTP,на,,,
4984,89923,77012,piälikkö,lud,NOUN,"начальник, староста",,,
4985,76661,65424,piäliče,lud,ADV,сверх,,,
4986,78553,67118,piäliči,lud,POSTP,через,,,
4987,91179,78268,piäluu,lud,NOUN,череп,,,
4988,91178,78267,piäluw,lud,NOUN,череп,,,
4989,77352,66027,piäl’či,lud,ADV,сверху,,,
4990,46116,40257,piämal’l’,lud,NOUN,череп,,339,B12
4991,46119,40260,piämal’l’uške,lud,NOUN,череп,,339,B12
4992,78074,66688,piämiez’,lud,NOUN,председатель,,,
4993,77927,66557,piäpaginluad,lud,NOUN,"наречие, диалект",,,
4994,78073,66687,piäpidai,lud,NOUN,главный организатор,,,
4995,50668,44481,piärmida,lud,VERB,подрубать,,677,B182
4996,50669,44482,piärmii,lud,VERB,подрубать,,677,B182
4997,78087,66701,piärol’l’,lud,NOUN,главная роль,,,
4998,78607,67163,piäruadand,lud,NOUN,основной вид деятельности,,,
4999,91123,78214,piäs,lud,POSTP,на (поверхности чего-либо),,,
5000,44590,38798,piäskuo,lud,NOUN,ласточка,swallow (bird),215,A42
5001,44588,38796,piäskuohut,lud,NOUN,ласточка,swallow (bird),215,A42
5002,44587,38795,piäskyöi,lud,NOUN,ласточка,swallow (bird),215,A42
5003,48146,42136,piästa,lud,VERB,пускать,,483,B15
5004,48143,42133,piästada,lud,VERB,пускать,,483,B15
5005,78194,66794,piästetädä,lud,VERB,спасать,,,
5006,3556,3526,piästä,lud,VERB,"попадать, попасть",,,
5007,74657,63712,piästädä,lud,VERB,спасать,,,
5008,48145,42135,piästäi,lud,VERB,пускать,,483,B15
5009,78604,67160,piätand,lud,NOUN,решение,,,
5010,59276,52250,piätinčče,lud,NOUN,пятница,,1416,C3
5011,56297,49557,piätn,lud,NOUN,пятно (на одежде),,1177,B375
5012,16085,14522,piätnič,lud,NOUN,пятница,,1416,C3
5013,59274,52248,piätničč,lud,NOUN,пятница,,1416,C3
5014,59275,52249,piätničče,lud,NOUN,пятница,,1416,C3
5015,77917,66547,piättäda,lud,VERB,решить что-то сделать,,,
5016,91024,78116,piätöi,lud,ADJ,безголовый,,,
5017,91746,78818,piäzemätoine,lud,ADJ,безвыходный,,,
5018,44586,38794,piäčkyöi,lud,NOUN,ласточка,swallow (bird),215,A42
5019,45570,39739,pičukeine,lud,ADJ,маленький,,292,B11
5020,45571,39740,pičukkaine,lud,ADJ,маленький,,292,B11
5021,45573,39742,pičukuine,lud,ADJ,маленький,,292,B11
5022,91538,78612,pjanuoi,lud,ADJ,пьяный,,,
5023,78062,66676,pjess,lud,NOUN,пьеса,,,
5024,74689,63741,platform,lud,NOUN,платформа,,,
5025,72721,61986,plemännikke,lud,NOUN,племянник,,,
5026,77252,65930,plen,lud,NOUN,плен,,,
5027,53356,46962,pletti,lud,NOUN,плеть,,893,B334
5028,73030,62271,plettida,lud,VERB,вплетать,,,
5029,72718,61983,plet’t’i,lud,NOUN,плеть,,,
5030,46145,40286,pliešš,lud,ADJ,лысый,,340,B12
5031,46131,40272,plieššipiä,lud,ADJ,лысый,,340,B12
5032,34238,29431,plita,lud,NOUN,плита,,,
5033,77179,65867,plosščadk,lud,NOUN,площадка,,,
5034,72723,61988,plotin,lud,NOUN,плотина,,,
5035,72719,61984,plotnikke,lud,NOUN,плотник,,,
5036,89530,76632,plotte,lud,NOUN,плот,,,
5037,50476,44289,pluat’t’,lud,NOUN,платье,,661,B182
5038,91202,78291,pluat’t’aine,lud,NOUN,"платье, платьице",,,
5039,89739,76832,pluat’t’e,lud,NOUN,платье,,,
5040,89919,77008,pluuge,lud,NOUN,плуг,,,
5041,57487,50582,plässida,lud,VERB,"танцевать, плясать",,1269,B43
5042,78491,67063,pläššida,lud,VERB,плясать,,,
5043,73258,62455,pl’aššida,lud,VERB,танцевать,,,
5044,90177,77255,pl’emännikke,lud,NOUN,племянник,,,
5045,35840,30819,pl’en,lud,NOUN,плен,,,
5046,90847,77931,pl’äššidä,lud,VERB,плясать,,,
5047,73058,62291,podarida,lud,VERB,дарить,,,
5048,78631,67184,podkorpus,lud,NOUN,подкорпус,,,
5049,51757,45510,podr’ad,lud,NOUN,подряд,,751,B31
5050,72758,62020,podr’ušnikke,lud,NOUN,подпруга,,,
5051,72725,61990,podušnoi,lud,NOUN,подати,,,
5052,74625,63683,podval,lud,NOUN,подвал,,,
5053,89931,77020,podvode,lud,NOUN,подвода,,,
5054,90244,77320,podvoduoita,lud,VERB,возить на подводах,,,
5055,23879,21369,pogost,lud,NOUN,погост,,,
5056,72737,62002,pogoste,lud,NOUN,погост,,,
5057,42570,36851,pohde,lud,NOUN,дно,bottom,47,A21
5058,42568,36849,pohd’,lud,NOUN,дно,bottom,47,A21
5059,54961,36849,pohd’,lud,NOUN,подошва,,1041,B356
5060,78275,36849,pohd’,lud,NOUN,север,,,
5061,78276,36849,pohd’,lud,NOUN,основа,,,
5062,58834,51845,pohd’aane,lud,NOUN,север,,1386,C2
5063,74303,63379,pohd’agd’,lud,NOUN,северная сторона чего-либо,,,
5064,58832,51843,pohd’aine,lud,NOUN,север,,1386,C2
5065,77903,66533,pohd’alaine,lud,ADJ,северный,,,
5066,91753,78825,pohd’atoine,lud,ADJ,бездонный,,,
5067,33397,28750,pohjaine,lud,ADJ,северный,,,
5068,72556,61833,pohjaine tuuli,lud,PHRASE,ветер (северный),,,
5069,33482,28822,pohje,lud,NOUN,дно,,,
5070,54963,28822,pohje,lud,NOUN,подошва,,1041,B356
5071,46634,40749,pohked,lud,NOUN,икра ноги,,380,B12
5072,16124,14561,poig,lud,NOUN,сын,,1231,B412
5073,57107,14561,poig,lud,NOUN,мальчик,,,
5074,78479,67052,poigaine,lud,NOUN,сыночек,,,
5075,23878,21368,poige,lud,NOUN,сын,,1231,B412
5076,57106,21368,poige,lud,NOUN,мальчик,,,
5077,16143,14580,poigindam,lud,NOUN,пасынок,,,
5078,72612,61888,poikki,lud,POSTP,поперек,,,
5079,54772,48228,poimites,lud,NOUN,узор,,1028,B356
5080,15953,14390,pojezd,lud,NOUN,поезд	,,,
5081,72729,61994,poklon,lud,NOUN,поклон,,,
5082,49224,43134,pokuoinikk,lud,NOUN,покойник,,553,B17
5083,49225,43135,pokuoinikke,lud,NOUN,покойник,,553,B17
5084,72728,61993,pola,lud,NOUN,пола,,,
5085,72745,62008,polatti,lud,NOUN,полати,,,
5086,47707,41743,polgeda,lud,VERB,наступать (ногой),,454,B15
5087,15975,14412,policii,lud,NOUN,полиция,,,
5088,72727,61992,polos,lud,NOUN,полоса,,,
5089,51987,45720,polosat,lud,NOUN,полоса (земли),,771,B321
5090,72734,61999,polotne,lud,NOUN,полотно,,,
5091,56279,49539,polovikke,lud,NOUN,половик,,1176,B375
5092,51928,45661,polttada,lud,VERB,палить подсеку,,762,B321
5093,56175,45661,polttada,lud,VERB,жечь,,1161,B374
5094,56142,49416,polttai,lud,VERB,жечь,,1161,B374
5095,45371,39557,polttajaane,lud,NOUN,мошка,,279,A44
5096,45362,38109,polttajaine,lud,NOUN,мошка,,279,A44
5097,72738,62003,polude,lud,NOUN,полуда,,,
5098,73218,62419,polučida,lud,VERB,получать,,,
5099,35040,30148,polvi,lud,NOUN,колено,,379,B12
5100,35041,30148,polvi,lud,NOUN,поколение,,,
5101,46610,40726,pol’v,lud,NOUN,колено,,379,B12
5102,90350,77423,pomeste,lud,NOUN,"дом; участок; место, где живёт семья",,,
5103,35064,30170,pordahad,lud,NOUN,"крыльцо, лестница",,,
5104,55627,48944,pordahat,lud,NOUN,крыльцо,,1106,B372
5105,55724,48944,pordahat,lud,NOUN,лестница,,1117,B372
5106,55628,48945,pordhat,lud,NOUN,крыльцо,,1106,B372
5107,55725,48945,pordhat,lud,NOUN,лестница,,1117,B372
5108,33445,28787,pordimoi,lud,NOUN,горностай,,,
5109,44253,38469,pordimuo,lud,NOUN,горностай,"ermine (in winter), stoat (in summer)",184,A412
5110,44254,38470,pordimuoi,lud,NOUN,горностай,"ermine (in winter), stoat (in summer)",184,A412
5111,50944,44737,poro,lud,NOUN,щелок,,696,B182
5112,72732,61997,porohe,lud,NOUN,порох,,,
5113,58151,51213,porč,lud,NOUN,порча (в поверьях),,1324,B52
5114,86492,73862,por’adke,lud,NOUN,порядок,,,
5115,44255,38471,por’muo,lud,NOUN,горностай,"ermine (in winter), stoat (in summer)",184,A412
5116,78497,67069,posadida,lud,VERB,посадить,,,
5117,57131,50242,posestru,lud,NOUN,двоюродная сестра,,1242,B412
5118,92511,79513,posmenno,lud,ADV,посменно,,,
5119,78710,67252,postel,lud,NOUN,постель,,699,B182
5120,72735,62000,posteli,lud,NOUN,постель,,,
5121,50990,44783,postel’,lud,NOUN,постель,,699,B182
5122,72753,62016,postel’nikke,lud,NOUN,постельник,,,
5123,89792,76884,postroikke,lud,NOUN,постройка,,,
5124,78068,66682,pos’olkke,lud,NOUN,посёлок,,,
5125,72731,61996,poteh,lud,NOUN,потеха,,,
5126,89682,76777,potke,lud,NOUN,пинок,,,
5127,47717,41753,potkida,lud,VERB,пинать,,455,B15
5128,55712,49029,potok,lud,NOUN,"навес крыши, стреха",,1116,B372
5129,90681,77771,potoke,lud,NOUN,водосток,,,
5130,78698,67242,pot’kita,lud,VERB,пинать,,455,B15
5131,47718,41754,pot’t’a,lud,VERB,пинать,,455,B15
5132,42219,36512,poud,lud,NOUN,"вёдро, ясная, солнечная, сухая погода",fair weather,13,A12
5133,42215,36508,pouda,lud,NOUN,"вёдро, ясная, солнечная, сухая погода",fair weather,13,A12
5134,47708,41744,poukta,lud,VERB,наступать (ногой),,454,B15
5135,56143,49417,poutta,lud,VERB,жечь,,1161,B374
5136,50493,44306,povi,lud,NOUN,пазуха,,663,B182
5137,89938,77027,povoske,lud,NOUN,повозка,,,
5138,53117,46766,počiine,lud,NOUN,поросенок,,871,B331
5139,90919,78000,počinheine,lud,NOUN,мокрица,,,
5140,83482,71160,počinpoigaine,lud,NOUN,поросёночек,,,
5141,72742,62005,počinpoige,lud,NOUN,поросенок,,,
5142,43000,37255,počk,lud,NOUN,почка (древесная),bud,89,A321
5143,46975,41069,počkad,lud,NOUN,почки,,403,B12
5144,53101,46750,počč,lud,NOUN,свинья,,870,B331
5145,53100,46749,počče,lud,NOUN,свинья,,870,B331
5146,53098,46747,počči,lud,NOUN,свинья,,870,B331
5147,83483,71161,poččine,lud,NOUN,поросёнок,,,
5148,77871,66502,poččivoita,lud,VERB,"потчевать, угощать",,,
5149,16003,14440,pošt,lud,NOUN,почта,,,
5150,90259,77335,pošte,lud,NOUN,почта,,,
5151,76647,65413,pošti,lud,ADV,почти,,,
5152,16006,14443,poštud’aššik,lud,NOUN,почтовый ящик,,,
5153,16002,14439,poštukartočk,lud,NOUN,почтовая открытка,,,
5154,16005,14442,poštumark,lud,NOUN,почтовая марка,,,
5155,76595,65371,pošči,lud,ADV,приблизительно,,,
5156,89991,77076,požar,lud,NOUN,пожар,,,
5157,15923,14360,požarnii,lud,NOUN,пожарный,,,
5158,90369,77442,požarnuoi,lud,ADJ,пожарный,,,
5159,78113,66725,pradedoi,lud,NOUN,прадед,,,
5160,51658,45419,praud,lud,NOUN,правда,,743,B23
5161,51660,45421,praude,lud,NOUN,правда,,743,B23
5162,77139,65827,prazdnik,lud,NOUN,праздник,,,
5163,90104,77183,pračkada,lud,VERB,ударить с силой,,,
5164,90202,77281,precedat’el’,lud,NOUN,председатель,,,
5165,91318,78398,presv’aščennikke,lud,NOUN,преосвященный,,,
5166,90245,77321,pribivaita,lud,VERB,прибивать,,,
5167,90577,77665,pridaanuoi,lud,NOUN,приданое,,,
5168,89716,76810,priglassida,lud,VERB,приглашать,,,
5169,90444,77529,priglašaita,lud,VERB,приглашать,,,
5170,45436,39616,priha,lud,NOUN,парень,,285,B11
5171,16125,14562,prihač,lud,NOUN,мальчик,,284,B11
5172,45430,14562,prihač,lud,NOUN,сын,,,
5173,73224,62425,priimida,lud,VERB,принимать,,,
5174,72755,62018,prikaz,lud,NOUN,приказ,,,
5175,91016,78108,prikaššikke,lud,NOUN,приказчик,,,
5176,89694,76789,prikažida,lud,VERB,приказывать,,,
5177,35844,30823,prikol’enii,lud,NOUN,род,,,
5178,89992,77077,pristani,lud,NOUN,пристань,,,
5179,90777,77865,priänikäine,lud,NOUN,"пряник, пряничек",,,
5180,78067,66681,priäžalaine,lud,NOUN,житель Пряжи,,,
5181,91120,78211,prižmida,lud,VERB,требовать,,,
5182,77366,66041,produkt,lud,NOUN,продукт,,,
5183,15922,14359,professii,lud,NOUN,профессия,,,
5184,74643,63701,programme,lud,NOUN,программа,,,
5185,89761,76854,proidida,lud,VERB,"проходить, миновать",,,
5186,74581,63639,projekt,lud,NOUN,проект,,,
5187,73222,62423,proklenida,lud,VERB,проклинать,,,
5188,57983,51047,prostida,lud,VERB,прощать,,1313,B52
5189,72596,61872,prosto,lud,ADV,просто,,,
5190,90466,77551,prostuoi,lud,ADJ,простой,,,
5191,72761,62023,prostuudu,lud,NOUN,простуда,,,
5192,90133,77211,provodida,lud,VERB,провожать,,,
5193,90762,77850,prošken’n’u,lud,NOUN,прощение,,,
5194,16129,14566,pruabuab,lud,NOUN,прабабушка,,,
5195,16131,14568,pruadied,lud,NOUN,прадедушка,,,
5196,57422,50519,pruaznik,lud,NOUN,праздник,,1265,B43
5197,57416,50513,pruaznikk,lud,NOUN,праздник,,1265,B43
5198,57421,50518,pruaznikke,lud,NOUN,праздник,,1265,B43
5199,77167,65855,pruaznuita,lud,VERB,праздновать,,,
5200,45174,39365,prusakk,lud,NOUN,таракан,,266,A44
5201,45175,39366,prus’akke,lud,NOUN,таракан,,266,A44
5202,72763,62025,pränikke,lud,NOUN,пряник,,,
5203,50584,44397,präšk,lud,NOUN,пряжка,,669,B182
5204,50709,44397,präšk,lud,NOUN,пуговица,,671,B182
5205,50586,44399,präške,lud,NOUN,пряжка,,669,B182
5206,58748,51759,puaks,lud,ADJ,частый,,1379,C2
5207,58744,51755,puaksu,lud,ADJ,частый,,1379,C2
5208,76720,65479,puaksu,lud,ADV,часто,,,
5209,72553,61830,puaksud,lud,ADJ,частый,,,
5210,72610,61886,puaksuh,lud,ADV,часто,,,
5211,76719,65478,puaksuiže,lud,ADV,частенько,,,
5212,76645,65411,puaksumb,lud,ADV,почаще,,,
5213,25030,22246,puaksus,lud,ADV,часто,,,
5214,76721,65480,puaksuv,lud,ADV,чаще,,,
5215,55380,48723,puali,lud,NOUN,"знак, метка",,1085,B372
5216,56519,48723,puali,lud,NOUN,зарубка,,1194,B38
5217,54450,47944,pualikk,lud,NOUN,палка,,998,B354
5218,54451,47945,pualikke,lud,NOUN,палка,,998,B354
5219,72624,61900,pual’movoi,lud,ADJ,пальмовый,,,
5220,72625,61901,pual’movoi tuohus,lud,PHRASE,пальмовая свеча,,,
5221,78589,67146,puar,lud,NOUN,пара,,,
5222,72707,61973,puara,lud,NOUN,пара,,,
5223,45334,39521,puarm,lud,NOUN,овод,,277,A44
5224,45335,39522,puarme,lud,NOUN,"овод, слепень",,277,A44
5225,72873,39522,puarme,lud,NOUN,таракан,,,
5226,76632,65399,puaroil,lud,ADV,попарно,,,
5227,56638,49801,puarus,lud,NOUN,парус,,1202,B38
5228,72704,61970,puatoke,lud,NOUN,патока,,,
5229,72706,61972,puazu,lud,NOUN,паз,,,
5230,73265,62462,pudištada,lud,VERB,трясти,,,
5231,49939,43792,pudr,lud,NOUN,"каша из муки, загуста",,612,B181
5232,48822,42763,puhalduda,lud,VERB,пухнуть,,527,B16
5233,48823,42764,puhaldui,lud,VERB,пухнуть,,527,B16
5234,48824,42765,puhalduida,lud,VERB,пухнуть,,527,B16
5235,72694,61961,puhaldus,lud,NOUN,опухоль,,,
5236,48826,42767,puhaltuda,lud,VERB,пухнуть,,527,B16
5237,86244,73626,puhdastada,lud,VERB,чистить,,,
5238,72766,62028,puhe,lud,NOUN,пух,,,
5239,50070,43905,puhkaata,lud,VERB,вскрыть,,622,B181
5240,50168,43905,puhkaata,lud,VERB,"проколоть, проткнуть",,1429,B181
5241,50069,43904,puhkaita,lud,VERB,вскрыть,,622,B181
5242,50167,43904,puhkaita,lud,VERB,"проколоть, проткнуть",,1429,B181
5243,73291,62487,puhkuda,lud,VERB,чистить (рыбу),,,
5244,51974,45707,puhlištuda,lud,VERB,набухать,,769,B321
5245,90680,77770,puhoovuoi,lud,ADJ,пуховый,,,
5246,76477,65276,puhtahakši,lud,ADV,дочиста,,,
5247,76530,65276,puhtahakši,lud,ADV,набело,,,
5248,76726,65485,puhtahašči,lud,ADV,чисто,,,
5249,50866,44661,puhtas,lud,ADJ,чистый,,691,B182
5250,50868,44663,puhtaz,lud,ADJ,чистый,,691,B182
5251,46296,40428,puhuda,lud,VERB,"дуть, сдувать",,354,B12
5252,54609,40428,puhuda,lud,VERB,раздувать (горн),,1003,B355
5253,52410,46098,puida,lud,VERB,молотить,,802,B323
5254,54408,47902,puik,lud,NOUN,щепка,,994,B354
5255,73189,62399,puikko,lud,NOUN,щепа; палочка,,,
5256,73190,62399,puikko,lud,NOUN,заноза,,,
5257,73191,62400,puikko mäni,lud,PHRASE,заноза (спичка попала),,,
5258,47348,41428,pujoittada,lud,VERB,"просовывать, вдевать",,431,B15
5259,47349,41429,pujuoittada,lud,VERB,"просовывать, вдевать",,431,B15
5260,54119,47655,pullo,lud,NOUN,поплавок,,969,B353
5261,90088,77166,pullo,lud,NOUN,бутылка,,,
5262,54122,47658,pulluone,lud,NOUN,поплавок,,969,B353
5263,54394,47888,pulčukk,lud,NOUN,чурбак,,992,B354
5264,54395,47889,pulčukke,lud,NOUN,чурбак,,992,B354
5265,89934,77023,pul’em’otte,lud,NOUN,пулемёт,,,
5266,48199,42187,punaatakse,lud,VERB,"вернуться, возвратиться",,486,B15
5267,72749,62012,punaldus,lud,NOUN,поворот,,,
5268,48196,42184,punalzuda,lud,VERB,"вернуться, возвратиться",,486,B15
5269,51830,45583,punoda,lud,VERB,"вить, свивать",,755,B31
5270,73214,45583,punoda,lud,VERB,плести (веревку),,,
5271,90313,77388,puolei,lud,ADV,пополам,,,
5272,76633,65400,puolekkali,lud,ADV,пополам,,,
5273,76560,65341,puolekši,lud,ADV,наполовину,,,
5274,90187,77265,puoleta,lud,VERB,"уменьшать, убавлять, уполовинить",,,
5275,58544,51566,puoli,lud,NOUN,половина,,1362,C1
5276,58982,51566,puoli,lud,NOUN,сторона,,1384,C2
5277,58556,51578,puolitoš,lud,NUM,полтора,,1363,C1
5278,58554,51576,puolitošt,lud,NUM,полтора,,1363,C1
5279,78199,66798,puolištuz,lud,NOUN,защита,,,
5280,58555,51577,puolttošt,lud,NUM,полтора,,1363,C1
5281,58548,51570,puol’,lud,NOUN,половина,,1362,C1
5282,58984,51570,puol’,lud,NOUN,сторона,,1384,C2
5283,53694,47275,puras,lud,NOUN,пешня,,930,B351
5284,90881,77963,purastada,lud,VERB,рубить прорубь,,,
5285,53695,47276,puraz,lud,NOUN,пешня,,930,B351
5286,78522,67094,purda,lud,VERB,кусать,,,
5287,78523,67094,purda,lud,VERB,укусить,,,
5288,78524,67094,purda,lud,VERB,грызть,,,
5289,55771,49080,purdilo,lud,NOUN,миска деревянная,,1121,B373
5290,47461,41528,purgada,lud,VERB,"ломать, разбирать (печь, дом)",,440,B15
5291,55325,48678,purn,lud,NOUN,"сусек, закром",,1080,B371
5292,55323,48676,purnu,lud,NOUN,"сусек, закром",,1080,B371
5293,49988,43841,purta,lud,VERB,кусать,,618,B181
5294,53083,46732,puskeda,lud,VERB,бодать,,867,B331
5295,91795,78868,puskesta,lud,VERB,бодаться,,,
5296,91794,78867,puskezeta,lud,VERB,бодаться,,,
5297,91796,78869,puskičču,lud,ADJ,бодливый,,,
5298,53084,46733,pusta,lud,VERB,бодать,,867,B331
5299,91261,78349,putešestvuita,lud,VERB,путешествовать,,,
5300,42978,37234,puu,lud,NOUN,дерево,tree,87,A321
5301,89700,76794,puud,lud,NOUN,пуд,,,
5302,90766,77854,puudogilaine,lud,NOUN,житель г. Пудож,,,
5303,74605,63661,puuhine,lud,ADJ,деревянный,,,
5304,55326,48679,puurn,lud,NOUN,"сусек, закром",,1080,B371
5305,53929,47490,puuttuda,lud,VERB,попадать в цель,,952,B353
5306,81943,47490,puuttuda,lud,VERB,попадать,,,
5307,47275,41360,puuttuo,lud,VERB,"попадать, оказаться, очутиться",,428,B15
5308,54014,41360,puuttuo,lud,VERB,попадать в цель,,952,B353
5309,90079,77157,puuške,lud,NOUN,пушка,,,
5310,91733,78805,puvttuda biedaa,lud,PHRASE,попасть в беду,,,
5311,73041,62275,puzerta,lud,VERB,выжимать,,,
5312,90006,77089,puzu,lud,NOUN,лукошко,,,
5313,32639,28274,pučiine,lud,NOUN,боченок,,,
5314,32634,28269,pučči,lud,NOUN,бочка,,,
5315,72765,62027,puške,lud,NOUN,пушка,,,
5316,56501,49701,pygäl,lud,NOUN,зарубка,,1194,B38
5317,50896,44689,pyhkida,lud,VERB,вытирать,,692,B182
5318,50897,44690,pyhkidä,lud,VERB,вытирать,,692,B182
5319,56327,44690,pyhkidä,lud,VERB,мести,,1167,B375
5320,50939,44732,pyhkim,lud,NOUN,скатерть,,695,B182
5321,50935,44728,pyhkin,lud,NOUN,скатерть,,695,B182
5322,73276,62472,pyhtidäkseh,lud,VERB,утираться,,,
5323,58040,51104,pyhä,lud,NOUN,пост,,1317,B52
5324,57931,50995,pyhä,lud,ADJ,святой,,1307,B52
5325,72623,61899,pyhäpäi,lud,NOUN,воскресенье,,1418,C3
5326,59293,52267,pyhäpäiv,lud,NOUN,воскресенье,,1418,C3
5327,59294,52268,pyhäpäive,lud,NOUN,воскресенье,,1418,C3
5328,74666,63721,pyhärvelaine,lud,NOUN,житель Святозера,,,
5329,50898,44691,pyh’ta,lud,VERB,вытирать,,692,B182
5330,56328,44691,pyh’ta,lud,VERB,мести,,1167,B375
5331,53986,47547,pyuta,lud,VERB,"ловить, промышлять рыбу",,958,B353
5332,53984,47545,pyutta,lud,VERB,"ловить, промышлять рыбу",,958,B353
5333,44730,38934,pyw,lud,NOUN,рябчик,hazel grouse (bird),227,A42
5334,44728,38932,pyy,lud,NOUN,рябчик,hazel grouse (bird),227,A42
5335,53985,47546,pyydäi,lud,VERB,"ловить, промышлять рыбу",,958,B353
5336,42628,36908,pyörd,lud,NOUN,водоворот,"swirl, whirlpool, vortex",50,A21
5337,42627,36907,pyörde,lud,NOUN,водоворот,"swirl, whirlpool, vortex",50,A21
5338,58760,51771,pyörei,lud,ADJ,круглый,,1381,C2
5339,16018,14455,pyöry,lud,NOUN,велосипед	,,,
5340,16019,14456,pyörysport,lud,NOUN,велоспорт,,,
5341,35054,30161,pyöryš,lud,NOUN,кружок,,,
5342,72657,61928,pyöryš,lud,ADJ,круглый,,,
5343,48195,42183,pyörähtada,lud,VERB,"вернуться, возвратиться",,486,B15
5344,48197,42185,pyörähtakseh,lud,VERB,"вернуться, возвратиться",,486,B15
5345,16020,14457,pyörälajai,lud,NOUN,велосипедист,,,
5346,77358,66033,pyöröi,lud,NOUN,колоб,,,
5347,48860,42801,pyštände,lud,NOUN,колики,,530,B16
5348,46648,40763,päged,lud,NOUN,подъем ноги,,381,B12
5349,59053,52027,päi,lud,NOUN,день,,1399,C3
5350,73197,52027,päi,lud,NOUN,солнце,,,
5351,73196,62405,päi paštuu,lud,PHRASE,солнце светит,,,
5352,15888,14325,päiv,lud,NOUN,день,,1399,C3
5353,42070,14325,päiv,lud,NOUN,солнце,sun,3,A11
5354,33477,28817,päive,lud,NOUN,день,,1399,C3
5355,42073,28817,päive,lud,NOUN,солнце,sun,3,A11
5356,77954,66582,päivittuda,lud,VERB,загорать,,,
5357,78215,66811,päivkodi,lud,NOUN,детский сад,,,
5358,15981,14418,päivystäi,lud,NOUN,дежурная,,,
5359,42071,36373,päivyöi,lud,NOUN,солнце,sun,3,A11
5360,42072,36374,päivyöine,lud,NOUN,солнце,sun,3,A11
5361,59049,52023,päivä,lud,NOUN,день,,1399,C3
5362,42067,36370,päiväine,lud,NOUN,солнце,sun,3,A11
5363,90349,36370,päiväine,lud,NOUN,денёчек,,,
5364,72584,61860,päiväl,lud,ADV,днём,,,
5365,58866,51877,päivänlask,lud,NOUN,запад,,1388,C2
5366,33400,28752,päivänlasku,lud,NOUN,запад,,1388,C2
5367,33401,28752,päivänlasku,lud,NOUN,западный,,,
5368,72633,61908,päivänlaskutuuli,lud,NOUN,ветер (восточный),,,
5369,58882,51893,päivännouzm,lud,NOUN,восток,,1389,C2
5370,33402,28753,päivännouzu,lud,NOUN,восток,,,
5371,33403,28753,päivännouzu,lud,NOUN,восточный,,,
5372,58890,51901,päivännouzučura,lud,NOUN,восток,,1389,C2
5373,42074,36375,päivääne,lud,NOUN,солнце,sun,3,A11
5374,52765,46444,päičet,lud,NOUN,узда,,838,B331
5375,56096,49371,päre,lud,NOUN,лучина,,1155,B374
5376,53766,47344,pärpäčč,lud,NOUN,каравай (круглый хлеб),,937,B352
5377,53765,47343,pärpäččy,lud,NOUN,каравай (круглый хлеб),,937,B352
5378,56298,49558,pätne,lud,NOUN,пятно (на одежде),,1177,B375
5379,72713,61979,päčnikke,lud,NOUN,печник,,,
5380,16076,14513,päčč,lud,NOUN,печь ,,1145,B374
5381,55992,49286,päčči,lud,NOUN,печь (в избе),,1145,B374
5382,34863,29981,päččilaude,lud,NOUN,заслонка (в печи),,,
5383,91144,78234,päččilawde,lud,NOUN,заслонка,,,
5384,46889,40986,pökyö,lud,NOUN,живот,,395,B12
5385,78527,67097,pölgästydä,lud,VERB,испугаться,,,
5386,48444,42414,pölgätada,lud,VERB,пугать,,504,B15
5387,48442,42412,pölgättäi,lud,VERB,пугать,,504,B15
5388,54386,47880,pölkky,lud,NOUN,чурбак,,992,B354
5389,44825,39026,pöllö,lud,NOUN,сова,owl,236,A42
5390,56312,49572,pöly,lud,NOUN,пыль,,1178,B375
5391,73227,62428,pölyžittada,lud,VERB,пылить,,,
5392,50484,44297,pövy,lud,NOUN,шуба,,662,B182
5393,42472,36759,pöyry,lud,NOUN,метель,"blizzard, snowstorm",38,A12
5394,46888,40985,pöčyöi,lud,NOUN,живот,,395,B12
5395,90703,77795,pöšši,lud,NOUN,верша (вид рыболовной снасти),,,
5396,89772,76865,püudönd,lud,NOUN,рыбалка,,,
5397,90728,77816,püštädä,lud,VERB,"втыкать, вонзать",,,
5398,90733,77821,püštäimiez,lud,NOUN,убийца,,,
5399,73766,62873,pšeničnii,lud,ADJ,пшеничный,,,
5400,56299,49559,p’atn,lud,NOUN,пятно (на одежде),,1177,B375
5401,91079,78170,raakke,lud,NOUN,рак,,,
5402,33468,28809,raba,lud,NOUN,"гуща (напр., квасная)",,628,B181
5403,74703,63756,radivo,lud,NOUN,радио,,,
5404,48233,42219,ragaita,lud,VERB,"гнать, выгонять",,488,B15
5405,55842,49151,ragendo,lud,NOUN,кадка,,1129,B373
5406,33451,28792,ragiž,lud,NOUN,град,hail,31,A12
5407,55512,48855,rago,lud,NOUN,щель,,1097,B372
5408,48234,42220,raguoda,lud,VERB,"гнать, выгонять",,488,B15
5409,55042,48435,rahat,lud,NOUN,деньги,,1054,B36
5410,52816,46495,rahkiš,lud,NOUN,гуж,,844,B331
5411,52817,46496,rahkiž,lud,NOUN,гуж,,844,B331
5412,16074,14511,rahmannoi,lud,ADJ,гостеприимный,,,
5413,52276,45966,rahnda,lud,VERB,жать,,792,B322
5414,52275,45965,rahnoda,lud,VERB,жать,,792,B322
5415,53282,46911,raht,lud,NOUN,творог,,888,B333
5416,53293,46922,rahtvezi,lud,NOUN,сыворотка,,889,B333
5417,78089,66703,rahvahalline,lud,ADJ,национальный,,,
5418,91684,78759,rahvahidenkeskehine,lud,ADJ,международный,,,
5419,78612,67167,rahvahuzliteratuur,lud,NOUN,национальная литература,,,
5420,90106,77185,rahvas,lud,NOUN,"люди, народ",,,
5421,35125,30230,rahvaz,lud,NOUN,"народ, люди",,288,B11
5422,78613,67168,rahvazpolitik,lud,NOUN,национальная политика,,,
5423,43239,37484,raid,lud,NOUN,ива,willow,117,A322
5424,43240,37485,raide,lud,NOUN,ива,willow,117,A322
5425,51951,45684,rainivo,lud,NOUN,груда (камней),,765,B321
5426,56516,49716,raiživo,lud,NOUN,колея,,1195,B38
5427,58822,51833,raja,lud,NOUN,край,,1385,C2
5428,52016,45749,rajak,lud,NOUN,подсека заросшая,,773,B321
5429,52011,45744,rajakko,lud,NOUN,подсека заросшая,,773,B321
5430,77968,66594,rajantagaine,lud,ADJ,заграничный,,,
5431,91748,78820,rajatoine,lud,ADJ,безграничный,,,
5432,92509,79511,rajon,lud,NOUN,район,,,
5433,55394,48737,raketta,lud,VERB,строить (отделывать) дом,,1086,B372
5434,78499,67071,rakke,lud,NOUN,рак,,,
5435,49107,43040,ram,lud,ADJ,хромой,,544,B16
5436,49105,43038,ramb,lud,ADJ,хромой,,544,B16
5437,49106,43039,rambe,lud,ADJ,хромой,,544,B16
5438,73283,62479,rambita,lud,VERB,хромать,,,
5439,72776,62038,ramke,lud,NOUN,рамка,,,
5440,42560,36841,rand,lud,NOUN,берег,"bank, waterside, coast",46,A21
5441,58992,36841,rand,lud,NOUN,край,,1385,C2
5442,53755,47333,randaine,lud,NOUN,краюха (хлеба),,936,B352
5443,91742,78814,randatoine,lud,ADJ,безбрежный,,,
5444,32615,28251,rande,lud,NOUN,берег,"bank, waterside, coast",46,A21
5445,42691,28251,rande,lud,NOUN,пространство озера (вдали от берегов),Lake area (away from the coast),55,A21
5446,58994,28251,rande,lud,NOUN,край,,1385,C2
5447,42558,36839,randu,lud,NOUN,берег,"bank, waterside, coast",46,A21
5448,50215,44037,rassale,lud,NOUN,рассол,,636,B181
5449,72773,62035,rassali,lud,NOUN,рассол,,,
5450,50217,44039,rassol,lud,NOUN,рассол,,636,B181
5451,35014,30122,ratas,lud,NOUN,колесо,,1005,B355
5452,42846,37109,raud,lud,NOUN,железо,iron,76,A22
5453,56078,37109,raud,lud,NOUN,"кресало, огниво",,1150,B374
5454,52785,46464,raudad,lud,NOUN,удила,,840,B331
5455,91223,78312,raudaine,lud,ADJ,железный,,,
5456,52784,46463,raudat,lud,NOUN,удила,,840,B331
5457,56335,46463,raudat,lud,NOUN,ножницы для стрижки овец,,1171,B375
5458,34842,29961,raude,lud,NOUN,железо,iron,76,A22
5459,15973,14410,raudtieazem,lud,NOUN,железнодорожный вокзал,,,
5460,57689,50773,rauh,lud,NOUN,мир,,1283,B51
5461,78221,66817,rauh,lud,ADJ,спокойный,,,
5462,57690,50774,rauhe,lud,NOUN,мир,,1283,B51
5463,49400,43310,rauhoittada,lud,VERB,успокаивать (о человеке),,566,B17
5464,48620,42569,raukk,lud,NOUN,бедняга,,515,B16
5465,48608,42557,raukka,lud,NOUN,бедняга,,515,B16
5466,48622,42571,raukke,lud,NOUN,бедняга,,515,B16
5467,91848,78921,ravdpäčči,lud,NOUN,буржуйка,,,
5468,78480,67053,raved,lud,ADJ,"быстрый, бойкий",,,
5469,59168,52142,ravedah,lud,ADV,быстро,,1409,C3
5470,59167,52141,ravedali,lud,ADV,быстро,,1409,C3
5471,59169,52143,ravedas,lud,ADV,быстро,,1409,C3
5472,46344,40474,ravista,lud,VERB,кричать,,359,B12
5473,46353,40483,ravišta,lud,VERB,кричать,,359,B12
5474,91393,78479,rawde,lud,NOUN,железо,,,
5475,72628,61904,razavhine,lud,ADJ,сальный,,,
5476,72629,61905,razavhine tuohus,lud,PHRASE,сальная свеча,,,
5477,50253,44070,razv,lud,NOUN,жир,,987,B353
5478,34853,29971,razvaine,lud,ADJ,жирный,,,
5479,73073,62303,razvavuda,lud,VERB,жиреть,,,
5480,34852,29970,razve,lud,NOUN,"сало, жир",,987,B353
5481,57995,51059,raštau,lud,NOUN,рождество,,1314,B52
5482,73229,62430,rebideda,lud,VERB,реветь (сильно реветь),,,
5483,85002,72512,rebita,lud,VERB,рваться,,,
5484,48007,42021,rebitada,lud,VERB,рвать,,476,B15
5485,91309,78390,rebiteltä,lud,VERB,"рвать, разорвать",,,
5486,48004,42018,rebittada,lud,VERB,рвать,,476,B15
5487,48006,42020,rebittädä,lud,VERB,рвать,,476,B15
5488,48005,42019,rebittäi,lud,VERB,рвать,,476,B15
5489,78552,67117,reboi,lud,NOUN,лиса,,,
5490,78742,67282,rebuoi,lud,NOUN,лиса,fox,185,A412
5491,35106,30211,rebuu,lud,NOUN,лиса,fox,185,A412
5492,72794,62056,redke,lud,NOUN,редька,,,
5493,78582,67141,redu,lud,NOUN,грязь,,,
5494,56386,49605,redukaz,lud,ADJ,грязный,,1180,B38
5495,73105,62332,redustada,lud,VERB,марать,,,
5496,47119,41212,rega,lud,NOUN,сопли,,417,B12
5497,33371,28725,regi,lud,NOUN,воз,,,
5498,33372,28725,regi,lud,NOUN,сани,,1187,B38
5499,77379,66053,reguč,lud,NOUN,санки; салазки,,,
5500,72802,62064,regučče,lud,NOUN,салазки (дровешки),,,
5501,47114,41207,regä,lud,NOUN,сопли,,417,B12
5502,72760,62022,rehto,lud,NOUN,прясло,,,
5503,50695,44508,reig,lud,NOUN,дыра,,679,B182
5504,46685,40796,reiž,lud,NOUN,бедро,,383,B12
5505,46681,40792,reiži,lud,NOUN,бедро,,383,B12
5506,50570,44383,remeni,lud,NOUN,ремень,,668,B182
5507,72947,44383,remeni,lud,NOUN,чересседельник,,,
5508,50567,44380,remen’,lud,NOUN,ремень,,668,B182
5509,55823,49132,reng,lud,NOUN,ведро,,1126,B373
5510,50777,44572,rengaane,lud,NOUN,"кольцо, перстень",,684,B182
5511,50778,44573,renghaane,lud,NOUN,"кольцо, перстень",,684,B182
5512,55821,49130,rengi,lud,NOUN,ведро,,1126,B373
5513,88260,75458,repeticii,lud,NOUN,репетиция,,,
5514,78100,66714,repliek,lud,NOUN,реплика,,,
5515,56671,49832,reppu,lud,NOUN,котомка,,1205,B38
5516,78620,67174,resurs,lud,NOUN,ресурс,,,
5517,58812,51823,reuna,lud,NOUN,край,,1385,C2
5518,90364,77437,revol’ucii,lud,NOUN,революция,,,
5519,91387,78473,reššida,lud,VERB,решать,,,
5520,89918,77007,ribak,lud,NOUN,рыбак,,,
5521,91106,78198,ribištä,lud,VERB,волочиться,,,
5522,54797,48253,ribu,lud,NOUN,лоскут,,1032,B356
5523,55986,48253,ribu,lud,NOUN,мочалка для мытья пола,,1144,B373
5524,53948,47509,rida,lud,NOUN,ловушка,,955,B353
5525,78741,67281,ridel’ta,lud,VERB,спорить,,567,B17
5526,55780,49089,riehtil,lud,NOUN,сковорода,,1122,B373
5527,72795,62057,riepuoi,lud,NOUN,репница (репа),,,
5528,49829,43688,riesk,lud,ADJ,"пресный (о тесте, хлебе, лепешках)",,602,B181
5529,53300,43688,riesk,lud,ADJ,свежий,,882,B333
5530,49830,43689,rieske,lud,ADJ,"пресный (о тесте, хлебе, лепешках)",,602,B181
5531,53301,43689,rieske,lud,ADJ,свежий,,882,B333
5532,77357,66032,rieskutahtas,lud,NOUN,тесто (хлебное),,,
5533,53945,47506,rihm,lud,NOUN,силок (для птиц),,954,B353
5534,53946,47507,rihme,lud,NOUN,силок (для птиц),,954,B353
5535,56333,47507,rihme,lud,NOUN,"нить, нитка",,1170,B375
5536,72935,62184,riibaimal,lud,NOUN,царапина,,,
5537,47983,41997,riibida,lud,VERB,обрывать (листья),,475,B15
5538,47984,41998,riibidä,lud,VERB,обрывать (листья),,475,B15
5539,72892,62147,riibu,lud,NOUN,тряпка,,,
5540,49642,43523,riid,lud,NOUN,ссора,,586,B17
5541,49641,43522,riide,lud,NOUN,ссора,,586,B17
5542,49424,43334,riideltä,lud,VERB,спорить,,567,B17
5543,49426,43336,riidel’ta,lud,VERB,спорить,,567,B17
5544,73248,62447,riidel’tä,lud,VERB, спорить,,,
5545,49638,43519,riido,lud,NOUN,ссора,,586,B17
5546,52391,46079,riih,lud,NOUN,рига,,800,B323
5547,52388,46076,riihi,lud,NOUN,рига,,800,B323
5548,47985,41999,riipta,lud,VERB,обрывать (листья),,475,B15
5549,77336,66012,riisu,lud,NOUN,рис,,,
5550,91287,78370,riize,lud,NOUN,ряса,,,
5551,50654,44467,riičta,lud,VERB,пороть,,676,B182
5552,50652,44465,riiččida,lud,VERB,пороть,,676,B182
5553,78147,44465,riiččida,lud,VERB,разбирать,,,
5554,78148,44465,riiččida,lud,VERB,разобрать,,,
5555,78149,44465,riiččida,lud,VERB,расплетать,,,
5556,50653,44466,riiččii,lud,VERB,пороть,,676,B182
5557,55347,48700,rikat,lud,NOUN,"сор, мусор",,1083,B371
5558,43066,37321,rikki,lud,NOUN,сера,coniferous resin,97,A321
5559,89543,76645,rikko,lud,NOUN,грабитель,,,
5560,47867,41896,rikkoda,lud,VERB,портить,,467,B15
5561,54351,41896,rikkoda,lud,VERB,убивать,,983,B353
5562,58147,51209,rikos,lud,NOUN,порча (в поверьях),,1324,B52
5563,54273,47809,rikta,lud,VERB,убивать,,983,B353
5564,46464,40591,rind,lud,NOUN,грудь,,365,B12
5565,76265,65099,rindal,lud,ADV,близко,,,
5566,73773,62880,rindal,lud,POSTP,рядом,,,
5567,76298,65099,rindal,lud,ADV,возле,,,
5568,76299,65099,rindal,lud,ADV,около,,,
5569,76300,65099,rindal,lud,ADV,подле,,,
5570,76301,65099,rindal,lud,ADV,рядом,,,
5571,90263,77339,rindale,lud,POSTP,рядом,,,
5572,46463,40590,rinde,lud,NOUN,грудь,,365,B12
5573,52825,46504,rindus,lud,NOUN,супонь,,845,B331
5574,52826,46505,rinduz,lud,NOUN,супонь,,845,B331
5575,46359,40488,ringuda,lud,VERB,кричать,,359,B12
5576,55966,49275,ripakk,lud,NOUN,мочалка для мытья пола,,1144,B373
5577,47636,41672,riputada,lud,VERB,вешать,,449,B15
5578,47635,41671,riputtada,lud,VERB,вешать,,449,B15
5579,43777,38011,ripš,lud,NOUN,метелка овса,panicle,142,A33
5580,43769,38004,ripšu,lud,NOUN,метелка овса,panicle,142,A33
5581,72782,62044,ris,lud,NOUN,рис,,,
5582,57920,50984,rist,lud,NOUN,крест,,1306,B52
5583,76548,65329,rista-vasta,lud,ADV,крест-накрест,,,
5584,35048,30155,riste,lud,NOUN,крест,,1306,B52
5585,45402,39588,ristikanz,lud,NOUN,человек,,281,B11
5586,45403,39589,ristikanze,lud,NOUN,человек,,281,B11
5587,35058,30164,ristimä,lud,NOUN,крестная (мать),,,
5588,16146,14583,ristinpoig,lud,NOUN,крестник,,,
5589,16147,14584,ristintytär,lud,NOUN,крестница,,,
5590,45404,39590,ristitty,lud,NOUN,человек,,281,B11
5591,16145,14582,ristiža,lud,NOUN,крестная,,,
5592,57092,14582,ristiža,lud,NOUN,крестный отец,,1221,B412
5593,35057,30163,ristižä,lud,NOUN,крестный (отец),,,
5594,33447,28789,ristrihme,lud,NOUN,шнурок,,,
5595,33448,28789,ristrihme,lud,NOUN,гойтан (шнурок у креста),,,
5596,90176,77254,ris’t’uoi,lud,NOUN,крёстная,,,
5597,47571,41619,riuhtada,lud,VERB,схватить,,445,B15
5598,47575,41621,riuhtaita,lud,VERB,схватить,,445,B15
5599,72781,62043,rizu,lud,NOUN,риза,,,
5600,23943,21423,riäd,lud,NOUN,ряд,,,
5601,72798,62060,riäde,lud,NOUN,ряд,,,
5602,91075,78166,riädy,lud,NOUN,ряд,,,
5603,57964,51028,riähk,lud,NOUN,грех,,1311,B52
5604,33458,28799,riähke,lud,NOUN,грех,,1311,B52
5605,73054,62288,riähkävydä,lud,VERB,грешить,,,
5606,45019,39211,riäpyö,lud,NOUN,ряпушка,"Coregonus albula, vendace, European cisco",255,A43
5607,45018,39210,riäpyöi,lud,NOUN,ряпушка,"Coregonus albula, vendace, European cisco",255,A43
5608,91034,78124,riäse,lud,NOUN,ряса,,,
5609,78740,67280,ričta,lud,VERB,пороть,,676,B182
5610,90310,77385,riččida,lud,VERB,разбирать,,,
5611,56867,49999,rištata,lud,NOUN,крестный отец,,1221,B412
5612,56871,50003,rištuoi,lud,NOUN,крестный отец,,1221,B412
5613,56870,50002,riščiža,lud,NOUN,крестный отец,,1221,B412
5614,91290,78373,roatr’oppa,lud,NOUN,растрёпа,,,
5615,56557,49742,robeh,lud,NOUN,черпак (в лодке),,1198,B38
5616,91207,78296,robehine,lud,NOUN,"берестянка, берестяной коробок",,,
5617,57706,50790,rod,lud,NOUN,род,,1285,B51
5618,57842,50790,rod,lud,NOUN,племя,,1286,B51
5619,56956,50088,rodida,lud,VERB,рожать,,1226,B412
5620,74604,63660,rodidakse,lud,VERB,рождаться,,,
5621,78137,66743,rodilka,lud,NOUN,"родильное отделение, ""родилка""",,,
5622,77889,66520,rodil’noi,lud,ADJ,родильный,,,
5623,24868,22132,rodindpäiv,lud,NOUN,День Рождения,,,
5624,77162,65850,rodista,lud,VERB,случаться,,,
5625,72783,62045,roditel’ad,lud,NOUN,родители,,,
5626,56839,49971,rodit’al’ad,lud,NOUN,родители,,1219,B412
5627,89794,76886,rodnikke,lud,NOUN,родник,,,
5628,77171,65859,rodn’,lud,NOUN,родственник,,,
5629,90285,77361,rodn’e,lud,NOUN,родня,,,
5630,90603,77694,rodoveh,lud,NOUN,род,,,
5631,16133,14570,rodu,lud,NOUN,"род, родня",,1285,B51
5632,57841,14570,rodu,lud,NOUN,племя,,1286,B51
5633,72740,14570,rodu,lud,NOUN,порода,,,
5634,57705,50789,rodukund,lud,NOUN,род,,1285,B51
5635,45631,39799,rohked,lud,ADJ,смелый,,296,B11
5636,45620,39789,rohkei,lud,ADJ,смелый,,296,B11
5637,47462,41529,roida,lud,VERB,"ломать, разбирать (печь, дом)",,440,B15
5638,87461,74745,roiv,lud,NOUN,костёр,,,
5639,49977,43830,rokk,lud,NOUN,суп,,617,B181
5640,49972,43825,rokke,lud,NOUN,бульон,,616,B181
5641,50011,43825,rokke,lud,NOUN,"суп, щи",,617,B181
5642,72920,43825,rokke,lud,NOUN,уха,,,
5643,35728,30719,rokko,lud,NOUN,мозоль,,,
5644,72785,62047,roskaine,lud,NOUN,росток,,,
5645,90430,77515,roskulaččida,lud,VERB,раскулачивать,,,
5646,50216,44038,rosol,lud,NOUN,рассол,,636,B181
5647,91817,78890,rostkad,lud,NOUN,ботва,,,
5648,72784,62046,rote,lud,NOUN,рота,,,
5649,44374,38589,rott,lud,NOUN,крыса,rat,196,A412
5650,44373,38588,rotte,lud,NOUN,крыса,rat,196,A412
5651,42509,36794,roude,lud,NOUN,мерзлота,frozen ground,40,A12
5652,54143,47679,rougata,lud,VERB,красить (сети),,971,B353
5653,42510,36795,rouge,lud,NOUN,мерзлота,frozen ground,40,A12
5654,78220,66816,rouno,lud,X,всё равно,,,
5655,77278,65955,rovestnice,lud,NOUN,ровесница,,,
5656,90141,77219,rozbiraita,lud,VERB,разбираться,,,
5657,90094,77172,rozvetke,lud,NOUN,разведка,,,
5658,46191,40328,roža,lud,NOUN,"лицо, рожа",,344,B12
5659,51712,45465,ruad,lud,NOUN,работа,,747,B31
5660,51982,45715,ruadai,lud,VERB,обрабатывать (землю),,770,B321
5661,15942,14379,ruadai,lud,NOUN,рабочий ,,,
5662,78617,14379,ruadai,lud,NOUN,сотрудник,,,
5663,72599,61875,ruadi,lud,ADV,ради,,,
5664,78061,66675,ruadkylä,lud,NOUN,посёлок,,,
5665,78602,67158,ruadmatk,lud,NOUN,"служебная поездка, командировка",,,
5666,51704,45457,ruado,lud,NOUN,работа,,747,B31
5667,15872,14309,ruadomatk,lud,NOUN,командировка,,,
5668,78490,67062,ruadotila,lud,NOUN,рабочее место,,,
5669,51692,45445,ruadua,lud,VERB,работать,,746,B31
5670,51885,45445,ruadua,lud,VERB,делать,,749,B31
5671,52067,45445,ruadua,lud,VERB,обрабатывать (землю),,770,B321
5672,53281,46910,ruaht,lud,NOUN,творог,,888,B333
5673,53277,46906,ruahto,lud,NOUN,творог,,888,B333
5674,53292,46921,ruahtomaido,lud,NOUN,сыворотка,,889,B333
5675,53291,46920,ruahtovezi,lud,NOUN,сыворотка,,889,B333
5676,53290,46919,ruahtoveži,lud,NOUN,сыворотка,,889,B333
5677,72775,62037,ruame,lud,NOUN,рама,,,
5678,72774,62036,ruane,lud,NOUN,рана (язва),,,
5679,90254,77330,ruanida,lud,VERB,ранить,,,
5680,51697,45450,ruata,lud,VERB,"работать, трудиться",,746,B31
5681,52061,45450,ruata,lud,VERB,обрабатывать (землю),,770,B321
5682,73069,45450,ruata,lud,VERB,делать,,,
5683,15944,14381,ruatta,lud,VERB,работать ,,746,B31
5684,52062,14381,ruatta,lud,VERB,обрабатывать (землю),,770,B321
5685,49146,43056,ruavas,lud,ADJ,старый (о человеке),,546,B17
5686,47839,41869,rubeta,lud,VERB,начинать,,465,B15
5687,48755,42699,rubi,lud,NOUN,оспа,,522,B16
5688,55083,48476,ruble,lud,NOUN,рубль,,1058,B36
5689,55082,48475,rubl’,lud,NOUN,рубль,,1058,B36
5690,72788,62050,ruda,lud,NOUN,руда,,,
5691,43060,37315,ruga,lud,NOUN,"смола бегущая, живица",sap,96,A321
5692,43728,37966,rugiš,lud,NOUN,рожь,rye,137,A33
5693,43726,37964,rugiž,lud,NOUN,рожь,rye,137,A33
5694,55353,48706,rujod,lud,NOUN,"сор, мусор",,1083,B371
5695,48621,42570,rukk,lud,NOUN,бедняга,,515,B16
5696,53705,42570,rukk,lud,NOUN,прялка,,927,B351
5697,48623,42572,rukke,lud,NOUN,бедняга,,515,B16
5698,53661,47242,rukki,lud,NOUN,прялка,,927,B351
5699,90605,77696,rukovodida,lud,VERB,руководить,,,
5700,35764,30754,rumen,lud,NOUN,мякина,,,
5701,34240,29433,rundug,lud,NOUN,"рундук, ларец, короб",,,
5702,46822,40922,rungas,lud,NOUN,таз (у человека),,391,B12
5703,45862,40020,rungo,lud,NOUN,туловище,,322,B12
5704,77995,66621,runo,lud,NOUN,руна,,,
5705,77998,66624,runonpajattai,lud,NOUN,рунопевец,,,
5706,57386,50487,ruocid,lud,NOUN,шведы,,1263,B42
5707,54261,47797,ruod,lud,NOUN,кость (рыбья),,982,B353
5708,54262,47798,ruode,lud,NOUN,кость (рыбья),,982,B353
5709,42970,37226,ruog,lud,NOUN,камыш,"cane, rush, reed",85,A31
5710,44196,38413,ruogačču,lud,NOUN,волк,wolf,178,A412
5711,49691,43556,ruoge,lud,NOUN,пища,,590,B181
5712,42956,37212,ruogo,lud,NOUN,камыш,"cane, rush, reed",85,A31
5713,43334,37577,ruohk,lud,ADJ,незрелый (о ягодах),unripe,126,A323
5714,43335,37578,ruohke,lud,ADJ,незрелый (о ягодах),unripe,126,A323
5715,45610,39779,ruohtida,lud,VERB,сметь,,295,B11
5716,45612,39781,ruohtta,lud,VERB,сметь,,295,B11
5717,47314,41396,ruokko panda,lud,VERB,прятать,,429,B15
5718,47310,41392,ruokkoh panda,lud,PHRASE,прятать,,429,B15
5719,51947,45680,ruopas,lud,NOUN,груда (камней),,765,B321
5720,51950,45683,ruoppaz,lud,NOUN,груда (камней),,765,B321
5721,54598,48072,ruoste,lud,NOUN,ржавчина (на металле),,1010,B355
5722,54596,48070,ruozm,lud,NOUN,ржавчина (на металле),,1010,B355
5723,57324,50425,ruočid,lud,NOUN,финны,,1259,B42
5724,57402,50425,ruočid,lud,NOUN,шведы,,1263,B42
5725,57323,50424,ruočit,lud,NOUN,финны,,1259,B42
5726,57403,50424,ruočit,lud,NOUN,шведы,,1263,B42
5727,15770,14212,ruoččilaine,lud,NOUN,швед ,,,
5728,72990,62235,rupit,lud,NOUN,морщины,,,
5729,49176,43086,rupp,lud,NOUN,морщина,,549,B17
5730,35730,30721,ruppi,lud,NOUN,морщина,,549,B17
5731,49177,43087,rupč,lud,NOUN,морщина,,549,B17
5732,16113,14550,rusked,lud,ADJ,красный,red,161,A36
5733,44001,38225,rusket,lud,ADJ,красный,red,161,A36
5734,89980,77066,rusketa,lud,VERB,краснеть,,,
5735,89981,77066,rusketa,lud,VERB,багроветь,,,
5736,48745,42689,ruskičč,lud,NOUN,корь,,521,B16
5737,77274,65951,russkoi,lud,ADJ,русский,,,
5738,59159,52133,ruttoh,lud,ADV,быстро,,1409,C3
5739,49277,43187,ruuhi,lud,NOUN,гроб,,556,B17
5740,52459,46147,ruumen,lud,NOUN,"полова, мякина",,807,B323
5741,72789,62051,ručke,lud,NOUN,ручка,,,
5742,48747,42691,ruškič,lud,NOUN,корь,,521,B16
5743,48746,42690,ruškičče,lud,NOUN,корь,,521,B16
5744,48849,42790,rygida,lud,VERB,кашлять,,529,B16
5745,48848,42789,rygidä,lud,VERB,кашлять,,529,B16
5746,25026,22242,rygimiine,lud,NOUN,кашель,,,
5747,34912,30030,ryginde,lud,NOUN,кашель,,,
5748,88257,75455,ryhmä,lud,NOUN,группа,,,
5749,33461,28802,ryndäz,lud,NOUN,грудь,,,
5750,47782,41817,ryydäi,lud,VERB,ползать,,459,B15
5751,91140,78230,ryypätä,lud,VERB,выпить,,,
5752,46573,40691,ryystö,lud,NOUN,запястье,,376,B12
5753,47781,41816,ryytä,lud,VERB,ползать,,459,B15
5754,47777,41812,ryömida,lud,VERB,ползать,,459,B15
5755,47780,41815,ryömidä,lud,VERB,ползать,,459,B15
5756,54198,47734,ryžä,lud,NOUN,мережа,,977,B353
5757,73238,62438,rädžäittädä,lud,VERB,скрипеть (зубами),,,
5758,77952,66580,räkk,lud,ADJ,жаркий,,,
5759,56137,49411,räkk,lud,NOUN,жар (от печи),,1160,B374
5760,56136,49410,räkke,lud,NOUN,жар (от печи),,1160,B374
5761,72585,61861,räkki,lud,ADV,жарко,,,
5762,56167,29957,räkki,lud,NOUN,жар,,1160,B374
5763,72650,29957,räkki,lud,NOUN,зной,,,
5764,42207,36500,ränd,lud,NOUN,"погода сырая с дождем и мокрым снегом, слякоть",slush,12,A12
5765,42210,36503,rände,lud,NOUN,"погода сырая с дождем и мокрым снегом, слякоть",slush,12,A12
5766,73095,62324,rängydä,lud,VERB,"реветь, кричать",,359,B12
5767,91319,78399,rängähtädä,lud,VERB,"крикнуть громко, прорычать",,,
5768,46366,40495,ränktä,lud,VERB,кричать,,359,B12
5769,90944,78030,rättü,lud,ADJ,дряхлый,,,
5770,55703,49020,räystäs,lud,NOUN,"навес крыши, стреха",,1116,B372
5771,46687,40798,räyšköt,lud,NOUN,бедро,,383,B12
5772,50385,44198,räččin,lud,NOUN,рубашка (женская),,652,B182
5773,73286,62482,röhkädä,lud,VERB,хрюкать,,,
5774,46686,40797,röiz’o,lud,NOUN,бедро,,383,B12
5775,52970,46619,röngydä,lud,VERB,мычать,,856,B331
5776,52971,46620,röngyi,lud,VERB,мычать,,856,B331
5777,58814,51825,röun’,lud,NOUN,край,,1385,C2
5778,53756,47334,röynääne,lud,NOUN,краюха (хлеба),,936,B352
5779,42206,36499,röčč,lud,NOUN,"погода сырая с дождем и мокрым снегом, слякоть",slush,12,A12
5780,42209,36502,röčče,lud,NOUN,"погода сырая с дождем и мокрым снегом, слякоть",slush,12,A12
5781,72799,62061,r’abin,lud,NOUN,рябина,,,
5782,90357,77430,saahari,lud,NOUN,сахар,,,
5783,85066,72573,saari,lud,NOUN,царь,,,
5784,72680,61948,sabalagat,lud,NOUN,носилки (для сена),,,
5785,52584,46263,sabilahad,lud,NOUN,носилки для подноски сена,,820,B324
5786,52582,46261,sabilahat,lud,NOUN,носилки для подноски сена,,820,B324
5787,52572,46258,sablahat,lud,NOUN,носилки для подноски сена,,820,B324
5788,85936,73354,sabl’e,lud,NOUN,сабля,,,
5789,15882,14319,sada,lud,NUM,сто,,1360,C1
5790,91174,78265,sadida,lud,VERB,садить,,,
5791,91175,78265,sadida,lud,VERB,толкать,,,
5792,91176,78265,sadida,lud,VERB,бросать,,,
5793,72803,62065,sadu,lud,NOUN,сад,,,
5794,52777,46456,sadul,lud,NOUN,седло,,839,B331
5795,52773,46452,saduli,lud,NOUN,седло,,839,B331
5796,52776,46455,sadul’,lud,NOUN,седло,,839,B331
5797,55557,48900,sagar,lud,NOUN,петля двери,,1102,B372
5798,44325,38541,sagarm,lud,NOUN,выдра,otter,191,A412
5799,33389,28742,sagarvo,lud,NOUN,выдра,otter,191,A412
5800,49948,43801,saged,lud,ADJ,густой,,613,B181
5801,58970,43801,saged,lud,ADJ,частый,,1379,C2
5802,49943,43796,sagei,lud,ADJ,густой,,613,B181
5803,58969,43796,sagei,lud,ADJ,частый,,1379,C2
5804,49946,43799,sagie,lud,ADJ,густой,,613,B181
5805,58968,43799,sagie,lud,ADJ,частый,,1379,C2
5806,50185,44007,sahar’,lud,NOUN,сахар,,633,B181
5807,77899,66529,sai,lud,POSTP,до,,,
5808,72806,62068,saide,lud,NOUN,сайда,,,
5809,45192,39383,saivar,lud,NOUN,гнида,,268,A44
5810,45193,39384,saivar’,lud,NOUN,гнида,,268,A44
5811,15774,14216,saksalaine,lud,NOUN,немец,,,
5812,72807,62069,salat’t’i,lud,NOUN,салага,,,
5813,55581,48924,salba,lud,NOUN,"задвижка дверная, засов",,1104,B372
5814,78579,67138,salbas,lud,ADV,"взаперти, на замке",,,
5815,55689,49006,salbata,lud,VERB,"закрывать, затворять",,1114,B372
5816,85930,73348,saldatte,lud,NOUN,солдат,,,
5817,55478,48821,salgamo,lud,NOUN,угол дома (внешний),,1093,B372
5818,55477,48820,salmago,lud,NOUN,угол дома (внешний),,1093,B372
5819,55479,48822,salme,lud,NOUN,угол дома (внешний),,1093,B372
5820,42700,36975,salmi,lud,NOUN,пролив,strait,57,A21
5821,43115,37366,salo,lud,NOUN,лес глухой,deaf forest,104,A322
5822,55372,48715,salvada,lud,VERB,"рубить, делать сруб",,1084,B372
5823,52919,46568,salvattada,lud,VERB,кастрировать,,852,B331
5824,52920,46569,salvattai,lud,VERB,кастрировать,,852,B331
5825,13619,12295,salvo,lud,NOUN,сруб,,,
5826,16140,14577,samaigähiine,lud,NOUN,ровесник,,,
5827,55427,48770,samalta,lud,VERB,конопатить,,1089,B372
5828,73044,62278,sambuda,lud,VERB,гаснуть,,,
5829,56128,49402,sambutada,lud,VERB,"гасить, тушить",,1159,B374
5830,56126,49400,sambuttada,lud,VERB,"гасить, тушить",,1159,B374
5831,42949,37206,sammal,lud,NOUN,мох,moss,84,A31
5832,55426,48769,sammaldai,lud,VERB,конопатить,,1089,B372
5833,55425,48768,sammaltta,lud,VERB,конопатить,,1089,B372
5834,89854,76945,sammutelta,lud,VERB,гасить,,,
5835,56127,49401,sammuttai,lud,VERB,"гасить, тушить",,1159,B374
5836,15955,14392,samol’ot,lud,NOUN,самолет,,,
5837,89935,77024,samol’otte,lud,NOUN,самолёт,,,
5838,72800,62062,samovar,lud,NOUN,самовар,,,
5839,77173,65861,samvar,lud,NOUN,самовар,,,
5840,89853,76944,samvuare,lud,NOUN,самовар,,,
5841,51183,44968,sana,lud,NOUN,слово,,713,B21
5842,78282,66869,sanakniig,lud,NOUN,словарь,,,
5843,15999,14436,sananik,lud,NOUN,словарь,,,
5844,77149,65837,sanda,lud,VERB,говорить,,,
5845,77269,65946,sanelta,lud,VERB,рассказывать,,,
5846,74674,63729,sanelu,lud,NOUN,диктант,,,
5847,45891,40045,sanged,lud,ADJ,"толстый, полный (о человеке)",,324,B12
5848,52370,46059,sangi,lud,NOUN,стерня,,798,B322
5849,78135,66741,sanitarkke,lud,NOUN,санитарка,,,
5850,3490,3463,sanoda,lud,VERB,сказать,,1253,B42
5851,57829,50913,sanoma,lud,NOUN,весть,,1298,B51
5852,57232,50336,sanuda,lud,VERB,сказать,,1253,B42
5853,57229,50333,sanuo,lud,VERB,сказать,,1253,B42
5854,52371,46060,san’g,lud,NOUN,стерня,,798,B322
5855,90685,77775,sapožnikke,lud,NOUN,сапожник,,,
5856,34841,29960,sappi,lud,NOUN,железа (у рыб),,,
5857,90314,77389,sap’oore,lud,NOUN,сапёр,,,
5858,50429,44242,sarafan,lud,NOUN,сарафан,,656,B182
5859,50433,44246,saraffan,lud,NOUN,сарафан,,656,B182
5860,72804,62066,sarai,lud,NOUN,сарай,,,
5861,90004,77087,saraihut,lud,NOUN,сарайчик,,,
5862,44589,38797,saraklinduine,lud,NOUN,ласточка,swallow (bird),215,A42
5863,51994,45727,sarge,lud,NOUN,полоса (земли),,771,B321
5864,52841,46520,sarvi,lud,NOUN,рог,,848,B331
5865,90359,77432,sarvituoi,lud,ADJ,безрогий,,,
5866,52875,46524,sar’v,lud,NOUN,рог,,848,B331
5867,48779,42723,satatada,lud,VERB,ушибить,,524,B16
5868,78234,66827,satatez,lud,NOUN,"рана, ушиб",,,
5869,48777,42721,satattada,lud,VERB,ушибить,,524,B16
5870,48778,42722,satattai,lud,VERB,ушибить,,524,B16
5871,55480,48823,saum,lud,NOUN,угол дома (внешний),,1093,B372
5872,55373,48716,sauvata,lud,VERB,"рубить, делать сруб",,1084,B372
5873,52921,46570,sauvatada,lud,VERB,кастрировать,,852,B331
5874,35000,30108,savakko,lud,NOUN,"клюка, палка",,998,B354
5875,33415,28764,savi,lud,NOUN,глина,clay,69,A22
5876,34821,29942,savu,lud,NOUN,дым,,1164,B374
5877,54153,47689,savustada,lud,VERB,красить (сети),,971,B353
5878,73068,62299,savuta,lud,VERB,дымить,,,
5879,73236,62436,sdavaida,lud,VERB,сдавать,,,
5880,72816,62078,sdače,lud,NOUN,сдача,,,
5881,23851,21342,se,lud,PRON,"это, этот, эта",,,
5882,45745,21342,se,lud,PRON,тот,that,308,B11
5883,85004,72514,sebaduz,lud,NOUN,объятье,,,
5884,51405,45173,sebata,lud,VERB,обнимать,,728,B22
5885,56445,49664,sebä,lud,NOUN,передок саней,,1189,B38
5886,51400,45168,sebätä,lud,VERB,обнимать,,728,B22
5887,15993,14430,segatavarad,lud,NOUN,бакалея,,,
5888,48065,42073,segoitada,lud,VERB,мешать (быть помехой),,478,B15
5889,73151,62375,segoitettu tahtas,lud,PHRASE,опара,,,
5890,73152,62376,segoittada,lud,VERB,замешивать тесто,,,
5891,77360,66035,segoittua,lud,VERB,замешивать,,,
5892,48041,42053,seguoittada,lud,VERB,"мешать, размешивать",,477,B15
5893,48042,42054,seguoittai,lud,VERB,"мешать, размешивать",,477,B15
5894,48043,42055,seguotada,lud,VERB,"мешать, размешивать",,477,B15
5895,78699,67243,seibaz,lud,NOUN,столб,,1088,B372
5896,32604,28240,seibäs,lud,NOUN,аншпуг,,,
5897,52270,28240,seibäs,lud,NOUN,кол,,781,B321
5898,55541,48884,seine,lud,NOUN,стена,,1099,B372
5899,55542,48885,sein’,lud,NOUN,стена,,1099,B372
5900,52149,45845,seiväš,lud,NOUN,кол,,781,B321
5901,90868,77952,seičaz,lud,ADV,сейчас,,,
5902,15878,14315,seiččei,lud,NUM,семь,,1356,C1
5903,3547,3517,seiččeikymmen,lud,NUM,семьдесят,,,
5904,82130,70090,seiččeme,lud,NUM,семь,,1356,C1
5905,77939,66568,seiččemetuhahine,lud,ADJ,семитысячный,,,
5906,47700,41736,seišta,lud,VERB,стоять,,453,B15
5907,48381,41736,seišta,lud,VERB,останавливать,,500,B15
5908,48379,42355,seižattada,lud,VERB,останавливать,,500,B15
5909,47699,41735,seižoda,lud,VERB,стоять,,453,B15
5910,15931,14368,sekretar’,lud,NOUN,секретарь,,,
5911,15884,14321,sekund,lud,NOUN,секунда ,,,
5912,72818,62080,seledit,lud,NOUN,сельди,,,
5913,78168,66768,selg,lud,NOUN,сельга,,,
5914,42690,36967,selge,lud,NOUN,пространство озера (вдали от берегов),Lake area (away from the coast),55,A21
5915,46715,36967,selge,lud,NOUN,спина,,384,B12
5916,42229,36522,selged,lud,ADJ,ясный (о погоде),clear; lucid,14,A12
5917,46802,40904,selgeluu,lud,NOUN,позвоночник,,390,B12
5918,46801,40903,selgepii,lud,NOUN,позвоночник,,390,B12
5919,46800,40902,selgerango,lud,NOUN,позвоночник,,390,B12
5920,46799,40901,selgeruoda,lud,NOUN,позвоночник,,390,B12
5921,73204,62409,selgittädä,lud,VERB,одевать,,,
5922,89686,76781,selgitä,lud,VERB,одеваться,,,
5923,54114,47650,selguine,lud,NOUN,тетива сети,,968,B353
5924,54113,47649,selgys,lud,NOUN,тетива сети,,968,B353
5925,46697,40808,sel’g,lud,NOUN,спина,,384,B12
5926,46803,40905,sel’gluu,lud,NOUN,позвоночник,,390,B12
5927,46804,40906,sel’gluut,lud,NOUN,позвоночник,,390,B12
5928,90080,77158,sel’sovette,lud,NOUN,сельсовет,,,
5929,15914,14351,semestr,lud,NOUN,семестр,,,
5930,83490,71168,semmoine,lud,ADJ,такой,,,
5931,74623,63681,sendäh,lud,SCONJ,"поэтому, потому что",,,
5932,87458,74742,senperad,lud,SCONJ,поэтому,,,
5933,76604,65378,sentiäi,lud,SCONJ,"потому, поэтому",,,
5934,76605,65378,sentiäi,lud,SCONJ,оттого,,,
5935,92510,79512,sentre,lud,NOUN,центр,,,
5936,72868,62127,senčuoi,lud,NOUN,сени,,,
5937,54485,47960,sepp,lud,NOUN,кузнец,,1000,B355
5938,54484,47959,seppe,lud,NOUN,кузнец,,1000,B355
5939,73194,62403,seppe ruadau,lud,PHRASE,кую (кузнец работает),,,
5940,48765,42709,sera,lud,NOUN,серная пробка в ухе,,523,B16
5941,57130,50241,sestri,lud,NOUN,двоюродная сестра,,1242,B412
5942,43292,37536,sestrikaane,lud,NOUN,красная смородина,redcurrant,123,A323
5943,43291,37535,sestruoi,lud,NOUN,красная смородина,redcurrant,123,A323
5944,57121,50232,sevoitar,lud,NOUN,двоюродный брат,,1241,B412
5945,57165,50232,sevoitar,lud,NOUN,двоюродная сестра,,1242,B412
5946,57128,50239,sevuoitar,lud,NOUN,двоюродная сестра,,1242,B412
5947,16149,14588,sežo,lud,ADV,"также, тоже",,,
5948,42148,36444,sia,lud,NOUN,погода,weather,8,A12
5949,90725,77813,sia,lud,NOUN,место,,,
5950,51741,45494,siata,lud,VERB,делать,,749,B31
5951,77273,65950,sid,lud,ADV,потом,,,
5952,52331,46020,side,lud,NOUN,перевясло,,795,B322
5953,51868,45621,sidoda,lud,VERB,связывать,,758,B31
5954,52855,45621,sidoda,lud,VERB,привязать,,826,B331
5955,54918,45621,sidoda,lud,VERB,вязать,,1027,B356
5956,51869,45622,sidoi,lud,VERB,связывать,,758,B31
5957,58912,51923,sie,lud,ADV,там,,1392,C2
5958,59345,52319,sie kierdal,lud,PHRASE,тогда,,1422,C3
5959,78601,67157,siebralaine,lud,NOUN,член общества,,,
5960,78599,67155,siebran,lud,NOUN,общество,,,
5961,55855,49164,siegl,lud,NOUN,решето,,1131,B373
5962,53814,47392,sieglanpiäližet,lud,NOUN,высевки,,941,B352
5963,55854,49163,siegle,lud,NOUN,решето,,1131,B373
5964,77340,66016,siemenvoi,lud,NOUN,растительное масло,,,
5965,53412,47015,siemen’,lud,NOUN,семя,,899,B34
5966,52177,45873,siemeta,lud,VERB,сеять,,782,B321
5967,52174,45870,siemettä,lud,VERB,сеять,,782,B321
5968,52176,45872,siemetä,lud,VERB,сеять,,782,B321
5969,78709,67251,sieni,lud,NOUN,гриб (пластинчатый),agaric,155,A35
5970,77970,66596,sienikaz,lud,ADJ,"грибной, богатый грибами",,,
5971,43935,38162,sien’,lud,NOUN,гриб (пластинчатый),agaric,155,A35
5972,53632,47213,sier,lud,NOUN,брусок,,924,B351
5973,53633,47214,siere,lud,NOUN,брусок,,924,B351
5974,53097,46746,siga,lud,NOUN,свинья,,870,B331
5975,58917,51928,siga,lud,ADV,там,,1392,C2
5976,58919,51930,sigä,lud,ADV,там,,1392,C2
5977,91456,78536,sigäläine,lud,ADJ,"тот, что находится с той стороны",,,
5978,89930,77019,sigäpiäi,lud,ADV,оттуда,,,
5979,45224,39415,sihililik,lud,NOUN,ящерица,,270,A44
5980,45223,39414,sihlik,lud,NOUN,ящерица,,270,A44
5981,44473,38683,siib,lud,NOUN,крыло,wing,204,A42
5982,44470,38680,siibi,lud,NOUN,крыло,wing,204,A42
5983,44851,38680,siibi,lud,NOUN,плавник,"fin, flipper (appendage of a fish)",239,A43
5984,23856,21347,siid,lud,ADV,потом,,,
5985,44941,39133,siig,lud,NOUN,сиг,coregonus,247,A43
5986,44942,39134,siige,lud,NOUN,сиг,coregonus,247,A43
5987,54054,47590,siime,lud,NOUN,леска,,961,B353
5988,78027,66646,siirdyda,lud,VERB,переходить,,,
5989,90017,77097,siiriči,lud,ADV,мимо,,,
5990,47599,41638,siirtä,lud,VERB,толкать,,446,B15
5991,72867,62126,siiru,lud,NOUN,сыр,,,
5992,23854,21345,siit,lud,CCONJ,потом,,,
5993,90804,77894,siiten,lud,ADV,потом,,,
5994,44855,39052,siived,lud,NOUN,плавник,"fin, flipper (appendage of a fish)",239,A43
5995,49481,43386,sija,lud,NOUN,место,,558,B17
5996,78238,66831,sikš,lud,ADV,потому,,,
5997,73139,62363,sil kerdal,lud,PHRASE,сейчас,,,
5998,56702,49863,sild,lud,NOUN,мост,,1207,B38
5999,35726,30717,silde,lud,NOUN,мост,,1207,B38
6000,72581,61857,siled,lud,ADV,гладко,,,
6001,33416,28765,siled,lud,ADJ,гладкий,,1382,C2
6002,58775,51786,silie,lud,ADJ,"гладкий, ровный",,1382,C2
6003,56189,49449,silitada,lud,VERB,"гладить, поглаживать",,1166,B22
6004,73045,62279,silittädä,lud,VERB,гладить,,,
6005,56188,49448,silittäi,lud,VERB,"гладить, поглаживать",,1166,B22
6006,55231,48615,silleh,lud,ADV,"даром, бесплатно",,1072,B36
6007,74606,63662,silloi,lud,ADV,тогда,,,
6008,33422,28769,silme,lud,NOUN,глаз,,405,B12
6009,73177,62388,silmäl išköy,lud,PHRASE,мигать (глазом мигать),,,
6010,78004,66630,siloi,lud,ADV,тогда,,,
6011,47031,41125,sil’manluom,lud,NOUN,веко,,408,B12
6012,47032,41126,sil’manluum,lud,NOUN,веко,,408,B12
6013,34413,29597,sina,lud,PRON,ты,,,
6014,44033,38256,sinihiine,lud,ADJ,синий,blue,163,A36
6015,48805,42746,siniine,lud,ADJ,синий,,,
6016,16108,14545,siniine,lud,NOUN,синяк,,525,B16
6017,44029,38252,sinine,lud,ADJ,синий,blue,163,A36
6018,44032,38255,sinini,lud,ADJ,синий,blue,163,A36
6019,48797,42741,sinižömä,lud,NOUN,синяк,,525,B16
6020,58946,51957,sinne,lud,ADV,туда,,1393,C2
6021,77988,66614,sinne-tänne,lud,ADV,туда-сюда,,,
6022,23877,21367,sinnä,lud,ADV,там,,,
6023,59001,21367,sinnä,lud,ADV,туда,,1393,C2
6024,72615,61891,sinun,lud,PRON,твой,,,
6025,14953,13478,sinä,lud,PRON,ты,you,306,B11
6026,48798,42742,sin’akke,lud,NOUN,синяк,,525,B16
6027,72819,62081,sin’ke,lud,NOUN,синька,,,
6028,73061,62294,sirdel’tä,lud,VERB,двигать,,,
6029,56945,50077,sirotin,lud,NOUN,сирота,,1225,B412
6030,56948,50080,sirott,lud,NOUN,сирота,,1225,B412
6031,48255,42240,sirtakseh,lud,VERB,двигаться,,489,B15
6032,73062,62295,sirttä,lud,VERB,подвинуться,,,
6033,52284,45974,sir’p,lud,NOUN,серп,,793,B322
6034,35845,30824,sit,lud,ADV,"тогда, потом",,,
6035,46706,40817,sivu,lud,NOUN,поясница,,385,B12
6036,58981,40817,sivu,lud,NOUN,сторона,,1384,C2
6037,46703,40814,sivut,lud,NOUN,поясница,,385,B12
6038,16127,14564,sizar,lud,NOUN,сестра,,,
6039,35849,30828,sizär,lud,NOUN,сестра,,,
6040,45734,39896,siä,lud,PRON,ты,you,306,B11
6041,16067,14504,siä,lud,NOUN,погода,weather,8,A12
6042,46669,40783,siäri,lud,NOUN,голень,,382,B12
6043,54952,40783,siäri,lud,NOUN,голенище,,1039,B356
6044,46656,40770,siärvärtinluu,lud,NOUN,голень,,382,B12
6045,46671,40784,siär’,lud,NOUN,голень,,382,B12
6046,78025,66644,siästäda,lud,VERB,"хранить, беречь",,,
6047,45349,39536,siäs’k’,lud,NOUN,комар,,278,A44
6048,54800,48256,siätä,lud,VERB,выделывать кожу,,1033,B356
6049,78534,48256,siätä,lud,VERB,делать,,,
6050,78535,48256,siätä,lud,VERB,изготавливать,,,
6051,90155,77233,skamn’e,lud,NOUN,скамья,,,
6052,49908,43761,skanč,lud,NOUN,сканец,,609,B181
6053,49912,43765,skančč,lud,NOUN,сканец,,609,B181
6054,78739,67279,skančča,lud,NOUN,сканец,,609,B181
6055,49910,43763,skančče,lud,NOUN,сканец,,609,B181
6056,46774,40876,skilet,lud,NOUN,скелет,,389,B12
6057,73752,62860,skluad,lud,NOUN,склад,,,
6058,90445,77530,skluadu,lud,NOUN,склад,,,
6059,44505,38713,skorce,lud,NOUN,скворец,starling,208,A42
6060,90880,77962,skotnuoi,lud,ADJ,скотный,,,
6061,50940,44733,skuater’t’,lud,NOUN,скатерть,,695,B182
6062,51193,44978,skuup,lud,ADJ,скупой,,714,B21
6063,51189,44974,skuupp,lud,ADJ,скупой,,714,B21
6064,51192,44977,skuuppe,lud,ADJ,скупой,,714,B21
6065,76672,65434,skuvpašči,lud,ADV,скупо,,,
6066,72822,62084,slifkad,lud,NOUN,сливки,,,
6067,78470,67043,slivanpuu,lud,NOUN,слива (дерево),,,
6068,35739,30730,sluave,lud,NOUN,слава,,,
6069,35740,30730,sluave,lud,NOUN,молва,,,
6070,91257,78345,sluuge,lud,NOUN,слуга,,,
6071,90602,77693,sluužbe,lud,NOUN,служба,,,
6072,89928,77017,sluužida,lud,VERB,служить,,,
6073,91282,78365,slučei,lud,NOUN,случай,,,
6074,90914,77995,služaščuoi,lud,NOUN,служащий,,,
6075,90130,77208,službe,lud,NOUN,служба,,,
6076,90941,78027,služida,lud,VERB,служить,,,
6077,85938,73356,služivuoi,lud,ADJ,служивый,,,
6078,90439,77524,sl’eduššuoi,lud,ADJ,следующий,,,
6079,90433,77518,sl’ud’anke,lud,PROPN,Слюдянка (Слюдяная фабрика в г. Петрозаводск),,,
6080,89875,76967,smenida,lud,VERB,"менять, заменять",,,
6081,45627,39796,smiel,lud,ADJ,смелый,,296,B11
6082,45626,39795,smieluoi,lud,ADJ,смелый,,296,B11
6083,51055,44842,smiettidä,lud,VERB,думать,,703,B21
6084,90246,77322,smotrakke,lud,NOUN,"приёмщик, cмотряк",,,
6085,52318,46007,snuap,lud,NOUN,сноп,,794,B322
6086,52315,46004,snuapp,lud,NOUN,сноп,,794,B322
6087,72690,61958,soba,lud,NOUN,одежда,,,
6088,50375,44188,sobad,lud,NOUN,одежда,,650,B182
6089,50369,44182,sobat,lud,NOUN,одежда,,650,B182
6090,90086,77164,soberida,lud,VERB,собирать,,,
6091,77328,66004,soberidakse,lud,VERB,собираться,,,
6092,57860,50927,sobida,lud,VERB,"ладить, жить в согласии, мире",,1300,B51
6093,57861,50928,sobidakseh,lud,VERB,"ладить, жить в согласии, мире",,1300,B51
6094,76705,65465,sobivašči,lud,ADV,удобно,,,
6095,76707,65465,sobivašči,lud,ADV,уместно,,,
6096,91291,78374,sobore,lud,NOUN,собор,,,
6097,90136,77214,sockuoi,lud,NOUN,сотский,,,
6098,47053,41147,soged,lud,ADJ,слепой,,411,B12
6099,52686,46365,soim,lud,NOUN,ясли,,829,B331
6100,72830,62091,soime,lud,NOUN,"сойма, большая лодка",,,
6101,52683,46362,soimi,lud,NOUN,ясли,,829,B331
6102,16008,14445,soitand,lud,NOUN,"игра, музыка",,,
6103,83335,14445,soitand,lud,NOUN,звонок,,,
6104,78212,66809,soittada,lud,VERB,звонить,,,
6105,57572,50666,soittai,lud,VERB,играть (на гармони),,1276,B43
6106,50186,44008,soker,lud,NOUN,сахар,,633,B181
6107,72828,62089,sokke,lud,NOUN,сок,,,
6108,51882,45635,solme,lud,NOUN,узел,,760,B31
6109,78488,67060,solobei-linduine,lud,NOUN,соловей,,,
6110,91262,78350,soloveilindu,lud,NOUN,соловей,,,
6111,51883,45636,sol’m,lud,NOUN,узел,,760,B31
6112,90137,77215,soopščida,lud,VERB,сообщить,,,
6113,72562,61839,soraheine,lud,NOUN,осока,,,
6114,47891,41917,sordada,lud,VERB,рубить,,468,B15
6115,47801,41835,sorduda,lud,VERB,падать,,460,B15
6116,46540,40665,sorm,lud,NOUN,палец руки,,373,B12
6117,46536,40661,sormi,lud,NOUN,палец руки,,373,B12
6118,50815,44610,sorminahk,lud,NOUN,наперсток,,686,B182
6119,50814,44609,sorminahke,lud,NOUN,наперсток,,686,B182
6120,46539,40664,sorm’,lud,NOUN,палец руки,,373,B12
6121,73765,62872,sort,lud,NOUN,сорт,,,
6122,47893,41919,sorta,lud,VERB,рубить,,468,B15
6123,47895,41921,sortta,lud,VERB,рубить,,468,B15
6124,44642,38850,sorz,lud,NOUN,утка,duck,218,A42
6125,44640,38848,sorze,lud,NOUN,утка,duck,218,A42
6126,44639,38847,sotk,lud,NOUN,утка,duck,218,A42
6127,44641,38849,sotke,lud,NOUN,утка,duck,218,A42
6128,72824,62086,sotskoi,lud,NOUN,сотский,,,
6129,56619,49782,soudai,lud,VERB,грести,,1201,B38
6130,90545,77633,souhoze,lud,NOUN,совхоз,,,
6131,58339,51386,sousim,lud,ADV,совсем,,1340,C1
6132,56620,49783,souta,lud,VERB,грести,,1201,B38
6133,56618,49781,soutta,lud,VERB,грести,,1201,B38
6134,73247,62446,sovetuita,lud,VERB,советовать,,,
6135,77282,65959,sovhoz,lud,NOUN,совхоз,,,
6136,49630,43511,spassibo,lud,NOUN,спасибо,,585,B17
6137,77944,66573,spassiboita,lud,VERB,благодарить,,,
6138,90186,77264,spiske,lud,NOUN,список,,,
6139,91498,78577,spokuoi,lud,ADJ,спокойный,,,
6140,72779,62041,spora,lud,NOUN,раздор,,,
6141,91025,78117,sporevuda,lud,VERB,"спорить, заспорить",,,
6142,90140,77218,sporida,lud,VERB,спорить,,,
6143,47868,41897,sportida,lud,VERB,портить,,467,B15
6144,49640,43521,spuaru,lud,NOUN,ссора,,586,B17
6145,90315,77390,sroida,lud,VERB,строить,,,
6146,58028,51092,sroičanpäi,lud,NOUN,троица,,1316,B52
6147,58033,51097,sroičanpäiv,lud,NOUN,троица,,1316,B52
6148,58024,51088,sroičč,lud,NOUN,троица,,1316,B52
6149,58025,51089,sroičče,lud,NOUN,троица,,1316,B52
6150,91072,78163,srojida,lud,VERB,строить,,,
6151,54559,48033,stali,lud,NOUN,сталь,,1007,B355
6152,72845,62106,stameske,lud,NOUN,стамеска,,,
6153,91496,78575,stancii,lud,NOUN,станция,,,
6154,43921,38150,stanidälge,lud,NOUN,папоротник,fern,153,A35
6155,72844,62105,stanke,lud,NOUN,станок,,,
6156,72843,62104,stantsii,lud,NOUN,станция,,,
6157,49158,43068,starik,lud,NOUN,старик,,547,B17
6158,90763,77851,starikaine,lud,NOUN,старичок,,,
6159,49157,43067,starikk,lud,NOUN,старик,,547,B17
6160,14892,13420,starikke,lud,NOUN,старик,,547,B17
6161,57246,50350,starin,lud,NOUN,сказка,,1254,B42
6162,74677,50350,starin,lud,NOUN,история,,,
6163,74678,50350,starin,lud,NOUN,рассказ,,,
6164,78269,66858,starinoita,lud,VERB,рассказывать,,,
6165,49163,43073,staruh,lud,NOUN,старуха,,548,B17
6166,78738,67278,staruha,lud,NOUN,старуха,,548,B17
6167,49160,43070,staruuha,lud,NOUN,старуха,,548,B17
6168,91226,78315,staruwhe,lud,NOUN,старуха,,,
6169,72851,62112,staršin,lud,NOUN,старшина,,,
6170,55773,49082,stauč,lud,NOUN,миска деревянная,,1121,B373
6171,90731,77819,staučče,lud,NOUN,"ковш, деревянная миска",,,
6172,54693,48149,stavinad,lud,NOUN,"кросна, стан",,1020,B356
6173,72630,61906,stearinovoi,lud,ADJ,стеариновый,,,
6174,72631,61907,stearinovoi tuohus,lud,PHRASE,стеариновая свеча,,,
6175,15913,14350,stipendii,lud,NOUN,стипендия,,,
6176,89983,77068,stojan,lud,NOUN,бадья,,,
6177,72846,62107,stokan,lud,NOUN,стакан,,,
6178,77176,65864,stol,lud,NOUN,стол,,,
6179,34241,29434,stola,lud,NOUN,стол,,,
6180,91398,78484,stolice,lud,NOUN,столица,,,
6181,72854,62115,stol’ari,lud,NOUN,столяр,,,
6182,90358,77431,stopke,lud,NOUN,стопка,,,
6183,14890,13418,storož,lud,NOUN,сторож,,,
6184,91031,78122,storože,lud,NOUN,сторож,,,
6185,73252,62450,stradaita,lud,VERB,страдать,,,
6186,72857,62118,strannike,lud,NOUN,странник,,,
6187,89668,76763,strašnuoi,lud,ADJ,страшный,,,
6188,53913,47474,strela,lud,NOUN,стрела,,950,B353
6189,72855,62116,strelke,lud,NOUN,стрелка,,,
6190,77868,66499,striäppida,lud,VERB,"стряпать, готовить",,,
6191,90803,77893,stroida,lud,VERB,строить,,,
6192,58023,51087,stroičč,lud,NOUN,троица,,1316,B52
6193,78012,66637,strojida,lud,VERB,строить,,,
6194,73181,62392,stroju,lud,NOUN,стройка,,,
6195,73182,62393,stroju oli,lud,PHRASE,постройка (стройка была),,,
6196,72847,62108,struuge,lud,NOUN,струг,,,
6197,72956,62203,stuanu,lud,NOUN,шалаш,,,
6198,72850,62111,stuaroste,lud,NOUN,староста,,,
6199,15904,14341,student,lud,NOUN,студент,,,
6200,73250,62448,stuiguttada,lud,VERB,стучать,,,
6201,89717,76811,stuknida,lud,VERB,"стукнуть, топнуть",,,
6202,72848,62109,stupenid,lud,NOUN,ступени,,,
6203,89917,77006,stupida,lud,VERB,вступать,,,
6204,72849,62110,stuule,lud,NOUN,стул,,,
6205,43922,38151,st’anind’aug,lud,NOUN,папоротник,fern,153,A35
6206,72858,62119,st’okle,lud,NOUN,стекло,,,
6207,73192,62401,st’okle mäni,lud,PHRASE,заноза (стекло попало),,,
6208,91391,78477,suabl’e,lud,NOUN,сабля,,,
6209,52361,46050,suabr,lud,NOUN,зарод,,797,B322
6210,52356,46045,suabra,lud,NOUN,зарод,,797,B322
6211,52621,46300,suabranpuu,lud,NOUN,стожар,,823,B324
6212,34877,29995,suabre,lud,NOUN,зарод (сена),,,
6213,77372,66047,suada,lud,VERB,получать,,,
6214,47247,41336,suada,lud,VERB,"поймать, ловить",,425,B15
6215,77373,66047,suada,lud,VERB,начинать,,,
6216,48153,41336,suada,lud,VERB,"доставать, приобретать",,484,B15
6217,55243,41336,suada,lud,VERB,зарабатывать,,1063,B36
6218,78117,41336,suada,lud,VERB,родить,,,
6219,56792,49944,suad’bo,lud,NOUN,свадьба,,1213,B411
6220,89707,76801,suad’bodiel,lud,NOUN,свадебное дело,,,
6221,91220,78309,suai,lud,POSTP,до,,,
6222,72661,61931,suai,lud,NOUN,ловля,,,
6223,53968,47529,sualine,lud,NOUN,добыча,,957,B353
6224,53966,47527,suališ,lud,NOUN,добыча,,957,B353
6225,42945,37202,sualištuda,lud,VERB,спеть,to ripen,83,A31
6226,53967,47528,sualiž,lud,NOUN,добыча,,957,B353
6227,50514,44327,suapk,lud,NOUN,шапка,,664,B182
6228,54811,48267,suapkad,lud,NOUN,обувь,,1034,B356
6229,89987,77072,suari,lud,NOUN,остров,,,
6230,57244,50348,suarne,lud,NOUN,сказка,,1254,B42
6231,52552,46238,suatt,lud,NOUN,копна (сена),,818,B324
6232,49540,43421,suatta,lud,VERB,провожать,,577,B17
6233,49537,43418,suattada,lud,VERB,провожать,,577,B17
6234,49539,43420,suattai,lud,VERB,провожать,,577,B17
6235,52548,46234,suatto,lud,NOUN,копна (сена),,818,B324
6236,78213,66810,suau,lud,ADV,можно,,,
6237,72862,62122,sudje,lud,NOUN,судья,,,
6238,72864,62123,sudne,lud,NOUN,судно,,,
6239,33463,28804,suga,lud,NOUN,гребень,,,
6240,72964,62211,sugaz,lud,NOUN,щетина,,,
6241,46061,40204,sugida,lud,VERB,"чесать, расчесывать (волосы)",,337,B12
6242,16134,14571,sugu,lud,NOUN,"род, родня",,1285,B51
6243,15867,14304,sugunimi,lud,NOUN,фамилия,,,
6244,54744,48200,suhkol,lud,NOUN,челнок,,1026,B356
6245,57679,50763,suimu,lud,NOUN,собрание,,1282,B51
6246,90293,77369,suittada,lud,VERB,копить,,,
6247,91113,78204,suittuda,lud,VERB,копиться,,,
6248,52769,46448,suičed,lud,NOUN,узда,,838,B331
6249,52768,46447,suičet,lud,NOUN,узда,,838,B331
6250,50440,44253,sukk,lud,NOUN,чулок,,657,B182
6251,50441,44254,sukke,lud,NOUN,чулок,,657,B182
6252,54743,48199,sukkul,lud,NOUN,челнок,,1026,B356
6253,54742,48198,sukkulaine,lud,NOUN,челнок,,1026,B356
6254,56664,49827,sukset,lud,NOUN,лыжи,,1204,B38
6255,35123,30228,suksi,lud,NOUN,лыжа,,,
6256,51231,45009,sula,lud,ADJ,милый,,717,B22
6257,42540,36821,sulada,lud,VERB,таять (о снеге),to thaw,42,A12
6258,42646,36926,sulaim,lud,NOUN,полынья,A naturally formed area of open water surrounded by sea ice,51,A21
6259,42648,36928,sulaime,lud,NOUN,полынья,A naturally formed area of open water surrounded by sea ice,51,A21
6260,16093,14530,sulakuu,lud,NOUN,апрель,,,
6261,42534,36815,sulata,lud,VERB,таять (о снеге),to thaw,42,A12
6262,53316,36815,sulata,lud,VERB,растопить (масло),,887,B333
6263,76572,65349,sulašči,lud,ADV,нежно,,,
6264,44478,38688,sulg,lud,NOUN,перо,"feather, plume",205,A42
6265,44479,38689,sulge,lud,NOUN,перо,"feather, plume",205,A42
6266,56740,49892,sulhaine,lud,NOUN,жених,,1210,B411
6267,90289,77365,sulhaiščida,lud,VERB,сватать,,,
6268,90323,77398,sulhaštada,lud,VERB,свататься,,,
6269,48502,42466,sulida,lud,VERB,обещать,,508,B15
6270,49906,43759,sulčin,lud,NOUN,сканец,,609,B181
6271,49909,43762,sulččin,lud,NOUN,сканец,,609,B181
6272,77339,66015,sul’čin,lud,NOUN,сканец; сульчина,,,
6273,55643,48960,sumb,lud,ADJ,"плотный, тесно и прочно соединенный",,1108,B372
6274,55644,48961,sumbe,lud,ADJ,"плотный, тесно и прочно соединенный",,1108,B372
6275,42183,36478,sume,lud,NOUN,изморось (мелкий дождь),drizzle,11,A12
6276,42185,36480,sumeg,lud,NOUN,изморось (мелкий дождь),drizzle,11,A12
6277,77370,66045,sumk,lud,NOUN,сумка,,,
6278,72865,62124,sumke,lud,NOUN,сумка,,,
6279,73246,62445,suml’uita,lud,VERB,сомневаться,,,
6280,42277,36570,sumu,lud,NOUN,туман,fog,20,A12
6281,82131,36570,sumu,lud,NOUN,изморось (мелкий дождь),drizzle,11,A12
6282,81912,69913,sundo,lud,ADJ,теплый,warm,604,B181
6283,55895,49204,sundug,lud,NOUN,сундук,,1136,B373
6284,32643,28278,suo,lud,NOUN,болото,"bog, swamp, marsh, quagmire, mire",63,A21
6285,16086,14523,suobat,lud,NOUN,суббота,,1417,C3
6286,59285,52259,suobatt,lud,NOUN,суббота,,1417,C3
6287,59286,52260,suobatte,lud,NOUN,суббота,,1417,C3
6288,91799,78872,suohine,lud,ADJ,болотистый,,,
6289,89995,77080,suohut,lud,NOUN,болотце,,,
6290,44702,38908,suokul’l’oi,lud,NOUN,кулик,"sandpiper, snipe",224,A42
6291,44698,38904,suokul’l’uoi,lud,NOUN,кулик,"sandpiper, snipe",224,A42
6292,50156,43991,suol,lud,NOUN,соль,,632,B181
6293,50153,43988,suola,lud,NOUN,соль,,632,B181
6294,50157,43992,suole,lud,NOUN,соль,,632,B181
6295,46898,40995,suolet,lud,NOUN,кишки,,397,B12
6296,43897,38126,suolhein,lud,NOUN,щавель,sorrel,152,A35
6297,43899,38128,suolheine,lud,NOUN,щавель,sorrel,152,A35
6298,90726,77814,suoli,lud,NOUN,кишка,,,
6299,45265,39456,suolotuoi,lud,NOUN,жаба,,273,A44
6300,72823,62085,suolvakke,lud,NOUN,солонка,,,
6301,57320,50421,suomelaažed,lud,NOUN,финны,,1259,B42
6302,15771,14213,suomelaine,lud,NOUN,финн,,,
6303,57319,50420,suomelaižet,lud,NOUN,финны,,1259,B42
6304,44839,39040,suomus,lud,NOUN,чешуя,"scales (of fish, reptiles, etc.)",238,A43
6305,34856,29974,suoni,lud,NOUN,жила,,401,B12
6306,46945,41039,suon’,lud,NOUN,жила (кровеносный сосуд),,401,B12
6307,90976,78062,suorande,lud,NOUN,берег болота,,,
6308,52620,46299,suovepuu,lud,NOUN,стожар,,823,B324
6309,49981,43834,supp,lud,NOUN,суп,,617,B181
6310,45714,39876,surduda,lud,VERB,устать,,303,B11
6311,57158,50269,surjak,lud,NOUN,"шурин, брат жены",,1245,B412
6312,49205,43115,surm,lud,NOUN,смерть,,552,B17
6313,91763,78837,surmatoine,lud,ADJ,бессмертный,,,
6314,49207,43117,surme,lud,NOUN,смерть,,552,B17
6315,51353,45121,suru,lud,NOUN,"печаль, тоска",,724,B22
6316,49911,43764,surčin,lud,NOUN,сканец,,609,B181
6317,57743,50827,sused,lud,NOUN,сосед,,1289,B51
6318,57735,50819,susieda,lud,NOUN,сосед,,1289,B51
6319,46750,40853,sustav,lud,NOUN,сустав,,388,B12
6320,57742,50826,sus’od,lud,NOUN,сосед,,1289,B51
6321,57741,50825,sus’s’od,lud,NOUN,сосед,,1289,B51
6322,90054,77132,sutkad,lud,NOUN,сутки,,,
6323,91251,78339,sutkat,lud,NOUN,сутки,,,
6324,46241,40374,suu,lud,NOUN,рот,,348,B12
6325,73183,62394,suud andada,lud,PHRASE,целоваться,,,
6326,73255,62452,suudida,lud,VERB,судить,,,
6327,44480,38690,suug,lud,NOUN,перо,"feather, plume",205,A42
6328,3554,3524,suuri,lud,ADJ,большой,,323,B12
6329,45550,3524,suuri,lud,ADJ,высокий,,291,B11
6330,50231,44051,suurim,lud,NOUN,крупа,,637,B181
6331,35052,30159,suurin,lud,NOUN,крупа,,637,B181
6332,45266,39457,suurlötyö,lud,NOUN,жаба,,273,A44
6333,53745,47323,suurus,lud,NOUN,крошка (хлеба),,935,B352
6334,89910,77000,suuruz,lud,NOUN,"величина, размер",,,
6335,45872,40027,suur’,lud,ADJ,большой,,323,B12
6336,51313,45081,suuttuda,lud,VERB,сердиться,,721,B22
6337,51390,45158,suvaata,lud,VERB,любить,,727,B22
6338,73103,62330,suvaita,lud,VERB,любить,,,
6339,51389,45157,suvaitta,lud,VERB,любить,,727,B22
6340,77904,66534,suvehiine,lud,ADJ,suvehiine,,,
6341,72557,61834,suvi,lud,ADJ,южный,,,
6342,33398,28751,suvi,lud,NOUN,юг,,1387,C2
6343,72558,61835,suvi tuuli,lud,PHRASE,ветер (южный),,,
6344,78278,66865,suvilyydilaane,lud,NOUN,носитель южнолюдиковского диалекта,,,
6345,91806,78879,suvr’,lud,ADJ,большой,,,
6346,76711,65470,suvsanal,lud,ADV,устно,,,
6347,92512,79514,sveedenii,lud,NOUN,сведение,,,
6348,42884,37146,sveta,lud,NOUN,цветок,flower,79,A31
6349,42885,37147,svetaane,lud,NOUN,цветок,flower,79,A31
6350,42882,37144,svetaine,lud,NOUN,цветок,flower,79,A31
6351,15971,14408,svetofor,lud,NOUN,светофор	,,,
6352,82134,70093,svett,lud,NOUN,цветок,flower,79,A31
6353,72812,62074,svinče,lud,NOUN,свинец,,,
6354,72815,62077,svit’il,lud,NOUN,светильня (фитиль),,,
6355,44506,38714,svorc,lud,NOUN,скворец,starling,208,A42
6356,44504,38712,svorčč,lud,NOUN,скворец,starling,208,A42
6357,91218,78307,svuadebnoi,lud,ADJ,свадебный,,,
6358,56793,49945,svuadibo,lud,NOUN,свадьба,,1213,B411
6359,56794,49946,svuad’b,lud,NOUN,свадьба,,1213,B411
6360,91259,78347,svuad’be,lud,NOUN,свадьба,,,
6361,90321,77396,svuad’bo,lud,NOUN,свадьба,,,
6362,16138,14575,svuat,lud,NOUN,сват,,,
6363,72810,62072,svuattu,lud,NOUN,сват,,,
6364,56773,49925,svuatuida,lud,VERB,свататься,,1212,B411
6365,89908,76998,svuat’t’e,lud,NOUN,сватья,,,
6366,78472,67045,sv’okl,lud,NOUN,свекла,,,
6367,47361,41438,sydaita,lud,VERB,"заталкивать, запихивать (во что-либо)",,432,B15
6368,73268,62465,sydidä,lud,VERB,тыкать,,,
6369,46977,41071,sydäinkerät,lud,NOUN,почки,,403,B12
6370,47332,41413,sydäitä,lud,VERB,совать,,430,B15
6371,47362,41413,sydäitä,lud,VERB,"заталкивать, запихивать (во что-либо)",,432,B15
6372,47600,41413,sydäitä,lud,VERB,толкать,,446,B15
6373,78084,66698,sydäm,lud,NOUN,сердце,,,
6374,77344,66019,sydämeh,lud,ADV,вовнутрь,,,
6375,33360,28716,sydämes,lud,POSTP,внутри,,,
6376,77335,66011,sydämih,lud,ADV,вовнутрь,,,
6377,46974,41068,sydämkeräižet,lud,NOUN,почки,,403,B12
6378,72750,62013,sydänkeräžet,lud,NOUN,"почка (сердце, легкое)",,,
6379,16098,14535,syguz’kuu,lud,NOUN,сентябрь,,,
6380,59413,52374,sygyz,lud,NOUN,осень,,1428,C3
6381,16103,14540,sygyz’,lud,NOUN,осень,,1428,C3
6382,77827,66463,sygyz’kuu,lud,NOUN,сентябрь,,,
6383,46284,40416,sylgedä,lud,VERB,плевать,,353,B12
6384,46309,40441,sylgi,lud,NOUN,слюна,,357,B12
6385,46285,40417,sylgiä,lud,VERB,плевать,,353,B12
6386,58279,51326,syli,lud,NOUN,сажень,,1333,C1
6387,58283,51330,syly,lud,NOUN,сажень,,1333,C1
6388,46313,40445,syl’g,lud,NOUN,слюна,,357,B12
6389,73216,62417,syl’gedä,lud,VERB,плевать,,,
6390,58012,51076,syndummua,lud,NOUN,святки,,1315,B52
6391,83346,71055,syndydä,lud,VERB,рождаться,,,
6392,72813,62075,syndymmua,lud,NOUN,святки,,,
6393,85069,72575,syndynd,lud,NOUN,рождение,,,
6394,58009,51073,syndynmua,lud,NOUN,святки,,1315,B52
6395,90351,77424,syttydä,lud,VERB,загораться,,,
6396,56015,49309,sytyttäi,lud,VERB,"зажигать, разжигать",,1147,B374
6397,89687,76782,syveldydä,lud,VERB,сердиться,,,
6398,33418,28766,syvä,lud,NOUN,глубина,,,
6399,42734,37007,syvä,lud,ADJ,глубокий,deep,61,A21
6400,73298,62493,syödä,lud,VERB,есть,,591,B181
6401,49690,43555,syöm,lud,NOUN,пища,,590,B181
6402,74628,63686,syömiine,lud,NOUN,пища,,,
6403,49686,43551,syömiin’e,lud,NOUN,пища,,590,B181
6404,77974,66600,syömine,lud,NOUN,"пища, еда",,,
6405,82088,66600,syömine,lud,NOUN,провизия в дорогу,,1206,B38
6406,72687,61955,syömäri,lud,NOUN,обжора,,,
6407,52679,46358,syötta,lud,VERB,кормить,,828,B331
6408,52677,46356,syöttada,lud,VERB,кормить,,828,B331
6409,45309,39497,syöttuö,lud,NOUN,червяк,,275,A44
6410,73094,62323,syöttädä,lud,VERB,кормить,,,
6411,52678,46357,syöttäi,lud,VERB,кормить,,828,B331
6412,44853,39050,sägä,lud,NOUN,плавник,"fin, flipper (appendage of a fish)",239,A43
6413,77940,66569,säilyda,lud,VERB,сохраняться,,,
6414,55915,49224,säkki,lud,NOUN,мешок,,1138,B373
6415,34844,29963,sälgy,lud,NOUN,жеребёнок,,,
6416,52365,46054,sängi,lud,NOUN,стерня,,798,B322
6417,52372,46061,sän’g’,lud,NOUN,стерня,,798,B322
6418,49730,43595,särbädä,lud,VERB,хлебать,,593,B181
6419,49731,43596,särbäi,lud,VERB,хлебать,,593,B181
6420,56098,49373,säres,lud,NOUN,лучина,,1155,B374
6421,44992,39184,särg,lud,NOUN,плотва,rutilus,253,A43
6422,51995,45728,särge,lud,NOUN,полоса (земли),,771,B321
6423,54363,47857,särgedä,lud,VERB,"раскалывать, колоть (дрова)",,989,B354
6424,44989,39181,särgi,lud,NOUN,плотва,rutilus,253,A43
6425,49049,42982,särišta,lud,VERB,дрожать,,539,B16
6426,49042,42975,särištä,lud,VERB,дрожать,,539,B16
6427,54401,47895,särkta,lud,VERB,щепать (лучину),,993,B354
6428,49732,43597,särpta,lud,VERB,хлебать,,593,B181
6429,58819,51830,särvi,lud,NOUN,край,,1385,C2
6430,44993,39185,sär’g,lud,NOUN,плотва,rutilus,253,A43
6431,45307,39495,sätt,lud,NOUN,червяк,,275,A44
6432,44977,39169,säyne,lud,NOUN,язь,"ide, orfe",251,A43
6433,90773,77861,südämez,lud,ADV,внутри,,,
6434,72869,62128,s’urtukke,lud,NOUN,сюртук,,,
6435,45675,39838,taba,lud,NOUN,характер,,301,B11
6436,49671,39838,taba,lud,NOUN,привычка,,580,B17
6437,77890,39838,taba,lud,NOUN,обычай,,,
6438,90971,78057,tabaine,lud,NOUN,характер,,,
6439,50348,44165,tabak,lud,NOUN,табак,,648,B181
6440,50344,44161,tabakk,lud,NOUN,табак,,648,B181
6441,50347,44164,tabakke,lud,NOUN,табак,,648,B181
6442,47240,41330,tabata,lud,VERB,"поймать, ловить",,425,B15
6443,47256,41330,tabata,lud,VERB,догонять,,426,B15
6444,47573,41330,tabata,lud,VERB,схватить,,445,B15
6445,73040,41330,tabata,lud,VERB,"выловить, вылавливать",,,
6446,73083,62312,tabavoida,lud,VERB,злиться,,,
6447,15977,14414,tabletk,lud,NOUN,таблетка,,,
6448,73279,62475,taboitelda,lud,VERB,хватать,,,
6449,47255,41342,taboittada,lud,VERB,догонять,,426,B15
6450,47570,41342,taboittada,lud,VERB,схватить,,445,B15
6451,47248,41337,tabuoittada,lud,VERB,поймать,,425,B15
6452,52025,45758,tadeh,lud,NOUN,навоз,,774,B321
6453,52091,45788,tadehkogo,lud,NOUN,навозная куча,,775,B321
6454,78187,66787,taga,lud,POSTP,за,,,
6455,34416,29600,tagaheze,lud,ADV,обратно,,,
6456,34873,29991,tagaine,lud,ADJ,задний,,1369,C2
6457,72588,61864,tagaks,lud,ADV,назад,,,
6458,91037,78127,tagakse,lud,POSTP,назад,,,
6459,58626,51648,tagaliine,lud,ADJ,задний,,1369,C2
6460,72606,61882,tagan,lud,ADV,"позади, сзади",,,
6461,73140,62364,tagan čura,lud,PHRASE,сзади,,,
6462,76666,65429,taganpiä,lud,ADV,сзади,,,
6463,78003,66629,tagaperin,lud,ADV,назад,,,
6464,46824,40924,tagapuoliluu,lud,NOUN,таз (у человека),,391,B12
6465,34876,29994,tagaraivo,lud,NOUN,затылок,,332,B12
6466,78700,67244,tagariine,lud,NOUN,затылок,,332,B12
6467,91074,78165,tagariädü,lud,NOUN,задний ряд,,,
6468,46004,40147,tagaruine,lud,NOUN,затылок,,332,B12
6469,76540,65323,tagaze,lud,ADV,задом,,,
6470,76541,65323,tagaze,lud,ADV,назад,,,
6471,89586,76687,tagači,lud,ADV,за,,,
6472,89641,76739,tagemba,lud,ADV,дальше,,,
6473,58623,51645,tagimaine,lud,ADJ,задний,,1369,C2
6474,82116,70078,tagl,lud,NOUN,гриб-трутовик,polypore,113,A322
6475,81914,69915,tagle,lud,NOUN,гриб-трутовик,polypore,113,A322
6476,54537,48011,tagoda,lud,VERB,ковать (железо),,1004,B355
6477,76282,65115,tagoze,lud,ADV,взад,,,
6478,54533,48007,taguo,lud,VERB,ковать (железо),,1004,B355
6479,53540,47133,tahk,lud,NOUN,точило,,913,B351
6480,72882,62138,tahkadai,lud,NOUN,точильщик,,,
6481,53538,47131,tahko,lud,NOUN,точило,,913,B351
6482,52512,46199,tahkoda,lud,VERB,точить на точильном камне,,812,B324
6483,52510,46197,tahkota,lud,VERB,точить на точильном камне,,812,B324
6484,52513,46200,tahkotta,lud,VERB,точить на точильном камне,,812,B324
6485,52633,46312,tahn,lud,NOUN,двор для скота,,824,B331
6486,52634,46313,tahne,lud,NOUN,двор для скота,,824,B331
6487,90525,77614,tahnuoi,lud,NOUN,подклеть,,,
6488,52635,46314,tahnus,lud,NOUN,двор для скота,,824,B331
6489,53850,47428,tahtas,lud,NOUN,тесто,,944,B352
6490,53851,47429,tahtaz,lud,NOUN,тесто,,944,B352
6491,49517,43398,tahtoda,lud,VERB,намереваться,,575,B17
6492,51278,43398,tahtoda,lud,VERB,хотеть,,716,B22
6493,78568,67132,tahtuda,lud,VERB,"желать, хотеть",,,
6494,51218,44996,tahtuoda,lud,VERB,хотеть,,716,B22
6495,56408,49627,taibal,lud,NOUN,"путь, расстояние",,1183,B38
6496,78092,66706,taid,lud,NOUN,искусство,,,
6497,15929,14366,taidelii,lud,NOUN,художник,,,
6498,34990,30099,taigin,lud,NOUN,квашня,,1135,B373
6499,34991,30099,taigin,lud,NOUN,тесто,,,
6500,53414,47017,taimen’,lud,NOUN,рассада,,900,B34
6501,54640,48096,tain,lud,NOUN,"веретено, полное пряжи",,1015,B356
6502,54641,48097,taine,lud,NOUN,"веретено, полное пряжи",,1015,B356
6503,16112,14549,taivahankarvaane,lud,ADJ,голубой,,,
6504,42058,36362,taivas,lud,NOUN,небо,sky,2,A11
6505,42060,36364,taivaz,lud,NOUN,небо,sky,2,A11
6506,58624,51646,tajembaine,lud,ADJ,задний,,1369,C2
6507,89708,76802,takaz,lud,ADV,назад,,,
6508,51774,45527,takk,lud,NOUN,ноша,,752,B31
6509,51775,45528,takke,lud,NOUN,ноша,,752,B31
6510,50190,44012,talkkun,lud,NOUN,толокно,,634,B181
6511,78737,67277,talkun,lud,NOUN,толокно,,634,B181
6512,47702,41738,tallata,lud,VERB,наступать (ногой),,454,B15
6513,53039,46688,talle,lud,NOUN,шкура,,863,B331
6514,53549,47142,tallt,lud,NOUN,долото,,914,B351
6515,56306,49566,talme,lud,NOUN,пятно (на одежде),,1177,B375
6516,55270,48632,talo,lud,NOUN,"изба, дом",,1074,B371
6517,74616,63673,taloi,lud,NOUN,дом,,,
6518,54411,47905,taltata,lud,VERB,долбить,,995,B354
6519,33484,28824,taltte,lud,NOUN,долото,,914,B351
6520,55271,48633,taluo,lud,NOUN,"изба, дом",,1074,B371
6521,3550,3520,taluoi,lud,NOUN,дом,,1074,B371
6522,90684,77774,talutelta,lud,VERB,держать,,,
6523,59384,52345,talv,lud,NOUN,зима,,1425,C3
6524,34887,30005,talvi,lud,NOUN,зима,,1425,C3
6525,53038,46687,tal’l’,lud,NOUN,шкура,,863,B331
6526,16104,14541,tal’v,lud,NOUN,зима,,1425,C3
6527,16101,14538,tal’vkuu,lud,NOUN,декабрь,,,
6528,43167,37413,tammi,lud,NOUN,дуб,oak,110,A322
6529,52866,37413,tammi,lud,NOUN,кобыла,,835,B331
6530,77178,65866,tanc,lud,NOUN,танец,,,
6531,89702,76796,tander,lud,NOUN,твёрдая земля,,,
6532,72906,62159,tapant,lud,NOUN,убийство,,,
6533,54271,47807,tappada,lud,VERB,убивать,,983,B353
6534,54272,47808,tappai,lud,VERB,убивать,,983,B353
6535,52411,46099,tapta,lud,VERB,молотить,,802,B323
6536,78198,66797,tarbiž,lud,X,"нужно, необходимо",,,
6537,54225,47761,tarboda,lud,VERB,ботать,,979,B353
6538,54226,47762,tarbuota,lud,VERB,ботать,,979,B353
6539,45611,39780,targeta,lud,VERB,сметь,,295,B11
6540,51153,44938,tark,lud,ADJ,умный,,710,B21
6541,78101,66715,tarkah,lud,ADV,внимательно,,,
6542,76259,65093,tarkas,lud,ADV,бережно,,,
6543,76260,65094,tarkašči,lud,ADV,бережно,,,
6544,76296,65094,tarkašči,lud,ADV,внимательно,,,
6545,76297,65094,tarkašči,lud,ADV,тщательно,,,
6546,76724,65484,tarkkaa,lud,ADV,чётко,,,
6547,47964,41979,tarttuda,lud,VERB,"липнуть, прилипать",,473,B15
6548,47965,41980,tartuda,lud,VERB,"липнуть, прилипать",,473,B15
6549,73288,62484,tartuskendelta,lud,VERB,цепляться,,,
6550,78736,67276,tart’uda,lud,VERB,"липнуть, прилипать",,473,B15
6551,78235,66828,tarvita,lud,VERB,нуждаться,,,
6552,90345,77420,tasuita,lud,VERB,перетаскивать,,,
6553,90346,77420,tasuita,lud,VERB,перетасовывать,,,
6554,90178,77256,tata,lud,NOUN,"отец, папа",,,
6555,90241,77317,tati,lud,NOUN,отец,,,
6556,16118,14555,tatoi,lud,NOUN,отец,,,
6557,56850,49982,tatta,lud,NOUN,отец,,1220,B412
6558,90132,77210,tatti,lud,NOUN,отец,,,
6559,56851,49983,tattuoi,lud,NOUN,отец,,1220,B412
6560,48660,42609,taudi,lud,NOUN,"болезнь, недуг, нездоровье",,517,B16
6561,50189,44011,taukun,lud,NOUN,толокно,,634,B181
6562,53551,47144,taut,lud,NOUN,долото,,914,B351
6563,53550,47143,taute,lud,NOUN,долото,,914,B351
6564,55001,48394,tavar,lud,NOUN,товар,,1049,B36
6565,15992,14429,tavaranlauk,lud,NOUN,универмаг	,,,
6566,25055,22271,tavarlauk,lud,NOUN,универмаг,,,
6567,44651,38859,tavi,lud,NOUN,чирок,"teal (a small freshwater duck, typically with a greenish ban",220,A42
6568,58785,51796,taza,lud,ADJ,"гладкий, ровный",,1382,C2
6569,58784,51795,tazaine,lud,ADJ,"гладкий, ровный",,1382,C2
6570,16151,14590,tazavald,lud,NOUN,республика,,,
6571,90070,77148,tačke,lud,NOUN,"тачка, бричка",,,
6572,56303,49563,tačm,lud,NOUN,пятно (на одежде),,1177,B375
6573,56304,49564,tačme,lud,NOUN,пятно (на одежде),,1177,B375
6574,15965,14402,teatr,lud,NOUN,театр,,,
6575,44752,38956,tedri,lud,NOUN,тетерев,black grouse,230,A42
6576,44755,38959,tedr’,lud,NOUN,тетерев,black grouse,230,A42
6577,15909,14346,tehnikum,lud,NOUN,техникум,,,
6578,51740,45493,tehta,lud,VERB,делать,,749,B31
6579,74671,63726,tekst,lud,NOUN,текст,,,
6580,53556,47149,tela,lud,NOUN,подмостки для вытаскивания лодки на берег,,915,B351
6581,56423,49642,teleg,lud,NOUN,телега,,1186,B38
6582,25037,22253,televiizor,lud,NOUN,телевизор,,,
6583,74642,63700,televizor,lud,NOUN,телевизор,,,
6584,89870,76961,tel’ek,lud,NOUN,телега,,,
6585,47572,41620,tembaita,lud,VERB,схватить,,445,B15
6586,91317,78397,temničče,lud,NOUN,темница,,,
6587,78465,67038,teplič,lud,NOUN,теплица,,,
6588,53582,47175,tera,lud,NOUN,острие,,920,B351
6589,54927,47175,tera,lud,NOUN,ширина полотна,,1031,B356
6590,76269,65103,teramb,lud,ADV,быстрее,,,
6591,76638,65103,teramb,lud,ADV,поскорее,,,
6592,53592,47185,terav,lud,ADJ,острый,,921,B351
6593,59165,52139,teravas,lud,ADV,быстро,,1409,C3
6594,76254,65088,teravasti,lud,ADV,бегло,,,
6595,53482,47083,terv,lud,NOUN,смола перегнанная,,907,B34
6596,76253,65087,tervai,lud,ADV,бегло,,,
6597,76315,65087,tervai,lud,ADV,вскоре,,,
6598,76316,65087,tervai,lud,ADV,наскоро,,,
6599,76317,65087,tervai,lud,ADV,скоро,,,
6600,76318,65087,tervai,lud,ADV,срочно,,,
6601,76563,65343,tervašči,lud,ADV,наскоро,,,
6602,53483,47084,terve,lud,NOUN,смола перегнанная,,907,B34
6603,91463,78543,terveh,lud,X,здравствуй (приветствие),,,
6604,48560,42518,terveh,lud,ADJ,здоровый (не больной),,512,B16
6605,51432,45200,tervehtada,lud,VERB,целовать,,729,B22
6606,16043,14480,tervehyz,lud,NOUN,здоровье	,,,
6607,91217,78306,tervekattil,lud,NOUN,смоляная бочка,,,
6608,16064,14501,tervheks,lud,INTJ,Здравствуй(те)!,,,
6609,59164,52138,terväh,lud,ADV,"быстро, скоро",,1409,C3
6610,53581,47174,terä,lud,NOUN,острие,,920,B351
6611,54926,47174,terä,lud,NOUN,ширина полотна,,1031,B356
6612,54556,48030,teräs,lud,NOUN,сталь,,1007,B355
6613,53591,47184,teräv,lud,ADJ,острый,,921,B351
6614,76255,65089,teräväi,lud,ADV,бегло,,,
6615,76671,65089,teräväi,lud,ADV,скоропостижно,,,
6616,76256,65090,terävää,lud,ADV,бегло,,,
6617,72876,62134,tetradi,lud,NOUN,тетрадь,,,
6618,56363,49582,tie,lud,NOUN,дорога,,1179,B38
6619,77895,66525,tied,lud,NOUN,знание,,,
6620,57828,50912,tiedo,lud,NOUN,весть,,1298,B51
6621,84486,50912,tiedo,lud,NOUN,"данные, сведения",,,
6622,15930,14367,tiedomiez’,lud,NOUN,ученый ,,,
6623,58131,51193,tieduoinikk,lud,NOUN,колдун,,1323,B52
6624,58133,51195,tieduoinikka,lud,NOUN,колдун,,1323,B52
6625,25051,22267,tiedustada,lud,VERB,узнавать,,707,B21
6626,81913,69914,tiedustai,lud,VERB,узнавать,,707,B21
6627,77875,66506,tiedustaj,lud,NOUN,исследователь,,,
6628,78217,66813,tiedustelta,lud,VERB,навещать,,,
6629,77925,66555,tiedustus,lud,NOUN,исследование,,,
6630,58132,51194,tiedäi,lud,NOUN,колдун,,1323,B52
6631,91238,78327,tiedämätöi,lud,ADJ,незнакомый,,,
6632,51099,44886,tieta,lud,VERB,знать,,706,B21
6633,51100,44887,tietta,lud,VERB,знать,,706,B21
6634,78157,66757,tiettav,lud,X,известно,,,
6635,76492,65283,tiettavaine,lud,ADV,известно,,,
6636,76513,65297,tiettavašči,lud,X,конечно,,,
6637,34903,30021,tiettäväine,lud,ADV,известно,,,
6638,73084,62313,tietä,lud,VERB,знать,,,
6639,72786,62048,tiešuaraine,lud,NOUN,росстань (тропинка в лес с дороги),,,
6640,58731,51742,tihed,lud,ADJ,частый,,1379,C2
6641,45370,39556,tihed,lud,NOUN,мошка,,279,A44
6642,45355,39542,tihi,lud,NOUN,мошка,,279,A44
6643,45358,39545,tihu,lud,NOUN,мошка,,279,A44
6644,90578,77666,tiif,lud,NOUN,тиф,,,
6645,52925,46574,tiineh,lud,ADJ,беременный (о животных),,853,B331
6646,72901,62154,tiinu,lud,NOUN,тын,,,
6647,44540,38748,tikk,lud,NOUN,дятел,woodpecker,212,A42
6648,34830,29950,tikku,lud,NOUN,дятел,woodpecker,212,A42
6649,54759,48215,tikuttada,lud,VERB,вязать,,1027,B356
6650,49295,43205,tila,lud,NOUN,место,,558,B17
6651,25014,22230,tili,lud,NOUN,счёт (банковский),,,
6652,90124,77202,tilifon,lud,NOUN,телефон,,,
6653,54792,48248,tilkku,lud,NOUN,лоскут,,1032,B356
6654,42837,37100,tina,lud,NOUN,свинец,lead (metal),75,A22
6655,72692,37100,tina,lud,NOUN,олово,,,
6656,42308,36601,tippida,lud,VERB,капать,"to drip, to dribble",24,A12
6657,42309,36602,tippuda,lud,VERB,капать,"to drip, to dribble",24,A12
6658,73260,62457,tirpada,lud,VERB,терпеть,,,
6659,48918,42856,tirppada,lud,VERB,терпеть,,533,B16
6660,48920,42858,tirppai,lud,VERB,терпеть,,533,B16
6661,48922,42860,tirpta,lud,VERB,терпеть,,533,B16
6662,77317,65993,tiä,lud,ADV,здесь,,,
6663,91329,78409,tiäh,lud,POSTP,из-за,,,
6664,34878,29996,tiähti,lud,NOUN,звезда,star,7,A11
6665,55600,29996,tiähti,lud,NOUN,"знак, метка",,1085,B372
6666,42138,36435,tiäht’,lud,NOUN,звезда,star,7,A11
6667,55597,36435,tiäht’,lud,NOUN,"знак, метка",,1085,B372
6668,81878,69883,tiäi,lud,NOUN,вошь,,,
6669,45875,40029,tobde,lud,ADJ,большой,,323,B12
6670,91805,78878,tobdemb,lud,ADJ,больше,,,
6671,45553,39722,tobd’,lud,ADJ,высокий,,291,B11
6672,45873,39722,tobd’,lud,ADJ,большой,,323,B12
6673,78063,66677,todehine,lud,ADJ,"настоящий, истинный",,,
6674,51036,44823,toimittada,lud,VERB,понимать,,702,B21
6675,16079,14516,toine,lud,ADJ,другой,,,
6676,72576,61852,toine,lud,NUM,второй,,,
6677,48506,42470,toivotada,lud,VERB,обещать,,508,B15
6678,34425,29609,toivottada,lud,VERB,надеяться,,508,B15
6679,76498,65288,toiči,lud,ADV,иногда,,,
6680,90959,78045,toišči,lud,ADV,в другой раз,,,
6681,73134,62358,toižele fatierale mänen,lud,PHRASE,перебираться (на другую квартиру),,,
6682,89805,76897,toko,lud,ADV,только,,,
6683,83337,71048,tolk,lud,NOUN,"смысл, толк",,,
6684,91146,78236,tolkuita,lud,VERB,толковать,,,
6685,78475,67048,tomat,lud,NOUN,"помидор, томат",,,
6686,56319,49579,tomu,lud,NOUN,пыль,,1178,B375
6687,55351,48704,topp,lud,NOUN,"сор, мусор",,1083,B371
6688,55352,48705,toppe,lud,NOUN,"сор, мусор",,1083,B371
6689,72647,61921,tora,lud,NOUN,драка,,,
6690,49644,43525,torata,lud,VERB,драться,,587,B17
6691,49645,43526,toratta,lud,VERB,драться,,587,B17
6692,16049,14486,torelk,lud,NOUN,тарелка,,,
6693,72871,62130,torelke,lud,NOUN,тарелка,,,
6694,90727,77815,torevuda,lud,VERB,драться,,,
6695,72884,62140,torgovče,lud,NOUN,торговец,,,
6696,72885,62141,torgu,lud,NOUN,торговля,,,
6697,25053,22269,tori,lud,NOUN,рынок,,,
6698,45176,39367,torokan,lud,NOUN,таракан,,266,A44
6699,91466,78546,toroke,lud,NOUN,"торока (тороки) – ремни позади седла для привязывания к нему груза, дорожного мешка",,,
6700,72883,62139,torppe,lud,NOUN,торпа,,,
6701,50082,43917,totkud,lud,NOUN,потроха рыбы,,623,B181
6702,52377,46066,tougo,lud,NOUN,яровые злаки,,799,B322
6703,45149,39340,toukke,lud,NOUN,личинка (под корой дерева),,264,A44
6704,72663,61933,tovarat,lud,NOUN,материя,,,
6705,83492,71170,tovariš,lud,NOUN,"друг, товарищ",,,
6706,85935,73353,tovarišše,lud,NOUN,"друг, товарищ",,,
6707,15920,14357,tovestuz,lud,NOUN,свидетельство,,,
6708,78708,67250,tozi,lud,NOUN,правда,,743,B23
6709,51656,45417,tozi,lud,NOUN,правда,,743,B23
6710,90844,77928,točno,lud,ADV,точно,,,
6711,90157,77235,toččida,lud,VERB,точить,,,
6712,59222,52196,tošargi,lud,NOUN,вторник,,1413,C3
6713,89773,76866,tošo,lud,ADV,тоже,,,
6714,89685,76780,tošpäin,lud,ADV,на другой день,,,
6715,90884,77966,tošti,lud,ADV,в другой раз,,,
6716,89852,76943,tošči,lud,ADV,иногда,,,
6717,91247,78335,toššupäivän,lud,ADV,на другой день,,,
6718,59223,52197,tožar’g’,lud,NOUN,вторник,,1413,C3
6719,89831,76923,tože,lud,PART,тоже,,,
6720,51648,45409,toži,lud,NOUN,правда,,743,B23
6721,59221,52195,tožinar’g,lud,NOUN,вторник,,1413,C3
6722,76649,65415,tožišči,lud,ADV,правдиво,,,
6723,16082,14519,tožnarg,lud,NOUN,вторник,,1413,C3
6724,16161,14601,tožo,lud,ADV,тоже,,,
6725,91142,78232,trahtier,lud,NOUN,трактир,,,
6726,77291,65968,traktor,lud,NOUN,трактор,,,
6727,91397,78483,trebuita,lud,VERB,требовать,,,
6728,72890,62145,treske,lud,NOUN,треска,,,
6729,90978,78064,trevooge,lud,NOUN,тревога,,,
6730,91764,78836,trevožida,lud,VERB,беспокоить,,,
6731,72548,61826,trezvuoi,lud,ADJ,трезвый,,,
6732,72888,62144,treščotke,lud,NOUN,трещетка,,,
6733,72891,62146,troike,lud,NOUN,тройка,,,
6734,91390,78476,tropinke,lud,NOUN,тропинка,,,
6735,72730,61995,truatte,lud,NOUN,потрава,,,
6736,73266,62463,truattida,lud,VERB,тратить,,,
6737,53343,46949,truba,lud,NOUN,пастуший рожок,,892,B334
6738,72889,46949,truba,lud,NOUN,труба,,,
6739,72608,61884,trudno,lud,ADV,трудно,,,
6740,73761,62868,trudodni,lud,NOUN,трудодни,,,
6741,50354,44171,trupk,lud,NOUN,трубка,,649,B181
6742,50358,44175,trupke,lud,NOUN,трубка,,649,B181
6743,72894,62149,trusse,lud,NOUN,трус,,,
6744,72893,62148,tr’aske,lud,NOUN,тряска,,,
6745,72936,62185,tsari,lud,NOUN,царь,,,
6746,58742,51753,tuagei,lud,ADJ,частый,,1379,C2
6747,58958,51969,tuanna,lud,ADV,туда,,1393,C2
6748,83345,71054,tuas,lud,ADV,"опять, снова",,,
6749,16117,14554,tuat,lud,NOUN,отец,,1220,B412
6750,56931,50063,tuatandam,lud,NOUN,отчим,,1224,B412
6751,16141,14578,tuatindam,lud,NOUN,отчим,,1224,B412
6752,56930,50062,tuatindama,lud,NOUN,отчим,,1224,B412
6753,89669,76764,tuattah,lud,NOUN,(его) отец,,,
6754,56841,49973,tuatto,lud,NOUN,отец,,1220,B412
6755,72872,62131,tuaze,lud,NOUN,таз,,,
6756,72870,62129,tuačke,lud,NOUN,тачка,,,
6757,91001,78089,tufliine,lud,NOUN,туфелька,,,
6758,90977,78063,tuflit,lud,NOUN,туфли,,,
6759,15883,14320,tuha,lud,NUM,тысяча,,1361,C1
6760,43833,38064,tuhd’o,lud,NOUN,куст,"bush, shrub",148,A35
6761,56151,49425,tuhk,lud,NOUN,зола,,1163,B374
6762,56149,49423,tuhka,lud,NOUN,зола,,1163,B374
6763,76475,65274,tuhkasua,lud,ADV,дотла,,,
6764,56153,49427,tuhke,lud,NOUN,пепел (зола),,1163,B374
6765,76573,65350,tuhmašči,lud,ADV,некрасиво,,,
6766,16071,14508,tuhu,lud,NOUN,метель,"blizzard, snowstorm",38,A12
6767,56362,14508,tuhu,lud,NOUN,пыль,,,
6768,16091,14528,tuhukuu,lud,NOUN,февраль,,,
6769,90877,77959,tuhuta,lud,VERB,мести (о метели),,,
6770,42465,36752,tuisku,lud,NOUN,метель,"blizzard, snowstorm",38,A12
6771,46013,40156,tukad,lud,NOUN,волосы на голове,,333,B12
6772,52456,46144,tukk,lud,NOUN,"пучок, связка (соломы)",,806,B323
6773,52579,46144,tukk,lud,NOUN,куча,,817,B324
6774,72831,62092,tukke,lud,NOUN,волос,,,
6775,35065,30171,tukku,lud,NOUN,куча,,817,B324
6776,52076,30171,tukku,lud,NOUN,навозная куча,,,
6777,72552,61829,tukkunaine,lud,ADJ,целый,,,
6778,72609,61885,tukul,lud,ADV,целиком,,,
6779,34410,29594,tulda,lud,VERB,"прийти, приходить",,495,B15
6780,42323,29594,tulda,lud,VERB,дуть (о ветре),to blow,26,A12
6781,83341,29594,tulda,lud,VERB,становиться,,,
6782,73043,62277,tuldattoda,lud,VERB,веять,,,
6783,56001,49295,tulehmo,lud,NOUN,"загнетка (место на шестке или в самой русской печи (около устья), куда сгребают горящие угли)",,1146,B374
6784,91224,78313,tulev,lud,ADJ,будущий,,,
6785,56041,49335,tuli,lud,NOUN,огонь,,1151,B374
6786,86242,73624,tuli,lud,NOUN,свет,,,
6787,73186,49335,tuli,lud,NOUN,приезд,,,
6788,89849,76940,tulifonari,lud,NOUN,"керосиновая лампа, фонарь",,,
6789,78172,66772,tulij,lud,ADJ,будущий,,,
6790,91670,78744,tulos,lud,NOUN,"результат, итог",,,
6791,45863,40021,tulovišč,lud,NOUN,туловище,,322,B12
6792,45864,40022,tulovišš,lud,NOUN,туловище,,322,B12
6793,52438,46126,tultta,lud,VERB,веять,,804,B323
6794,56031,49325,tulukset,lud,NOUN,принадлежности для высекания огня (огниво и кремень),,1148,B374
6795,72899,62153,tuluppe,lud,NOUN,тулуп,,,
6796,42283,36576,tuman,lud,NOUN,туман,fog,20,A12
6797,50150,43985,tumeh,lud,NOUN,плесень,,631,B181
6798,51113,44900,tundustada,lud,VERB,узнавать,,707,B21
6799,51111,44898,tunduškata,lud,VERB,узнавать,,707,B21
6800,47360,41437,tungeda,lud,VERB,"заталкивать, запихивать (во что-либо)",,432,B15
6801,47595,41437,tungeda,lud,VERB,толкать,,446,B15
6802,73254,41437,tungeda,lud,VERB,совать,,,
6803,47363,41439,tunkta,lud,VERB,"заталкивать, запихивать (во что-либо)",,432,B15
6804,47602,41439,tunkta,lud,VERB,толкать,,446,B15
6805,73740,62850,tuoda,lud,VERB,приносить,,,
6806,73741,62850,tuoda,lud,VERB,подносить,,,
6807,73742,62850,tuoda,lud,VERB,привезти,,,
6808,58924,51935,tuoga,lud,ADV,там,,1392,C2
6809,91760,78832,tuoh,lud,NOUN,береста,,,
6810,43089,37342,tuohi,lud,NOUN,"березовая кора, береста",birchbark,100,A321
6811,32620,28256,tuohte,lud,NOUN,береста,,,
6812,56160,49434,tuohus,lud,NOUN,свеча,,1165,B374
6813,56163,49437,tuohuz,lud,NOUN,свеча,,1165,B374
6814,43093,37346,tuoh’,lud,NOUN,"березовая кора, береста",birchbark,100,A321
6815,58931,51942,tuol,lud,ADV,там,,1392,C2
6816,43256,37501,tuom,lud,NOUN,черемуха,"A cherry tree, Prunus padus",119,A322
6817,57451,50548,tuomaine,lud,NOUN,гостинец,,1267,B43
6818,43253,37498,tuomi,lud,NOUN,черемуха,"A cherry tree, Prunus padus",119,A322
6819,78031,66650,tuonilmaine,lud,NOUN,"мир иной, загробный мир",,,
6820,58951,51962,tuonne,lud,ADV,туда,,1393,C2
6821,43336,37579,tuoreh,lud,ADJ,незрелый (о ягодах),unripe,126,A323
6822,43333,37576,tuores,lud,ADJ,незрелый (о ягодах),unripe,126,A323
6823,72544,37576,tuores,lud,ADJ,сырой,,,
6824,91107,78199,tupičče,lud,NOUN,тупой топор,,,
6825,44180,38397,turb,lud,NOUN,морда,"face of an animal, muzzle, snout",177,A412
6826,44181,38398,turbe,lud,NOUN,морда,"face of an animal, muzzle, snout",177,A412
6827,51972,45705,turbota,lud,VERB,набухать,,769,B321
6828,51969,45702,turbuo,lud,VERB,набухать,,769,B321
6829,15960,14397,turist,lud,NOUN,турист,,,
6830,50481,44294,turkki,lud,NOUN,шуба,,662,B182
6831,58149,51211,turme,lud,NOUN,порча (в поверьях),,1324,B52
6832,51356,45124,tusk,lud,NOUN,"печаль, тоска",,724,B22
6833,51358,45126,tuske,lud,NOUN,"печаль, тоска",,724,B22
6834,51312,45080,tuskelzuda,lud,VERB,сердиться,,721,B22
6835,51314,45082,tuskevuda,lud,VERB,сердиться,,721,B22
6836,51316,45084,tustuuda,lud,VERB,сердиться,,721,B22
6837,51112,44899,tuta,lud,VERB,узнавать,,707,B21
6838,78195,44899,tuta,lud,VERB,чувствовать,,,
6839,54721,48177,tutkaimet,lud,NOUN,конец нитчёнок,,1024,B356
6840,54719,48175,tutkamet,lud,NOUN,конец нитчёнок,,1024,B356
6841,77905,66535,tutkii,lud,NOUN,исследователь,,,
6842,51110,44897,tutta,lud,VERB,узнавать,,707,B21
6843,49651,43532,tuttab,lud,ADJ,знакомый,,588,B17
6844,78735,67275,tuttau,lud,ADJ,знакомый,,588,B17
6845,34892,30010,tuttav,lud,ADJ,знакомый,,,
6846,78280,66867,tuttavoidakse,lud,VERB,знакомиться,,,
6847,73085,62314,tuttavuda,lud,VERB,знакомиться,,,
6848,86072,73476,tuttavuda,lud,VERB,знакомиться,,,
6849,56992,50124,tuudittai,lud,VERB,"качать, укачивать (ребенка в колыбели)",,1230,B412
6850,43665,37904,tuul,lud,NOUN,ветер,wind,25,A12
6851,54091,47627,tuulas,lud,NOUN,острога,,964,B353
6852,52442,46130,tuulattada,lud,VERB,"веять, провеивать",,804,B323
6853,42322,36615,tuulda,lud,VERB,дуть (о ветре),to blow,26,A12
6854,52440,46128,tuuldai,lud,VERB,веять,,804,B323
6855,33396,28749,tuuli,lud,NOUN,ветер,,,
6856,91214,78303,tuulovišše,lud,NOUN,туловище,,,
6857,52437,46125,tuulta,lud,VERB,веять,,804,B323
6858,42315,36608,tuul’,lud,NOUN,ветер,wind,25,A12
6859,54068,47604,tuul’astada,lud,VERB,лучить рыбу,,962,B353
6860,42349,36640,tuul’hagar,lud,NOUN,вихрь,whirlwind,28,A12
6861,16070,14507,tuuč,lud,NOUN,"метель, пурга, вьюга  ","blizzard, snowstorm",38,A12
6862,33394,28747,tuuče,lud,NOUN,"вьюга (туча, курево)",,,
6863,42477,36764,tuučče,lud,NOUN,метель,"blizzard, snowstorm",38,A12
6864,72897,36764,tuučče,lud,NOUN,туча,,,
6865,91743,78815,tuvletoine,lud,ADJ,безветренный,,,
6866,45946,40095,tyhde,lud,ADJ,слабый (о человеке),,327,B12
6867,58471,40095,tyhde,lud,ADJ,"пустой, порожний",,1327,C1
6868,76635,65402,tyhdälla,lud,ADV,порожняком,,,
6869,76311,65137,tyhdää,lud,ADV,впустую,,,
6870,45944,40093,tyhd’,lud,ADJ,слабый (о человеке),,327,B12
6871,58470,40093,tyhd’,lud,ADJ,"пустой, порожний",,1327,C1
6872,45947,40096,tyhj,lud,ADJ,слабый (о человеке),,327,B12
6873,58212,51259,tyhje,lud,ADJ,"пустой, порожний",,1327,C1
6874,82086,51259,tyhje,lud,ADJ,ложь (пустое),,,
6875,72595,61871,tyhjäle,lud,ADV,попусту,,,
6876,91774,78847,tykettada,lud,VERB,"биться (о сердце, пульсе)",,,
6877,82118,70080,tykita,lud,VERB,конопатить,,1089,B372
6878,72905,62158,tykke,lud,NOUN,тюк,,,
6879,72549,61827,tyl’če,lud,ADJ,тупой,,,
6880,55432,48775,typitä,lud,VERB,конопатить,,1089,B372
6881,55433,48776,typpida,lud,VERB,конопатить,,1089,B372
6882,73077,62307,typpitä,lud,VERB,затыкать,,,
6883,34862,29980,typä,lud,NOUN,затычка,,,
6884,53348,46954,tyry,lud,NOUN,пастуший рожок,,892,B334
6885,72653,61924,tyrä,lud,NOUN,кила,,,
6886,20374,18332,tytar,lud,NOUN,дочь,,1232,B412
6887,20375,18332,tytar,lud,NOUN,девочка,,,
6888,16144,14581,tytrindam,lud,NOUN,падчерица,,,
6889,16048,14485,tytti,lud,NOUN,кукла ,,,
6890,77276,65953,tyttö,lud,NOUN,"девочка, девушка",,286,B11
6891,91201,78290,tyttöine,lud,NOUN,девушка,,,
6892,33485,28825,tytär,lud,NOUN,дочь,,1232,B412
6893,42608,36888,tywništuda,lud,VERB,"утихать, успокаиваться (о ветре, реке, море и т.п.)",to calm down,49,A21
6894,45482,39658,tyyni,lud,ADJ,"тихий, спокойный (о человеке)",,289,B11
6895,74610,63666,tyyništuda,lud,VERB,успокаиваться,,,
6896,45494,39667,tyyn’,lud,ADJ,"тихий, спокойный (о человеке)",,289,B11
6897,72904,62157,tyyryd,lud,NOUN,тюря,,,
6898,42609,36889,tyyunistydä,lud,VERB,"утихать, успокаиваться (о ветре, реке, море и т.п.)",to calm down,49,A21
6899,54634,48090,työ,lud,NOUN,кудель,,1014,B356
6900,16152,14591,työ,lud,PRON,вы,you,307,B11
6901,47408,41482,työndada,lud,VERB,"бросать, кидать",,435,B15
6902,16007,14444,työndamiine,lud,NOUN,посылка,,,
6903,49538,43419,työndyttädä,lud,VERB,провожать,,577,B17
6904,48122,42117,työndädä,lud,VERB,посылать,,482,B15
6905,47598,41637,työndäi,lud,VERB,толкать,,446,B15
6906,47601,41639,työndäätä,lud,VERB,подтолкнуть,,446,B15
6907,73296,62491,työtä,lud,VERB,"слать, посылать",,482,B15
6908,77158,65846,tägä,lud,PROPN,здесь,,,
6909,91136,78226,tägäl,lud,ADV,здесь,,,
6910,42905,37163,tähk,lud,NOUN,колос,ear (fruiting body of a grain plant),81,A31
6911,43776,37163,tähk,lud,NOUN,метелка овса,panicle,142,A33
6912,35010,30118,tähke,lud,NOUN,колос,ear (fruiting body of a grain plant),81,A31
6913,43778,30118,tähke,lud,NOUN,метелка овса,panicle,142,A33
6914,78189,66789,tähte,lud,POSTP,из-за,,,
6915,54642,48098,täin,lud,NOUN,"веретено, полное пряжи",,1015,B356
6916,55753,49062,täiz’,lud,ADJ,полный,,1120,B373
6917,59098,52072,tämbä,lud,ADV,сегодня,,1403,C3
6918,77329,66005,tämi,lud,PRON,эти,,,
6919,59095,52069,tämpäi,lud,ADV,сегодня,,1403,C3
6920,3486,3459,tämä,lud,PRON,"этот, эта, это",this,314,B11
6921,76664,65427,tänapä,lud,ADV,сегодня,,,
6922,58959,51970,tänne,lud,ADV,сюда,,1394,C2
6923,58962,51973,tännä,lud,ADV,сюда,,1394,C2
6924,59097,52071,tänämba,lud,ADV,сегодня,,1403,C3
6925,15893,14330,tänämbäa,lud,ADV,сегодня,,,
6926,59096,52070,tänäppä,lud,ADV,сегодня,,1403,C3
6927,59093,52067,tänäpäi,lud,ADV,сегодня,,1403,C3
6928,56288,49548,täpin,lud,NOUN,пятно (на одежде),,1177,B375
6929,77143,65831,täs,lud,PRON,здесь,,,
6930,34420,29604,täst,lud,ADV,здесь,,,
6931,90775,77863,tät’äv,lud,NOUN,перила,,,
6932,13610,12286,täuttädä,lud,VERB,заполнить,,,
6933,45536,39708,täuzigääne,lud,ADJ,взрослый,,290,B11
6934,45534,39706,täužig’aine,lud,ADJ,взрослый,,290,B11
6935,76685,65447,tävdes,lud,ADV,сполна,,,
6936,78049,66663,täydyda,lud,VERB,исполняться,,,
6937,78483,67056,täyttäda,lud,VERB,наполнить,,,
6938,55752,49061,täyz,lud,ADJ,полный,,1120,B373
6939,55751,49060,täyze,lud,ADJ,полный,,1120,B373
6940,55747,49056,täyzi,lud,ADJ,полный,,1120,B373
6941,16139,14576,täyzi-igaine,lud,NOUN,совершеннолетний,,,
6942,45535,39707,täyzigäine,lud,ADJ,взрослый,,290,B11
6943,90886,77968,töbrädä,lud,VERB,брести,,,
6944,83487,71165,tölletä,lud,VERB,околевать,,,
6945,90195,77273,töllötä,lud,VERB,"умирать, дохнуть (о скотине)",,,
6946,50084,43919,tötkud,lud,NOUN,потроха рыбы,,623,B181
6947,50083,43918,tötkyt,lud,NOUN,потроха рыбы,,623,B181
6948,78107,66721,tötoi,lud,NOUN,тётя,,,
6949,90282,77358,türme,lud,NOUN,тюрьма,,,
6950,90923,78004,tüveh,lud,POSTP,у,,,
6951,91032,78123,tüöndeltä,lud,VERB,толкать,,,
6952,72903,62156,t’aža,lud,NOUN,тяжа,,,
6953,90372,77445,t’ehnikume,lud,NOUN,техникум,,,
6954,84995,72505,t’ervas,lud,ADV,скоро,,,
6955,72879,62136,t’orke,lud,NOUN,тёрка,,,
6956,57217,50323,t’oska,lud,NOUN,тезка,,1251,B412
6957,15008,13528,t’otka,lud,NOUN,тётя,,,
6958,91254,78342,t’owta,lud,NOUN,тётя,,,
6959,72555,61832,t’yuni,lud,ADJ,тихий,,,
6960,72874,62132,t’ädi,lud,NOUN,тетка,,,
6961,54991,48384,uardeh,lud,NOUN,"клад, сокровище",,1047,B36
6962,51315,45083,uattuda,lud,VERB,сердиться,,721,B22
6963,52948,46597,ubar,lud,NOUN,вымя,,855,B331
6964,52702,46381,ubeh,lud,NOUN,жеребец,,831,B331
6965,56237,49497,uberida,lud,VERB,убирать (в доме),,1172,B375
6966,77327,66003,uborščic,lud,NOUN,уборщица,,,
6967,90487,77576,uborščiče,lud,NOUN,уборщица,,,
6968,14895,13423,udaluoi,lud,ADJ,удалый,,,
6969,52953,46602,udar,lud,NOUN,вымя,,855,B331
6970,52952,46601,udareh,lud,NOUN,вымя,,855,B331
6971,25016,22232,udostoverenii,lud,NOUN,удостоверение,,,
6972,16068,14505,udu,lud,NOUN,туман  ,,,
6973,42437,36725,udžve,lud,NOUN,иней,hoarfrost,36,A12
6974,72919,62170,ufatke,lud,NOUN,ухват,,,
6975,73760,62867,uglahin’e,lud,ADJ,угловой,,,
6976,90356,77429,ugoššenii,lud,NOUN,угощение,,,
6977,42748,37021,uhk,lud,NOUN,подснежная вода,snow water,64,A21
6978,42751,37022,uhkerdus,lud,NOUN,подснежная вода,snow water,64,A21
6979,42744,37017,uhku,lud,NOUN,подснежная вода,snow water,64,A21
6980,43434,37676,uhkuine,lud,NOUN,морошка,"cloudberry, Rubus chamaemorus",133,A323
6981,16029,14466,uidai,lud,NOUN,пловец,,,
6982,91687,78761,uidida,lud,VERB,уходить,,,
6983,49329,43239,uinda,lud,VERB,заснуть,,562,B17
6984,49327,43237,uinota,lud,VERB,заснуть,,562,B17
6985,49328,43238,uinotta,lud,VERB,заснуть,,562,B17
6986,47779,41814,uivada,lud,VERB,ползать,,459,B15
6987,48319,41814,uivada,lud,VERB,плавать,,496,B15
6988,48320,42298,ujelta,lud,VERB,плавать,,496,B15
6989,73217,62418,ujel’tä,lud,VERB,плавать,,,
6990,47783,41818,ujuda,lud,VERB,ползать,,459,B15
6991,48321,41818,ujuda,lud,VERB,плавать,,496,B15
6992,76305,65131,ujuh,lud,ADV,вплавь,,,
6993,73146,62370,ujuma,lud,ADV,вплавь,,,
6994,76306,65132,ujumah,lud,ADV,вплавь,,,
6995,72911,62163,ukazke,lud,NOUN,указка,,,
6996,16123,14560,ukk,lud,NOUN,муж,,1215,B411
6997,49474,14560,ukk,lud,NOUN,старик,,547,B17
6998,56815,14560,ukk,lud,NOUN,мужчина,,,
6999,46361,40490,ukkada,lud,VERB,кричать,,359,B12
7000,49150,43060,ukko,lud,NOUN,старик,,547,B17
7001,56807,43060,ukko,lud,NOUN,муж,,1215,B411
7002,42354,36645,ukonkuari,lud,NOUN,радуга,rainbow,29,A12
7003,46368,40497,ukota,lud,VERB,кричать,,359,B12
7004,15778,14220,ukrainalaine,lud,NOUN,украинец,,,
7005,78473,67046,ukrop,lud,NOUN,укроп,,,
7006,33476,28816,uksi,lud,NOUN,дверь,,1112,B372
7007,55675,48992,uks’,lud,NOUN,дверь,,1112,B372
7008,55674,48991,ukš,lud,NOUN,дверь,,1112,B372
7009,44204,38421,ulaata,lud,VERB,выть,to howl,179,A412
7010,45284,39474,ulitk,lud,NOUN,улитка,,274,A44
7011,51376,45144,ulveda,lud,VERB,плакать,,726,B22
7012,44203,38420,ulvoda,lud,VERB,выть,to howl,179,A412
7013,76536,65319,umbei,lud,ADV,наглухо,,,
7014,89867,76958,umbilambi,lud,NOUN,закрытая ламбушка,,,
7015,74681,63734,uneksida,lud,VERB,мечтать,,,
7016,77960,63734,uneksida,lud,VERB,бредить,,,
7017,91826,78899,unes pagišta,lud,PHRASE,бредить,,,
7018,49357,43267,uni,lud,NOUN,сон,,564,B17
7019,15948,14385,univermag,lud,NOUN,универмаг ,,,
7020,74696,63749,universitet,lud,NOUN,университет,,,
7021,15776,14218,unkarilaine,lud,NOUN,венгр ,,,
7022,51124,44911,unohtada,lud,VERB,забывать,,708,B21
7023,51125,44912,unohtai,lud,VERB,забывать,,708,B21
7024,48322,42299,upota,lud,VERB,тонуть,,497,B15
7025,48323,42300,upotta,lud,VERB,тонуть,,497,B15
7026,91736,78808,uraipäiväine,lud,ADJ,бедовый,,,
7027,51764,45517,urakke,lud,NOUN,подряд,,751,B31
7028,78521,67093,uravuda,lud,VERB,"сойти с ума, взбеситься",,,
7029,43005,37260,urbaane,lud,NOUN,почка (древесная),bud,89,A321
7030,43004,37259,urbe,lud,NOUN,почка (древесная),bud,89,A321
7031,45625,39794,urhakas,lud,ADJ,смелый,,296,B11
7032,78069,66683,urhotego,lud,NOUN,подвиг,,,
7033,90882,77964,urišta,lud,VERB,"выть, завывать",,,
7034,15901,14338,urok,lud,NOUN,урок	,,,
7035,72914,62165,uroke,lud,NOUN,урок,,,
7036,51760,45513,urokk,lud,NOUN,подряд,,751,B31
7037,52712,46391,uros,lud,NOUN,самец,,832,B331
7038,45419,39602,uroz,lud,NOUN,мужчина,,283,B11
7039,56812,39602,uroz,lud,NOUN,муж,,1215,B411
7040,72915,62166,ur’adnikke,lud,NOUN,урядник,,,
7041,46163,40303,usad,lud,NOUN,усы,,342,B12
7042,58120,51182,usk,lud,NOUN,вера,,1309,B52
7043,34243,29436,uskaata,lud,VERB,обещать,,508,B15
7044,48504,42468,uskaldai,lud,VERB,обещать,,508,B15
7045,48503,42467,uskalta,lud,VERB,обещать,,508,B15
7046,73042,62276,uskoda,lud,VERB,верить,,,
7047,74593,63649,uskomiine,lud,NOUN,поверье,,,
7048,58119,51181,uskonde,lud,NOUN,вера,,1309,B52
7049,46752,40855,ustav,lud,NOUN,сустав,,388,B12
7050,72916,62167,ut’ug,lud,NOUN,утюг,,,
7051,15989,14426,ut’užindanpert’,lud,NOUN,комната для глажения,,,
7052,77284,65961,uudessah,lud,ADV,снова,,,
7053,72604,61880,uudessai,lud,ADV,снова,,,
7054,55486,48829,uudim,lud,NOUN,полог,,1094,B372
7055,74704,63757,uudine,lud,NOUN,новость,,,
7056,53070,46719,uuhuine,lud,NOUN,овца (самка),,866,B331
7057,53071,46720,uuhut,lud,NOUN,овца (самка),,866,B331
7058,15970,14407,uulič,lud,NOUN,улица,,,
7059,74620,63678,uuličče,lud,NOUN,улица,,,
7060,50063,43898,uutta,lud,VERB,"отжимать, выжимать, пропуская через сито",,621,B181
7061,50061,43896,uuttada,lud,VERB,"отжимать, выжимать, пропуская через сито",,621,B181
7062,50062,43897,uuttai,lud,VERB,"отжимать, выжимать, пропуская через сито",,621,B181
7063,16162,14602,uuz,lud,ADJ,новый,,,
7064,50734,44529,uuze,lud,ADJ,новый,,681,B182
7065,16163,14603,uuzi,lud,ADJ,новый,,,
7066,50736,44531,uuz’,lud,ADJ,новый,,681,B182
7067,50735,44530,uuš,lud,ADJ,новый,,681,B182
7068,54209,47745,uušte,lud,NOUN,блесна,,978,B353
7069,73271,62467,uvažida,lud,VERB,уважать,,,
7070,76481,65280,uvdessaa,lud,ADV,заново,,,
7071,76482,65280,uvdessaa,lud,ADV,опять,,,
7072,76483,65280,uvdessaa,lud,ADV,снова,,,
7073,76484,65280,uvdessaa,lud,ADV,сызнова,,,
7074,52698,46377,uveh,lud,NOUN,жеребец,,831,B331
7075,91469,78548,uvolida,lud,VERB,уволить,,,
7076,91471,78548,uvolida,lud,VERB,освобождать,,,
7077,77319,65995,uvvessah,lud,ADV,снова,,,
7078,72909,62161,uzle,lud,NOUN,узел,,,
7079,49077,43010,uzohtin,lud,NOUN,насморк,,541,B16
7080,72921,62171,učenikke,lud,NOUN,ученик,,,
7081,90858,77943,učen’n’e,lud,NOUN,ученье,,,
7082,89871,76962,učit’el’,lud,NOUN,учитель,,,
7083,89873,76964,učit’el’nice,lud,NOUN,учительница,,,
7084,89798,76890,uččida,lud,VERB,учить,,,
7085,77286,65963,uččidakse,lud,VERB,учиться,,,
7086,57937,51001,uško,lud,NOUN,вера,,1309,B52
7087,78584,67143,vaa,lud,ADV,"только, лишь",,,
7088,49051,42984,vabišta,lud,VERB,дрожать,,539,B16
7089,48636,42585,vacanke,lud,ADJ,беременная,,516,B16
7090,81946,69937,vacc,lud,NOUN,живот,,395,B12
7091,89522,76624,vadi,lud,NOUN,блюдо,,,
7092,52248,45944,vadnas,lud,NOUN,лемех,,789,B321
7093,89985,77070,vad’d’,lud,NOUN,бадья,,,
7094,43281,37525,vagarm,lud,NOUN,малина,raspberry,122,A323
7095,45495,39668,vagav,lud,ADJ,"тихий, спокойный (о человеке)",,289,B11
7096,45497,39670,vagavaane,lud,ADJ,"тихий, спокойный (о человеке)",,289,B11
7097,76665,65428,vagavašči,lud,ADV,серьёзно,,,
7098,42610,36890,vagavuda,lud,VERB,"утихать, успокаиваться (о ветре, реке, море и т.п.)",to calm down,49,A21
7099,32640,28275,vago,lud,NOUN,борозда,,791,B321
7100,35134,30238,vaguoi,lud,NOUN,малина,raspberry,122,A323
7101,33380,28733,vaha,lud,NOUN,воск,,898,B34
7102,72626,61902,vahahine,lud,ADJ,восковой,,,
7103,72627,61903,vahahine tuohus,lud,PHRASE,восковая свеча,,,
7104,43976,38203,vahalauk,lud,NOUN,волнушка,milk-cap,158,A35
7105,43972,38199,vahalaukku,lud,NOUN,волнушка,milk-cap,158,A35
7106,43978,38205,vahalaukuoi,lud,NOUN,волнушка,milk-cap,158,A35
7107,43977,38204,vahačut,lud,NOUN,волнушка,milk-cap,158,A35
7108,49149,43059,vahn,lud,ADJ,старый (о человеке),,546,B17
7109,23946,21426,vahne,lud,ADJ,старый,,546,B17
7110,77297,65973,vahnemb,lud,ADJ,старше,,,
7111,16116,14553,vahnembad,lud,NOUN,родители,,,
7112,56833,49965,vahnembat,lud,NOUN,родители,,1219,B412
7113,78150,66750,vahnin,lud,ADJ,самый старый,,,
7114,82355,70267,vahnuz,lud,NOUN,старость,,,
7115,43232,37477,vahtar’,lud,NOUN,клен,maple,116,A322
7116,74634,63692,vai,lud,INTJ,только,,,
7117,88329,75520,vai,lud,PART,-ка,,,
7118,45712,39874,vaibuda,lud,VERB,устать,,303,B11
7119,45710,39872,vaiduda,lud,VERB,устать,,303,B11
7120,73089,62318,vaigattada,lud,VERB,капать,,,
7121,58246,51293,vaiget,lud,ADJ,тяжелый (по весу),,1329,C1
7122,55134,48518,vaihtada,lud,VERB,менять,,1062,B36
7123,46418,40545,vaikastuda,lud,VERB,замолчать,,361,B12
7124,48761,42705,vaikku,lud,NOUN,серная пробка в ухе,,523,B16
7125,78139,66745,vaiku,lud,ADV,лишь только,,,
7126,51362,45130,vaivata,lud,VERB,мучить,,725,B22
7127,73107,62334,vaivuda,lud,VERB,маяться,,,
7128,25022,22238,vajehtada,lud,VERB,"менять, поменять, обменять",,1062,B36
7129,90174,77252,vajehtel’ta,lud,VERB,"менять, обменивать",,,
7130,35760,30750,vajehtys,lud,NOUN,мена,,,
7131,78482,67055,vajeti,lud,ADV,молча,,,
7132,35043,30150,vakaine,lud,NOUN,коробка,,,
7133,56562,49747,vakk,lud,NOUN,черпак (в лодке),,1198,B38
7134,90713,77803,vakke,lud,NOUN,"короб, коробка",,,
7135,47954,41971,valada,lud,VERB,"лить, заливать",,472,B15
7136,15987,14424,valatti,lud,NOUN,душ,,,
7137,57871,50938,vald,lud,NOUN,воля,,1301,B51
7138,57872,50939,valde,lud,NOUN,воля,,1301,B51
7139,91756,78828,valgaita,lud,VERB,белить,,,
7140,43987,38212,valged,lud,ADJ,белый,white,159,A36
7141,32662,28297,valgedaine,lud,NOUN,белок,,,
7142,43986,38211,valgei,lud,ADJ,белый,white,159,A36
7143,48599,38211,valgei,lud,ADJ,бледный (о человеке),,514,B16
7144,84705,72238,valgištuda,lud,VERB,рассветать,,,
7145,73235,62435,valgota,lud,VERB,светать,,,
7146,47916,41939,valita,lud,VERB,выбирать,,470,B15
7147,47919,41942,valitta,lud,VERB,выбирать,,470,B15
7148,78600,67156,valičuz,lud,NOUN,правление,,,
7149,47917,41940,vallita,lud,VERB,выбирать,,470,B15
7150,55397,48740,valmistada,lud,VERB,строить (отделывать) дом,,1086,B372
7151,51819,45572,valmistai,lud,VERB,прибирать (в квартире),,754,B31
7152,52233,45929,valmiz,lud,ADJ,"спелый, зрелый",,787,B321
7153,52231,45927,valmiš,lud,ADJ,"спелый, зрелый",,787,B321
7154,55396,48739,valmištada,lud,VERB,строить (отделывать) дом,,1086,B372
7155,73261,62458,valuda,lud,VERB,течь,,,
7156,91851,78924,val’aita,lud,VERB,валять,,,
7157,52762,46441,val’had,lud,NOUN,"сбруя, упряжь",,837,B331
7158,52759,46438,val’l’ahuksed,lud,NOUN,"сбруя, упряжь",,837,B331
7159,89650,76746,val’l’astada,lud,VERB,запрягать лошадь,,,
7160,52760,46439,val’l’astus,lud,NOUN,"сбруя, упряжь",,837,B331
7161,73049,62283,val’mišttada,lud,VERB,готовить,,,
7162,54459,47953,vandeh,lud,NOUN,обруч (у бочки),,999,B354
7163,76320,65142,vanhas,lud,ADV,встарину,,,
7164,52249,45945,vannaz,lud,NOUN,лемех,,789,B321
7165,55174,48558,vara,lud,NOUN,запас,,1068,B36
7166,51205,44983,varaata,lud,VERB,бояться,,715,B22
7167,48445,42415,varaatta,lud,VERB,пугать,,504,B15
7168,76310,65136,varah,lud,ADV,впрок,,,
7169,91741,78813,varaimatoine,lud,ADJ,безбоязненный,,,
7170,51204,44982,varaita,lud,VERB,бояться,,715,B22
7171,51203,44981,varaitta,lud,VERB,бояться,,715,B22
7172,48443,42413,varaittai,lud,VERB,пугать,,504,B15
7173,76309,65135,varaks,lud,ADV,впрок,,,
7174,91766,78839,varamatoine,lud,ADJ,бесстрашный,,,
7175,48441,42411,varazoittada,lud,VERB,пугать,,504,B15
7176,72895,62150,varačču,lud,NOUN,трус,,,
7177,49655,43536,varačču,lud,ADJ,трусливый,,589,B17
7178,78242,66835,vardoiččii,lud,NOUN,"сторож, охранник",,,
7179,72835,62096,varduoita,lud,VERB,"беречь, хранить",,,
7180,55171,48555,varduota,lud,VERB,"беречь, хранить",,1066,B36
7181,47265,41350,vard’oita,lud,VERB,"охранять, сторожить",,427,B15
7182,47266,41351,vard’uoita,lud,VERB,"охранять, сторожить",,427,B15
7183,55251,41351,vard’uoita,lud,VERB,"беречь, хранить",,1066,B36
7184,47268,41353,vard’uota,lud,VERB,"охранять, сторожить",,427,B15
7185,77978,66604,varend’,lud,NOUN,варенье,,,
7186,33375,28728,vargas,lud,NOUN,вор,,,
7187,51509,45270,vargastada,lud,VERB,воровать,,732,B23
7188,51510,45271,vargastai,lud,VERB,воровать,,732,B23
7189,44766,38970,varoi,lud,NOUN,ворона,crow (bird),232,A42
7190,44780,38970,varoi,lud,NOUN,ворон,raven,233,A42
7191,72856,62117,varu,lud,NOUN,страх,,,
7192,44768,38972,varuo,lud,NOUN,ворона,crow (bird),232,A42
7193,44782,38972,varuo,lud,NOUN,ворон,raven,233,A42
7194,33378,28731,varuoi,lud,NOUN,ворона,crow (bird),232,A42
7195,44769,38973,varuu,lud,NOUN,ворона,crow (bird),232,A42
7196,91820,78893,varuč,lud,ADJ,боязливый,,,
7197,76659,65422,varučči,lud,ADV,робко,,,
7198,52748,46427,varz,lud,NOUN,жеребенок,,836,B331
7199,52750,46429,varzaane,lud,NOUN,жеребенок,,836,B331
7200,52749,46428,varzaine,lud,NOUN,жеребенок,,836,B331
7201,42895,37154,varzi,lud,NOUN,стебель травянистого растения,"stem, stalk",80,A31
7202,42899,37158,varz’,lud,NOUN,стебель травянистого растения,"stem, stalk",80,A31
7203,35754,30744,vaski,lud,NOUN,медь,copper,74,A22
7204,35755,30745,vaskine,lud,NOUN,медный,,,
7205,56201,49461,vast,lud,NOUN,веник,,1168,B375
7206,78486,67058,vastah,lud,ADV,навстречу,,,
7207,89680,76775,vastakkai,lud,ADV,"против, напротив",,,
7208,91669,78743,vastando,lud,NOUN,"приём, встреча",,,
7209,49620,43501,vastata,lud,VERB,отвечать,,584,B17
7210,57883,43501,vastata,lud,VERB,встречать,,1302,B51
7211,78559,67123,vastatakse,lud,VERB,встречаться,,,
7212,57879,50946,vastatta,lud,VERB,встречать,,1302,B51
7213,91116,78207,vastavuda,lud,VERB,"встретиться, идти навстречу",,,
7214,33393,28746,vaste,lud,NOUN,веник,,1168,B375
7215,13612,12288,vaste,lud,POSTP,напротив,,,
7216,76555,65336,vastevai,lud,ADV,намедни,,,
7217,78585,67144,vastha,lud,ADV,против,,,
7218,78586,67144,vastha,lud,ADV,навстречу,,,
7219,78587,67144,vastha,lud,ADV,в ответ,,,
7220,77984,66610,vastoidakse,lud,VERB,париться веником,,,
7221,77983,66609,vastoita,lud,VERB,парить веником,,,
7222,50858,44653,vastuodakseh,lud,VERB,париться (в бане),,690,B182
7223,42833,37097,vas’k,lud,NOUN,медь,copper,74,A22
7224,50374,44187,vate,lud,NOUN,одежда,,650,B182
7225,54893,44187,vate,lud,NOUN,"домотканая материя, ткань",,1012,B356
7226,72863,44187,vate,lud,NOUN,сукно,,1029,B356
7227,72543,61822,vattagine,lud,ADJ,суконный,,,
7228,16106,14543,vauged,lud,ADJ,белый,,,
7229,15769,14211,vaugedven’alaine,lud,NOUN,белорус,,,
7230,43988,38213,vauget,lud,ADJ,белый,white,159,A36
7231,48605,38213,vauget,lud,ADJ,бледный (о человеке),,514,B16
7232,52235,45931,vaumiš,lud,ADJ,"спелый, зрелый",,787,B321
7233,51820,45573,vaumištada,lud,VERB,прибирать (в квартире),,754,B31
7234,25032,22248,vaumiž,lud,ADJ,готовый,,,
7235,72875,62133,vazaine,lud,NOUN,теленок,,,
7236,35731,30722,vazaraine,lud,NOUN,молоточек,,909,B351
7237,76610,65381,vačal,lud,ADV,плашмя,,,
7238,78726,67265,vačanke,lud,ADJ, беременная,,516,B16
7239,48648,42597,vačankere,lud,ADJ,беременная,,516,B16
7240,46882,40981,vačč,lud,NOUN,живот,,395,B12
7241,32645,28280,vačče,lud,NOUN,живот,,395,B12
7242,42831,37095,vašk,lud,NOUN,медь,copper,74,A22
7243,58310,51357,ve,lud,ADV,еще,,1338,C1
7244,48337,42314,vedada,lud,VERB,возить,,498,B15
7245,33373,28726,vedehine,lud,NOUN,водяной,,,
7246,58068,51132,vederist,lud,NOUN,крещение,,1319,B52
7247,58069,51133,vederiste,lud,NOUN,крещение,,1319,B52
7248,58071,51135,vederistem,lud,NOUN,крещение,,1319,B52
7249,73029,62270,vedida,lud,VERB,впитывать,,,
7250,56396,49615,vedo,lud,NOUN,перевозка,,1182,B38
7251,48338,42315,vedädä,lud,VERB,"возить, ввозить",,498,B15
7252,84998,72508,vedädä,lud,VERB,вести,,,
7253,73198,42315,vedädä,lud,VERB,вправлять,,,
7254,73269,42315,vedädä,lud,VERB,тянуть,,,
7255,90960,78046,vedäldädä,lud,VERB,натягивать,,,
7256,90496,77584,vedäteltä,lud,VERB,водить,,,
7257,73021,62263,vedättädä,lud,VERB,водить (слепого),,,
7258,58309,51356,vee,lud,ADV,еще,,1338,C1
7259,90693,77784,veečore,lud,NOUN,"вечеринка, вечёра",,,
7260,57021,50153,veikki,lud,NOUN,брат,,1234,B412
7261,57022,50154,veikuoi,lud,NOUN,брат,,1234,B412
7262,53597,47190,veičč,lud,NOUN,нож,,922,B351
7263,53595,47188,veičči,lud,NOUN,"нож, ножик",,922,B351
7264,55113,48497,velg,lud,NOUN,долг,,1061,B36
7265,55115,48499,velge,lud,NOUN,долг,,1061,B36
7266,57019,50151,velle,lud,NOUN,брат,,1234,B412
7267,16126,14563,vel’l’,lud,NOUN,брат,,1234,B412
7268,89683,76778,vel’l’eksed,lud,NOUN,братья,,,
7269,32646,28281,vel’l’i,lud,NOUN,брат,,,
7270,15957,14394,veneh,lud,NOUN,лодка	,,1196,B38
7271,78281,66868,venä-kard’alaine,lud,ADJ,русско-карельский,,,
7272,77943,66572,venäläine,lud,ADJ,русский,,,
7273,33392,28745,venče,lud,NOUN,венец,,,
7274,77279,65956,ven’a,lud,NOUN,русский язык,,,
7275,25043,22259,ven’alaine,lud,ADJ,русский,,,
7276,57299,50403,ven’alaižet,lud,NOUN,русские,,1258,B42
7277,90320,77395,ven’čče,lud,NOUN,венец,,,
7278,57371,50472,vepsad,lud,NOUN,вепсы,,1262,B42
7279,15780,14222,vepsälaine,lud,NOUN,вепс ,,,
7280,78096,66710,vepsän,lud,ADJ,вепсский,,,
7281,55315,48668,veraa,lud,NOUN,двор (при доме),,1078,B371
7282,55720,48668,veraa,lud,NOUN,ворота,,1107,B372
7283,55636,48953,verai,lud,NOUN,ворота,,1107,B372
7284,33339,28695,verbl’ude,lud,NOUN,верблюд,,,
7285,51309,45077,verduda,lud,VERB,сердиться,,721,B22
7286,53233,46862,veres,lud,ADJ,свежий,,882,B333
7287,53236,46865,verez,lud,ADJ,свежий,,882,B333
7288,34998,30106,verge,lud,NOUN,клин (сколачивать пол),,,
7289,35050,30157,veri,lud,NOUN,кровь,,400,B12
7290,54097,47633,verk,lud,NOUN,сеть,,965,B353
7291,54096,47632,verkko,lud,NOUN,сеть,,965,B353
7292,16031,14468,verkkomiäčč,lud,NOUN,волейбол,,,
7293,16032,14469,verkkomiäččykižai,lud,NOUN,воллейболист,,,
7294,49742,43607,vero,lud,NOUN,прием пищи,,595,B181
7295,33363,28719,veräi,lud,NOUN,дверь,,,
7296,33364,28719,veräi,lud,NOUN,ворота,,1107,B372
7297,55314,48667,verää,lud,NOUN,двор (при доме),,1078,B371
7298,91210,78299,verške,lud,NOUN,вершок,,,
7299,33341,28697,vessel,lud,ADJ,весёлый,,,
7300,57586,50680,vessel,lud,NOUN,веселье,,1277,B43
7301,72572,61849,vessel,lud,ADV,весело,,,
7302,76281,65114,vesseläšči,lud,ADV,весело,,,
7303,54383,47877,vestada,lud,VERB,тесать,,991,B354
7304,54384,47878,vestädä,lud,VERB,тесать,,991,B354
7305,91492,78571,ves’s’el,lud,ADJ,весёлый,,,
7306,89830,76922,vet,lud,PART,ведь,,,
7307,52201,45897,veza,lud,NOUN,"отросток, побег",,785,B321
7308,33368,28722,vezi,lud,NOUN,вода,water,43,A21
7309,91308,78389,vezibruja,lud,NOUN,"предмет, с которым ходили за водой",,,
7310,72682,61950,vezihiiri,lud,NOUN,норка (животное),,,
7311,58070,51134,veziriste,lud,NOUN,крещение,,1319,B52
7312,58793,51804,veäre,lud,ADJ,кривой (о предмете),,1383,C2
7313,33345,28701,večerni,lud,NOUN,вечерня,,,
7314,42543,36824,veži,lud,NOUN,вода,water,43,A21
7315,78225,66818,video,lud,NOUN,видео,,,
7316,77930,66560,videodoklad,lud,NOUN,видео-доклад,,,
7317,77909,66539,videokamer,lud,NOUN,видеокамера,,,
7318,42452,36739,vidi,lud,NOUN,пороша,freshly-fallen snow,37,A12
7319,42461,36748,vidin,lud,NOUN,пороша,freshly-fallen snow,37,A12
7320,53448,47049,vidoda,lud,VERB,трепать (лен),,902,B34
7321,89797,76889,vid’,lud,PART,ведь,,,
7322,34836,29956,vie,lud,ADV,ещё,,1338,C1
7323,73755,62863,viedä,lud,VERB,вести,,,
7324,73756,62863,viedä,lud,VERB,уводить,,,
7325,73757,62863,viedä,lud,VERB,уносить,,,
7326,72833,62094,viehe,lud,NOUN,веха,,,
7327,56474,49693,viehh,lud,NOUN,веха,,1193,B38
7328,56475,49694,viehke,lud,NOUN,веха,,1193,B38
7329,33356,28712,viehkuri,lud,NOUN,вихрь,whirlwind,28,A12
7330,77314,65990,vieljärven,lud,ADJ,ведлозерский,,,
7331,57946,51010,vier,lud,NOUN,вера,,1309,B52
7332,57430,50527,vieras,lud,NOUN,гость,,1266,B43
7333,45654,39820,vieras,lud,ADJ,чужой,,298,B11
7334,72950,62197,vieras šitte,lud,PHRASE,чесотка (чужая грязь),,,
7335,16075,14512,vieraz,lud,NOUN,"гость, чужой",,,
7336,47658,41694,vierda,lud,VERB,ложиться,,450,B15
7337,51929,45662,vierdada,lud,VERB,палить подсеку,,762,B321
7338,51930,45663,vierdäi,lud,VERB,палить подсеку,,762,B321
7339,91853,78926,vieretelzeta,lud,VERB,валяться,,,
7340,89715,76809,vierettädä,lud,VERB,"катить, скатывать",,,
7341,57943,51007,viero,lud,NOUN,вера,,1309,B52
7342,47656,41692,viertta,lud,VERB,ложиться,,450,B15
7343,52044,41692,viertta,lud,VERB,палить подсеку,,762,B321
7344,73100,62327,viertä,lud,VERB,линять,,,
7345,47651,41687,viertä,lud,VERB,ложиться,,450,B15
7346,52045,41687,viertä,lud,VERB,палить подсеку,,762,B321
7347,73010,41687,viertä,lud,VERB,валить,,,
7348,33391,28744,viesat,lud,NOUN,весы,,,
7349,89713,76807,viesse,lud,NOUN,вес,,,
7350,57818,50902,viesti,lud,NOUN,весть,,1298,B51
7351,57826,50910,viest’,lud,NOUN,весть,,1298,B51
7352,57820,50904,viešči,lud,NOUN,весть,,1298,B51
7353,35078,30184,vigli,lud,NOUN,кулик,"sandpiper, snipe",224,A42
7354,91722,78795,vigoidu,lud,NOUN,"выгода, барыш",,,
7355,33426,28773,viha,lud,NOUN,зло,,,
7356,72637,61912,viha,lud,ADJ,злой,,,
7357,33427,28773,viha,lud,NOUN,гнев,,,
7358,34888,30006,vihaine,lud,ADJ,злой,,,
7359,51607,45368,vihalline,lud,ADJ,злой,,738,B23
7360,16110,14547,vihand,lud,ADJ,зелёный,green,162,A36
7361,34886,30004,vihande,lud,ADJ,зелёный,green,162,A36
7362,73032,62273,vihata,lud,VERB,враждовать,,,
7363,57542,50636,viheltta,lud,VERB,свистеть,,1274,B43
7364,73234,62434,vihel’tä,lud,VERB,свистеть,,,
7365,73239,62439,vihištä,lud,VERB,скрипеть (телега),,,
7366,55963,49272,vihk,lud,NOUN,мочалка для мытья пола,,1144,B373
7367,55962,49271,vihko,lud,NOUN,мочалка для мытья пола,,1144,B373
7368,16069,14506,vihm,lud,NOUN,дождь,rain,22,A12
7369,42302,36595,vihmda,lud,VERB,дождить,to rain,23,A12
7370,34807,29929,vihme,lud,NOUN,дождь,rain,22,A12
7371,78075,66689,vihmpäiv,lud,NOUN,дождливый день,,,
7372,42301,36594,vihmuda,lud,VERB,дождить,to rain,23,A12
7373,73082,62311,vihottada,lud,VERB,зеленеть,,,
7374,42348,36639,vihr’,lud,NOUN,вихрь,whirlwind,28,A12
7375,42346,36637,vihuri,lud,NOUN,вихрь,whirlwind,28,A12
7376,55964,49273,vih’k’,lud,NOUN,мочалка для мытья пола,,1144,B373
7377,90446,77531,viiberida,lud,VERB,выбирать,,,
7378,90362,77435,viidančče,lud,NOUN,житель д. Виданы,,,
7379,90948,78034,viideiš,lud,NUM,пятый,,,
7380,77308,65984,viidendž,lud,NUM,пятый,,,
7381,54669,48125,viihta,lud,VERB,мотать нитки на мотовило,,1018,B356
7382,54667,48123,viihtoda,lud,VERB,мотать нитки на мотовило,,1018,B356
7383,54668,48124,viihtäi,lud,VERB,мотать нитки на мотовило,,1018,B356
7384,76618,65386,viikomb,lud,ADV,подольше,,,
7385,76472,65271,viikon,lud,ADV,долго,,,
7386,55205,48589,viikuppida,lud,VERB,выкупить,,1070,B36
7387,50633,44446,viildä,lud,VERB,кроить,,674,B182
7388,55933,49242,viilehtus,lud,NOUN,"лямка (кошеля, котомки)",,1140,B373
7389,50634,44447,viiltta,lud,VERB,кроить,,674,B182
7390,50631,44444,viiltä,lud,VERB,кроить,,674,B182
7391,50284,44101,viin,lud,NOUN,вино,,643,B181
7392,33353,28709,viine,lud,NOUN,вино,,643,B181
7393,85063,72570,viipainde,lud,NOUN,взмах (руки),,,
7394,47513,41573,viiputtada,lud,VERB,"махать, взмахивать, размахивать",,442,B15
7395,54675,48131,viipšta,lud,VERB,мотать нитки на мотовило,,1018,B356
7396,90827,77913,viisseinäine,lud,ADJ,пятистенный (о доме),,,
7397,47518,41578,viitata,lud,VERB,"махать, указывать, показывать",,443,B15
7398,16061,14498,viivatiin,lud,NOUN,линейка (школьная принадлежность),,,
7399,45640,39807,viizas,lud,ADJ,хитрый,,297,B11
7400,78200,39807,viizas,lud,ADJ,умный,,,
7401,78201,39807,viizas,lud,ADJ,мудрый,,,
7402,45638,39805,viizaš,lud,ADJ,хитрый,,297,B11
7403,90892,77974,viizikümmen,lud,NUM,пятьдесят,,,
7404,78048,66662,viizitoste,lud,NUM,пятнадцать,,,
7405,91328,78408,viiššuoi,lud,ADJ,высший,,,
7406,15876,14313,viiž,lud,NUM,пять	,,,
7407,58466,51513,viiže,lud,NUM,пять,,1354,C1
7408,58461,51508,viiži,lud,NUM,пять,,1354,C1
7409,88255,75453,viižikymmen,lud,NUM,пятьдесят,,,
7410,86487,73857,viižkymmen,lud,NUM,пятьдесят,,,
7411,35030,30138,vikateh,lud,NOUN,коса (которой косят),,808,B324
7412,52474,46161,vikkatteh,lud,NOUN,коса,,808,B324
7413,45647,39814,vikkel’,lud,ADJ,хитрый,,297,B11
7414,90968,78054,vikse,lud,ADV,наверное,,,
7415,73096,62325,viledä,lud,VERB,кроить,,,
7416,50151,43986,vilik,lud,NOUN,плесень,,631,B181
7417,16050,14487,vilk,lud,NOUN,вилка,,,
7418,33350,28706,vilkke,lud,NOUN,вилка,,,
7419,53087,46736,vill,lud,NOUN,шерсть,,868,B331
7420,72525,61804,villaine,lud,ADJ,шерстяной,,,
7421,43717,37955,ville,lud,NOUN,"хлеб, хлеба (все злаковые культуры)",bread (all cereals),136,A33
7422,53139,46771,ville,lud,NOUN,шерсть,,868,B331
7423,43457,37698,vill’a,lud,NOUN,"хлеб, хлеба (все злаковые культуры)",,136,A33
7424,49831,43690,vilu,lud,ADJ,холодный,,603,B181
7425,74622,63680,vilu,lud,NOUN,холод,,,
7426,72569,61846,vilu vezi,lud,PHRASE,вода (холодная),,,
7427,91729,78801,vilu šel’gäs pudištav,lud,PHRASE,мурашки по спине бегают,,,
7428,49060,42993,vilustuda,lud,VERB,простужаться,,540,B16
7429,50635,44448,vil’da,lud,VERB,кроить,,674,B182
7430,43716,37954,vil’l’,lud,NOUN,"хлеб, хлеба (все злаковые культуры)",bread (all cereals),136,A33
7431,43718,37956,vil’l’ad,lud,NOUN,"хлеб, хлеба (все злаковые культуры)",bread (all cereals),136,A33
7432,15950,14387,virg,lud,NOUN,должность,,,
7433,49583,43464,virgu,lud,NOUN,привычка,,580,B17
7434,56028,49322,viritada,lud,VERB,"зажигать, разжигать",,1147,B374
7435,54531,48005,virittada,lud,VERB,раздувать (горн),,1003,B355
7436,56074,48005,virittada,lud,VERB,"зажигать, разжигать",,1147,B374
7437,73220,62421,virittädä,lud,VERB,поджигать,,,
7438,56027,49321,virittäi,lud,VERB,"зажигать, разжигать",,1147,B374
7439,72998,62243,virkkada,lud,VERB,божиться,,,
7440,91033,62243,virkkada,lud,VERB,"говорить, молвить",,,
7441,15777,14219,virolaine,lud,NOUN,эстонец,,,
7442,58295,51342,virst,lud,NOUN,верста,,1335,C1
7443,58296,51343,virste,lud,NOUN,верста,,1335,C1
7444,47667,41703,viruda,lud,VERB,лежать,,451,B15
7445,65754,41703,viruda,lud,VERB,болеть,,518,B16
7446,48581,42539,virui,lud,ADJ,больной,,513,B16
7447,47657,41693,viruttadakseh,lud,VERB,ложиться,,450,B15
7448,57506,50601,virzi,lud,NOUN,песня,,1271,B43
7449,49266,43176,virzittaj,lud,NOUN,плакальщица,,555,B17
7450,91060,78151,virzu,lud,NOUN,лапоть,,,
7451,54867,48323,virzut,lud,NOUN,лапти берестяные,,1042,B356
7452,55908,49217,virši,lud,NOUN,корзина,,1137,B373
7453,78525,67095,viršine,lud,NOUN,корзиночка,,,
7454,55909,49218,viršši,lud,NOUN,корзина,,1137,B373
7455,78034,66653,virž,lud,NOUN,плач,,,
7456,44699,38905,vitilin,lud,NOUN,кулик,"sandpiper, snipe",224,A42
7457,89825,76917,vit’,lud,PART,ведь,,,
7458,47508,41568,viuhkuttada,lud,VERB,"махать, взмахивать, размахивать",,442,B15
7459,73114,62339,viuhtada,lud,VERB,мотать (на мотовило),,,
7460,35742,30732,viuhti,lud,NOUN,моток,,,
7461,76714,65473,vizaišči,lud,ADV,хитро,,,
7462,91758,78830,vizakoivu,lud,NOUN,карельская берёза,,,
7463,51522,45283,viär,lud,ADJ,виноватый,,733,B23
7464,58977,45283,viär,lud,ADJ,кривой (о предмете),,1383,C2
7465,33354,28710,viäre,lud,ADJ,виноватый,,733,B23
7466,35056,30162,viäre,lud,ADV,криво,,,
7467,51523,45284,viärnik,lud,ADJ,виноватый,,733,B23
7468,33355,28711,viärys,lud,NOUN,вина,,,
7469,45715,39877,viästa,lud,VERB,устать,,303,B11
7470,57526,50620,viätä,lud,VERB,"играть, забавляться, развлекаться",,1272,B43
7471,57614,50620,viätä,lud,VERB,играть (на гармони),,1276,B43
7472,83333,71045,viäzydä,lud,VERB,"уставать, устать, утомиться",,,
7473,77965,66591,viäzynd,lud,NOUN,усталось,,,
7474,47405,41479,viškahuttuda,lud,VERB,"бросать, кидать",,435,B15
7475,56549,49734,viškain,lud,NOUN,черпак (в лодке),,1198,B38
7476,52441,46129,viškaita,lud,VERB,веять,,804,B323
7477,52439,46127,viškaitta,lud,VERB,веять,,804,B323
7478,90099,77178,viškoda,lud,VERB,вычерпывать,,,
7479,78469,67042,višn’anpuu,lud,NOUN,вишня (дерево),,,
7480,58465,51512,viž,lud,NUM,пять,,1354,C1
7481,73019,62261,vladeita,lud,VERB,владеть,,,
7482,33357,28713,vlasti,lud,NOUN,власть,,,
7483,91321,78401,vlodiko,lud,NOUN,владыка,,,
7484,73028,62269,vodidakseh,lud,VERB,водиться (с  кем-то),,,
7485,35136,30240,voi,lud,NOUN,масло,,886,B333
7486,49457,43367,voida,lud,VERB,мочь,,573,B17
7487,77353,66028,voidelta,lud,VERB,смазывать маслом,,,
7488,43958,38185,voigriba,lud,NOUN,маслёнок,"slippery jack mushroom, sticky bun mushroom (Suillus luteus)",157,A35
7489,51378,45146,voikeruoittai,lud,VERB,плакать,,726,B22
7490,48576,42534,voimatoine,lud,ADJ,больной,,513,B16
7491,48671,42620,voimatoine,lud,NOUN,"болезнь, недуг, нездоровье",,517,B16
7492,15912,14349,voimatomahhoidai,lud,NOUN,медсестра,,,
7493,48667,42616,voimattomus,lud,NOUN,"болезнь, недуг, нездоровье",,517,B16
7494,48580,42538,voimatuoine,lud,ADJ,больной,,513,B16
7495,72674,61943,voimatus,lud,NOUN,немочь (болезнь),,,
7496,57816,50900,voin,lud,NOUN,война,,1297,B51
7497,33374,28727,voine,lud,NOUN,война,,1297,B51
7498,90083,77161,voiske,lud,NOUN,войско,,,
7499,73202,62407,voita,lud,VERB,мазать,,,
7500,49456,43366,voitta,lud,VERB,мочь,,573,B17
7501,91122,78213,voittada,lud,VERB,побеждать,,,
7502,91667,78741,voittai,lud,VERB,побеждать,,,
7503,16042,14479,voittai,lud,NOUN,победитель	,,,
7504,55160,48544,voivalline,lud,ADJ,богатый,,1065,B36
7505,43963,38190,voišien’v,lud,NOUN,маслёнок,"slippery jack mushroom, sticky bun mushroom (Suillus luteus)",157,A35
7506,33383,28736,vojennoi,lud,ADJ,военный,,,
7507,89942,77031,vojennuoi,lud,ADJ,военный,,,
7508,73023,62265,vojuita,lud,VERB,воевать,,,
7509,89689,76784,vol,lud,NOUN,вол,,,
7510,90183,77261,volokovuoi,lud,ADJ,волоковый,,,
7511,78002,66628,volost’,lud,NOUN,волость,,,
7512,33367,28721,vol’a,lud,NOUN,воля,,,
7513,33382,28735,vol’noi,lud,ADJ,вольный,,,
7514,78494,67066,vongahtada,lud,VERB,завопить,,,
7515,73026,62268,vonguda,lud,VERB,выть,,,
7516,73027,62268,vonguda,lud,VERB,кричать,,,
7517,91236,78325,vorončče,lud,ADJ,вороной (конь),,,
7518,32614,28250,voruita,lud,VERB,баловать,,,
7519,23858,21349,vot,lud,INTJ,вот,,,
7520,35843,30822,vous’o,lud,ADV,вовсе,,,
7521,33370,28724,vozduhe,lud,NOUN,воздух,,,
7522,89826,76918,vrod’e,lud,PART,вроде,,,
7523,55185,48569,vuagrata,lud,VERB,арендовать,,1069,B36
7524,50113,43948,vuahti,lud,NOUN,"пена, пенка",,627,B181
7525,50126,43961,vuaht’,lud,NOUN,пена,,627,B181
7526,58271,51318,vuaks,lud,NOUN,пядь,,1332,C1
7527,58272,51319,vuakse,lud,NOUN,пядь,,1332,C1
7528,73009,62254,vualida,lud,VERB,валять,,,
7529,45390,39576,vuapsahaine,lud,NOUN,оса,,280,A44
7530,54829,48285,vuar,lud,NOUN,вар (смола),,1036,B356
7531,42761,37032,vuare,lud,NOUN,гора,mountain,65,A22
7532,54822,48278,vuaru,lud,NOUN,вар (смола),,1036,B356
7533,50271,44088,vuas,lud,NOUN,квас,,641,B181
7534,50270,44087,vuass,lud,NOUN,квас,,641,B181
7535,34992,30100,vuasse,lud,NOUN,квас,,641,B181
7536,33335,28691,vuatte,lud,NOUN,вата,,,
7537,91715,78787,vuaženčče,lud,NOUN,"важенец, житель д. Важины",,,
7538,86249,73631,vuidittada,lud,VERB,пропадать; исчезать,,,
7539,91611,78683,vuitinottai,lud,NOUN,участник,,,
7540,85067,72574,vuitti,lud,NOUN,"часть, доля",,,
7541,78094,66708,vuit’,lud,NOUN,участие,,,
7542,16132,14569,vunuk,lud,NOUN,"внук, внучка",,,
7543,78426,67006,vunukaine,lud,NOUN,внучок,,,
7544,57010,50142,vunukka,lud,NOUN,внук,,1233,B412
7545,89765,76858,vunukke,lud,NOUN,внук,,,
7546,57014,50146,vunukko,lud,NOUN,внук,,1233,B412
7547,89971,77057,vuogr,lud,NOUN,аренда,,,
7548,53050,46699,vuone,lud,NOUN,ягненок,,864,B331
7549,53049,46698,vuon’,lud,NOUN,ягненок,,864,B331
7550,49470,43380,vuotta,lud,VERB,ждать,,574,B17
7551,49468,43378,vuottada,lud,VERB,ждать,,574,B17
7552,49469,43379,vuottai,lud,VERB,ждать,,574,B17
7553,83495,71173,vuottua,lud,VERB,ждать,,,
7554,3487,3460,vuozi,lud,NOUN,год,,1423,C3
7555,59352,52326,vuoz’,lud,NOUN,год,,1423,C3
7556,59351,52325,vuož,lud,NOUN,год,,1423,C3
7557,59346,52320,vuoži,lud,NOUN,год,,1423,C3
7558,50551,44364,vyö,lud,NOUN,пояс,,667,B182
7559,46707,40818,vyödrys,lud,NOUN,поясница,,385,B12
7560,33348,28704,vz’atke,lud,NOUN,взятка,,,
7561,45964,40113,vägeiv,lud,ADJ,сильный,,328,B12
7562,76670,65433,väges,lud,ADV,силком,,,
7563,72994,62239,vägeu,lud,NOUN,силач,,,
7564,45965,40114,vägev,lud,ADJ,сильный,,328,B12
7565,91402,78488,vägevembi,lud,ADJ,более сильный,,,
7566,45658,39823,vägi,lud,NOUN,сила,,299,B11
7567,58403,51450,vägi,lud,ADV,"изрядно, порядочно, довольно",,1346,C1
7568,45963,40112,vägöv,lud,ADJ,сильный,,328,B12
7569,45962,40111,vägöy,lud,ADJ,сильный,,328,B12
7570,76631,65398,vähemb,lud,ADV,поменьше,,,
7571,35137,30241,vähä,lud,ADV,мало,,,
7572,58392,51439,vähä,lud,ADJ,малочисленный,,1345,C1
7573,89544,76646,vähäg,lud,ADV,мало,,,
7574,90240,77316,vähäi,lud,ADV,мало,,,
7575,90268,77344,vähäine,lud,ADV,немного,,,
7576,77280,65957,vähäižel,lud,ADV,потихоньку,,,
7577,74691,63743,vähäižen,lud,ADV,"немного, кратко",,,
7578,89996,77081,vähämieline,lud,ADJ,слабоумный,,,
7579,89997,77081,vähämieline,lud,ADJ,юродивый,,,
7580,89998,77081,vähämieline,lud,ADJ,балбес,,,
7581,90962,78048,vähän,lud,ADV,немного,,,
7582,45948,40097,vähävägiine,lud,ADJ,слабый (о человеке),,327,B12
7583,45936,40085,vähävägine,lud,ADJ,слабый (о человеке),,327,B12
7584,25045,22261,vähääžen,lud,ADV,немного,,,
7585,59302,52276,väli,lud,NOUN,период,,1419,C3
7586,72539,61818,välle,lud,ADJ,слабый,,,
7587,76710,65469,vällendamatta,lud,ADV,упорно,,,
7588,86240,73622,välläle,lud,ADV,на волю,,,
7589,84703,72236,välläs,lud,ADV,свободно,,,
7590,45945,40094,väl’l’,lud,ADJ,слабый (о человеке),,327,B12
7591,76673,65435,väl’l’ašči,lud,ADV,слабо (нетуго),,,
7592,76663,65426,väl’l’išči,lud,ADV,свободно,,,
7593,53535,47128,värtin,lud,NOUN,веретено,,912,B351
7594,33334,28690,värtinäine,lud,NOUN,валек,,,
7595,53536,47129,värttim,lud,NOUN,веретено,,912,B351
7596,34899,30017,vävy,lud,NOUN,зять,,1238,B412
7597,77338,66014,vävynpiirai,lud,NOUN,пирог для зятя; свательный пирог,,,
7598,45711,39873,väzyda,lud,VERB,устать,,303,B11
7599,45713,39875,väzydä,lud,VERB,"устать, уставать",,303,B11
7600,42492,36778,ybyz,lud,NOUN,сугроб,snowbank,39,A12
7601,15879,14316,yheksa,lud,NUM,девять ,,,
7602,58525,51547,yheksä,lud,NUM,девять,,1358,C1
7603,91252,78340,yheksäpeähine,lud,ADJ,девятиголовый,,,
7604,58526,51548,yhesä,lud,NUM,девять,,1358,C1
7605,78046,66660,yhteh,lud,ADV,вместе,,,
7606,77910,66540,yhteheze,lud,ADV,всего,,,
7607,55232,48616,yhtei,lud,ADV,"даром, бесплатно",,1072,B36
7608,78229,66822,yhtelaigal,lud,ADV,одновременно,,,
7609,73138,62362,yhten kerdan,lud,PHRASE,однажды,,,
7610,76594,65370,yhtenaiga,lud,ADV,одновременно,,,
7611,78124,66735,yhteniččim,lud,ADJ,одинаковый,,,
7612,33358,28714,yhtes,lud,ADV,вместе,,,
7613,76485,28714,yhtes,lud,ADV,заодно,,,
7614,76486,28714,yhtes,lud,ADV,слитно,,,
7615,76487,28714,yhtes,lud,ADV,совместно,,,
7616,76488,28714,yhtes,lud,ADV,сообща,,,
7617,74690,63742,yhtez,lud,ADV,вместе,,,
7618,78218,66814,yhtydes,lud,ADV,на связи,,,
7619,91465,78545,yhtydä,lud,VERB,встречаться,,,
7620,91467,78545,yhtydä,lud,VERB,соединяться,,,
7621,23911,21395,yks,lud,NUM,один,,,
7622,13611,12287,ykse,lud,NUM,один,,1350,C1
7623,73136,62360,yksi,lud,NUM,один,,,
7624,78369,66953,yksikai,lud,ADV,всё равно,,,
7625,78204,66801,yksin,lud,ADV,"один, в одиночку",,,
7626,35839,30818,yksinäh,lud,ADV,одиноко,,,
7627,72535,61814,ykssilme,lud,ADJ,кривой (одноглазый),,,
7628,77146,65834,yks’,lud,NUM,один,,1350,C1
7629,78143,66746,yks’kaik,lud,ADV,всё равно,,,
7630,15874,14311,yks’tošt,lud,NOUN,одиннадцать ,,,
7631,58441,51488,ykš,lud,NUM,один,,1350,C1
7632,88258,75456,ykši,lud,NUM,один,,,
7633,76651,65417,ykšikai,lud,ADV,всё равно,,,
7634,76706,65466,ykšnai,lud,ADV,уединённо,,,
7635,34246,29439,ylen,lud,ADV,очень,,,
7636,91767,78840,ylen kalliš,lud,PHRASE,бесценный,,,
7637,72533,61812,ylen vanhe,lud,PHRASE,дряхлый (очень старый),,,
7638,15917,14354,yliopišto,lud,NOUN,университет,,,
7639,58650,51672,yläh,lud,ADV,вверх,,1371,C2
7640,76534,65317,ylähakš,lud,ADV,наверх,,,
7641,76662,65425,ylähanpiä,lud,ADV,сверху,,,
7642,90809,77899,ylähäine,lud,ADJ,верхний,,,
7643,58653,51675,ylähäkse,lud,ADV,вверх,,1371,C2
7644,58654,51676,ylähäkš,lud,ADV,вверх,,1371,C2
7645,87460,74744,ylähälpiäi,lud,ADV,сверху (по направлению вниз),,,
7646,33337,28693,ylähän,lud,ADV,вверх,,,
7647,82096,28693,ylähän,lud,ADV,"вверху, наверху",,,
7648,78158,66758,ymbärišt,lud,NOUN,окружение,,,
7649,78008,66634,ymbärištö,lud,NOUN,окрестность,,,
7650,73132,62356,ymbärtä,lud,VERB,"объезжать, обходить",,,
7651,76717,65476,ynällai,lud,ADV,целиком,,,
7652,58261,51308,yske,lud,NOUN,охапка,,1331,C1
7653,74662,63717,ystävy,lud,NOUN,друг,,,
7654,58260,51307,ys’k,lud,NOUN,охапка,,1331,C1
7655,15890,14327,yö,lud,NOUN,ночь,,1401,C3
7656,15964,14401,yökluub,lud,NOUN,ночной клуб,,,
7657,44397,38612,yöleloi,lud,NOUN,летучая мышь,bat (flying mouse),197,A412
7658,44398,38613,yölevuoi,lud,NOUN,летучая мышь,bat (flying mouse),197,A412
7659,44395,38610,yöliluoi,lud,NOUN,летучая мышь,bat (flying mouse),197,A412
7660,44399,38614,yöläpäkk,lud,NOUN,летучая мышь,bat (flying mouse),197,A412
7661,77364,66039,yönit’kettai,lud,NOUN,"ночная плачея (дух, вызывающий ночной плач и бессонницу у ребёнка)",,,
7662,25021,22237,yöstyda,lud,VERB,заблудиться,,,
7663,49552,43433,yöstydä,lud,VERB,заблудиться,,578,B17
7664,46708,40819,yöččim,lud,NOUN,поясница,,385,B12
7665,89589,76690,zaberida,lud,VERB,забрать,,,
7666,34864,29982,zabiakke,lud,NOUN,забияка,,,
7667,90526,77615,zabol’eita,lud,VERB,заболеть,,,
7668,34861,29979,zabor,lud,NOUN,забор,,,
7669,34860,29978,zaborke,lud,NOUN,заборка,,,
7670,34859,29977,zabotte,lud,NOUN,забота,,,
7671,73076,62306,zabottidakseh,lud,VERB,заботиться,,,
7672,34872,29990,zadače,lud,NOUN,задача,,,
7673,34865,29983,zadornuoi,lud,ADJ,задорный,,,
7674,73050,62284,zadorzuda,lud,VERB,горячиться,,,
7675,49756,43621,zaftrokk,lud,NOUN,завтрак,,596,B181
7676,57264,50368,zagatk,lud,NOUN,загадка,,1255,B42
7677,72809,62071,zahari,lud,NOUN,сахар,,,
7678,90081,77159,zaimida,lud,VERB,занимать,,,
7679,91395,78481,zakažida,lud,VERB,заказывать,,,
7680,57728,50812,zakona,lud,NOUN,закон,,1288,B51
7681,91394,78480,zakuske,lud,NOUN,закуска,,,
7682,34874,29992,zale,lud,NOUN,зала,,,
7683,55589,48932,zalošk,lud,NOUN,"задвижка дверная, засов",,1104,B372
7684,55590,48933,zaloške,lud,NOUN,"задвижка дверная, засов",,1104,B372
7685,34867,29985,zamaske,lud,NOUN,замазка,,,
7686,55180,48564,zapas,lud,NOUN,запас,,1068,B36
7687,90151,77229,zapiske,lud,NOUN,"записка, список",,,
7688,89753,76846,zarabotke,lud,NOUN,заработок,,,
7689,72681,61949,zatinke,lud,NOUN,норов,,,
7690,49757,43622,zautrakke,lud,NOUN,завтрак,,596,B181
7691,72918,62169,zautreni,lud,NOUN,утреня,,,
7692,55534,48877,zavalim,lud,NOUN,завалина,,1098,B372
7693,55532,48875,zavalin,lud,NOUN,завалина,,1098,B372
7694,34870,29988,zaverkke,lud,NOUN,завёртка,,,
7695,34871,29989,zavesi,lud,NOUN,занавеска,,,
7696,51633,45394,zaviduitta,lud,VERB,завидовать,,741,B23
7697,51634,45395,zaviiduita,lud,VERB,завидовать,,741,B23
7698,90678,77768,zavod,lud,NOUN,завод,,,
7699,74584,63642,zavodida,lud,VERB,начинать,,,
7700,78549,67115,zavodidakse,lud,VERB,начинаться,,,
7701,92507,79509,zboršikke,lud,NOUN,сборщик,,,
7702,90139,77217,zborššikke,lud,NOUN,сборщик,,,
7703,73751,62859,zdaida,lud,VERB,сдавать,,,
7704,44020,38243,zel’onuoi,lud,ADJ,зеленый,green,162,A36
7705,77287,65964,zeml’ankke,lud,NOUN,землянка,,,
7706,16012,14449,zirkal,lud,NOUN,зеркало,,701,B182
7707,34885,30003,zirkalo,lud,NOUN,зеркало,,701,B182
7708,51004,44797,zirkkalo,lud,NOUN,зеркало,,701,B182
7709,34891,30009,znakke,lud,NOUN,знак,,,
7710,91327,78407,značit,lud,PUNCT,значит,,,
7711,50183,44005,zoahari,lud,NOUN,сахар,,633,B181
7712,90604,77695,zolotuoi,lud,ADJ,золотой,,,
7713,34895,30013,zontikke,lud,NOUN,"зонт, зонтик",,,
7714,34868,29986,zor’a,lud,NOUN,заря,,,
7715,57250,50354,zuakkon,lud,NOUN,сказка,,1254,B42
7716,77922,66552,zual,lud,NOUN,зал,,,
7717,72860,62121,zuuhari,lud,NOUN,сухарь,,,
7718,34879,29997,zvieri,lud,NOUN,зверь,,,
7719,34881,29999,zvone,lud,NOUN,звон,,,
7720,73081,62310,zvonida,lud,VERB,звонить,,,
7721,34880,29998,zvonke,lud,NOUN,звонок,,,
7722,77845,66481,Änine,lud,PROPN,Прионежский (район),,,
7723,87459,74743,Äniždärv,lud,PROPN,Онежское озеро,,,
7724,90572,77660,Äšši,lud,PROPN,"Ашши, Ася",,,
7725,89539,76641,Ülä-Šuoju,lud,PROPN,Верхняя Шуя,,,
7726,91035,78125,äbräs,lud,NOUN,"крутой берег, круча",,,
7727,47267,41352,äbäzyöittäi,lud,VERB,"охранять, сторожить",,427,B15
7728,91814,78887,ägestus,lud,NOUN,боронование,,,
7729,52134,45830,ägez,lud,NOUN,борона,,779,B321
7730,91813,78886,ägeztada,lud,VERB,боронить,,,
7731,56130,49404,ägie,lud,NOUN,жар (от печи),,1160,B374
7732,56133,49407,ägä,lud,NOUN,жар (от печи),,1160,B374
7733,47335,41416,ähkäitä,lud,VERB,совать,,430,B15
7734,47337,41418,ähkäätä,lud,VERB,совать,,430,B15
7735,35720,30711,äi,lud,ADV,много,,,
7736,58387,51434,äi,lud,ADJ,многочисленный,,1344,C1
7737,59305,52279,äig,lud,NOUN,период,,1419,C3
7738,58388,51435,äije,lud,ADJ,многочисленный,,1344,C1
7739,58382,51429,äijä,lud,ADJ,многочисленный,,1344,C1
7740,73141,62365,äijäl,lud,ADV,"порядком, много",,,
7741,76497,62365,äijäl,lud,ADV,изрядно,,,
7742,73143,62367,äijäl itken,lud,PHRASE,рыдать (много плакать),,,
7743,91803,78876,äijän pagižii,lud,PHRASE,болтливый,,,
7744,59139,52113,äinus,lud,ADV,всегда,,1408,C3
7745,58051,51115,äippäi,lud,NOUN,пасха,,1318,B52
7746,58052,51116,äipäi,lud,NOUN,пасха,,1318,B52
7747,90002,77085,äipäive,lud,NOUN,Пасха,,,
7748,91710,78782,äj,lud,ADV,много,,,
7749,58054,51118,äjäpäiv,lud,NOUN,пасха,,1318,B52
7750,51129,44916,äly,lud,NOUN,ум,,709,B21
7751,78702,67246,ämbätäda,lud,VERB,баловать,,,
7752,90001,77084,ämmätada,lud,VERB,баловать,,,
7753,42919,37176,äniköitä,lud,VERB,цвести,"to bloom, to blossom, to flower",82,A31
7754,51579,45340,ärdutada,lud,VERB,дразнить,,736,B23
7755,51608,45369,ärei,lud,ADJ,злой,,738,B23
7756,45283,39473,ödönyöi,lud,NOUN,улитка,,274,A44
7757,90596,77684,üksd’algaine,lud,ADJ,одноногий,,,
7758,90185,77263,ükskai,lud,ADV,всё равно,,,
7759,89760,76853,ülembä,lud,ADV,выше,,,
7760,90089,77167,ümbäri,lud,ADV,"вокруг, кругом, около",,,
7761,77818,66454,Čarniemi,lud,PROPN,Чарнаволок,,,
7762,90912,77993,Čuuniemi,lud,PROPN, деревня Чуйнаволок (старинная карельская деревня в составе Эссойльского сельского поселения Пряжинского национального района),,,
7763,49878,43731,čaaju,lud,NOUN,чай,,607,B181
7764,77259,65937,čabat,lud,NOUN,сапог,,,
7765,53014,46663,čabero,lud,NOUN,хвост,,859,B331
7766,89701,76795,čagari,lud,NOUN,мизинец,,,
7767,72942,62191,čainikke,lud,NOUN,чайник,,,
7768,45194,39385,čaivuoi,lud,NOUN,гнида,,268,A44
7769,49880,43733,čaj,lud,NOUN,чай,,607,B181
7770,34401,29585,čaju,lud,NOUN,чай,,607,B181
7771,14938,13465,čakata,lud,VERB,"бранить, ругать",,734,B23
7772,45346,39533,čakk,lud,NOUN,комар,,278,A44
7773,51531,45292,čakkatta,lud,VERB,"бранить, ругать",,734,B23
7774,32649,28284,čakkavo,lud,NOUN,брань,,,
7775,35721,30712,čakke,lud,NOUN,"комар, мошка",,278,A44
7776,90059,77137,čardakke,lud,NOUN,чердак,,,
7777,57913,50977,časoun,lud,NOUN,часовня,,1305,B52
7778,89542,76644,časounaine,lud,NOUN,часовенка,,,
7779,13609,12285,časoune,lud,NOUN,часовня,,1305,B52
7780,74591,63647,čast,lud,NOUN,часть,,,
7781,91320,78400,čaše,lud,NOUN,чаша,,,
7782,72941,62190,čaške,lud,NOUN,чашка,,,
7783,72945,62194,čekad,lud,NOUN,чека,,,
7784,72948,62196,čepče,lud,NOUN,чепчик,,,
7785,57898,50962,čerkkou,lud,NOUN,церковь,,1304,B52
7786,72951,62198,černiläd,lud,NOUN,чернила,,,
7787,57899,50963,čer’kou,lud,NOUN,церковь,,1304,B52
7788,76722,65481,česno,lud,ADV,честно,,,
7789,51666,45427,česti,lud,NOUN,честь,,744,B23
7790,51672,45433,čest’,lud,NOUN,честь,,744,B23
7791,51671,45432,čes’t’,lud,NOUN,честь,,744,B23
7792,58275,51322,četvert’,lud,NOUN,пядь,,1332,C1
7793,45220,39411,čidziliusk,lud,NOUN,ящерица,,270,A44
7794,57034,50166,čidži,lud,NOUN,сестра,,1235,B412
7795,82913,50166,čidži,lud,NOUN,старшая сестра,,,
7796,91198,78287,čid’žuoi,lud,NOUN,сестра,,,
7797,72939,62188,čiepiine,lud,NOUN,цепочка,,,
7798,72938,62187,čieppi,lud,NOUN,цепь,,,
7799,73295,62490,čigištä,lud,VERB,шипеть,,,
7800,44316,38532,čihk,lud,NOUN,норка,mink (animal),190,A412
7801,44317,38533,čihkuoi,lud,NOUN,норка,mink (animal),190,A412
7802,43882,38111,čihl,lud,NOUN,крапива,nettle,151,A35
7803,43881,38110,čihlane,lud,NOUN,крапива,nettle,151,A35
7804,43304,37548,čihuoi,lud,NOUN,черная смородина,currant,124,A323
7805,48957,42895,čihv,lud,NOUN,угар,,535,B16
7806,48958,42896,čihve,lud,NOUN,угар,,535,B16
7807,54305,47841,čiidal,lud,NOUN,шкварки,,988,B353
7808,54303,47839,čiidalo,lud,NOUN,шкварки,,988,B353
7809,43303,37547,čiihuoi,lud,NOUN,черная смородина,currant,124,A323
7810,43873,38102,čiilahaine,lud,NOUN,крапива,nettle,151,A35
7811,55517,48860,čiilak,lud,NOUN,щель,,1097,B372
7812,54309,47845,čiirgat,lud,NOUN,шкварки,,988,B353
7813,44632,38840,čiič,lud,NOUN,воробей,sparrow,217,A42
7814,57028,50160,čikko,lud,NOUN,сестра,,1235,B412
7815,57560,50654,čilaita,lud,VERB,звенеть,,1275,B43
7816,57563,50657,čilištä,lud,VERB,звенеть,,1275,B43
7817,54308,47844,čirgat,lud,NOUN,шкварки,,988,B353
7818,52279,45969,čirpi,lud,NOUN,серп,,793,B322
7819,52282,45972,čirpp,lud,NOUN,серп,,793,B322
7820,52283,45973,čir’p,lud,NOUN,серп,,793,B322
7821,72952,62199,čisle,lud,NOUN,число,,,
7822,73747,62855,čistida,lud,VERB,чистить,,,
7823,56244,49504,čis’ta,lud,VERB,убирать (в доме),,1172,B375
7824,89823,76915,čitaita,lud,VERB,считать,,,
7825,33376,28729,čiučui,lud,NOUN,воробей,,,
7826,44633,38841,čiučuine,lud,NOUN,воробей,sparrow,217,A42
7827,44631,38839,čiučuoi,lud,NOUN,воробей,sparrow,217,A42
7828,47336,41417,čokaata,lud,VERB,совать,,430,B15
7829,47334,41415,čokaita,lud,VERB,совать,,430,B15
7830,91386,78472,čokota,lud,VERB,просовывать,,,
7831,45583,39752,čoma,lud,ADJ,красивый,,293,B11
7832,77967,66593,čomemb,lud,ADJ,более красивый,,,
7833,77356,66031,čomembi,lud,ADJ,красивый,,,
7834,32633,28268,čondžuoi,lud,NOUN,блоха,,269,A44
7835,58167,51223,čort,lud,NOUN,черт,,1325,B52
7836,58166,51222,čorte,lud,NOUN,черт,,1325,B52
7837,25020,22236,čota,lud,NOUN,счёт (банковский),,,
7838,90694,77785,čotaida,lud,VERB,считать,,,
7839,73257,62454,čotaita,lud,VERB,считать,,,
7840,72866,62125,čotte,lud,NOUN,счет,,,
7841,77355,66030,čtob,lud,SCONJ,чтобы,,,
7842,90866,77951,čtobi,lud,SCONJ,чтобы,,,
7843,15886,14323,čuas,lud,NOUN,час,,1396,C3
7844,59032,52006,čuasud,lud,NOUN,часы,,1397,C3
7845,59021,51995,čuasut,lud,NOUN,часы,,1397,C3
7846,91773,78846,čuasut zvonitav,lud,PHRASE,часы бьют,,,
7847,47180,41272,čubuhiiri,lud,NOUN,нерв,,421,B12
7848,53118,46767,čugu,lud,NOUN,поросенок,,871,B331
7849,72954,62201,čugun,lud,NOUN,чугун,,,
7850,45232,39423,čuhuoi,lud,NOUN,змея,,271,A44
7851,46396,40523,čuhuttada,lud,VERB,шептать,,360,B12
7852,91271,78358,čuibaita,lud,VERB,"тыкать (лицом, мордочкой)",,,
7853,51433,45201,čukurta,lud,VERB,целовать,,729,B22
7854,91139,78229,čulančikke,lud,NOUN,чуланчик,,,
7855,90319,77394,čuluoi,lud,NOUN,лилия,,,
7856,90318,77393,čuluoihut,lud,NOUN,лилия,,,
7857,51430,45198,čumoittai,lud,VERB,целовать,,729,B22
7858,51428,45196,čumuoittada,lud,VERB,целовать,,729,B22
7859,47406,41480,čumuttada,lud,VERB,"бросать, кидать",,435,B15
7860,34839,29958,čumučiučui,lud,NOUN,жаворонок,,,
7861,44553,38761,čumučiučuoi,lud,NOUN,жаворонок,"lark, skylark",213,A42
7862,72955,62202,čunkad,lud,NOUN,чунки,,,
7863,45308,39496,čun’džu,lud,NOUN,червяк,,275,A44
7864,55466,48809,čupp,lud,NOUN,угол дома (внутренний),,1092,B372
7865,55464,48807,čuppu,lud,NOUN,угол дома (внутренний),,1092,B372
7866,81947,48807,čuppu,lud,NOUN,"угол, край",,,
7867,49896,43749,čupukke,lud,NOUN,блин,,608,B181
7868,58808,51819,čura,lud,NOUN,"сторона, край",,1384,C2
7869,54398,47892,čurk,lud,NOUN,чурбак,,992,B354
7870,73074,62304,čurčettada,lud,VERB,журчать,,,
7871,73293,62489,čustvuida,lud,VERB,чувствовать,,,
7872,76727,65486,čut’,lud,ADV,чуть,,,
7873,90134,77212,čuudo,lud,NOUN,чудо,,,
7874,42804,37069,čuuru,lud,NOUN,песок,sand,70,A22
7875,52443,46131,čuuta,lud,VERB,веять,,804,B323
7876,78216,66812,čuvstvuita,lud,VERB,чувствовать,,,
7877,45304,39492,čyöttö,lud,NOUN,червяк,,275,A44
7878,78128,66736,Šan’a,lud,PROPN,"Шура, Саша",,,
7879,78420,67000,Šan’aine,lud,PROPN,"Сашенька, Шурочка",,,
7880,90569,77657,Šapniemi,lud,PROPN,Шапнаволок,,,
7881,89968,77054,Šolge,lud,PROPN,деревня Шолга,,,
7882,90095,77174,Šoltoz’ere,lud,PROPN,село Шелтозеро,,,
7883,78078,66692,Šoutjärvi,lud,PROPN,Шелтозеро,,,
7884,89523,76625,Šuoju,lud,PROPN,река Шуя,,,
7885,89775,76868,Šängime,lud,PROPN,озеро Шаньгима,,,
7886,44872,39067,šaglad,lud,NOUN,жабры,gill,240,A43
7887,44862,39057,šaglat,lud,NOUN,жабры,gill,240,A43
7888,44873,39068,šahlut,lud,NOUN,жабры,gill,240,A43
7889,72957,62204,šaikke,lud,NOUN,шайка,,,
7890,56674,49835,šalg,lud,NOUN,котомка,,1205,B38
7891,90682,77772,šalgu,lud,NOUN,"котомка, узелок",,,
7892,77312,65988,še,lud,PRON,этот,,,
7893,56446,49665,šeba,lud,NOUN,передок саней,,1189,B38
7894,51404,45172,šebättä,lud,VERB,обнимать,,728,B22
7895,48039,42051,šeguoittada,lud,VERB,"мешать, размешивать",,477,B15
7896,52151,45847,šeibäz,lud,NOUN,кол,,781,B321
7897,55540,48883,šein,lud,NOUN,стена,,1099,B372
7898,58505,51527,šeiččeme,lud,NUM,семь,,1356,C1
7899,76686,65448,šeižadi,lud,ADV,стоймя,,,
7900,48376,42352,šeižattada,lud,VERB,останавливать,,500,B15
7901,47697,41733,šeižoda,lud,VERB,стоять,,453,B15
7902,47698,41734,šeižuda,lud,VERB,стоять,,453,B15
7903,73237,62437,šejada,lud,VERB,сиять,,,
7904,42228,36521,šelged,lud,ADJ,ясный (о погоде),clear; lucid,14,A12
7905,90000,77083,šelgparž,lud,NOUN,балка,,,
7906,46798,40900,šelgruod,lud,NOUN,позвоночник,,390,B12
7907,54112,47648,šelguoine,lud,NOUN,тетива сети,,968,B353
7908,46693,40804,šel’g,lud,NOUN,спина,,384,B12
7909,76735,65492,šel’ged,lud,ADV,ясно,,,
7910,54483,47958,šepp,lud,NOUN,кузнец,,1000,B355
7911,90679,77769,šerst’anuoi,lud,ADJ,шерстяной,,,
7912,91800,78873,ševelida,lud,VERB,"шевелить, взбалтывать",,,
7913,82122,70083,šia,lud,NOUN,место,,558,B17
7914,77369,66044,šid,lud,ADV,потом,,,
7915,51867,45620,šidoda,lud,VERB,связывать,,758,B31
7916,52854,45620,šidoda,lud,VERB,привязать,,826,B331
7917,51870,45623,šiduoi,lud,VERB,связывать,,758,B31
7918,77377,66051,šie,lud,ADV,там,,,
7919,55853,49162,šiegl,lud,NOUN,решето,,1131,B373
7920,43933,38160,šieni,lud,NOUN,гриб (пластинчатый),agaric,155,A35
7921,48253,42238,šierduda,lud,VERB,двигаться,,489,B15
7922,58916,51927,šiga,lud,ADV,там,,1392,C2
7923,76693,65454,šigal,lud,ADV,там,,,
7924,76606,65379,šigalpiä,lud,ADV,оттуда,,,
7925,86770,74104,šigapiäi,lud,ADV,оттуда,,,
7926,73762,62869,šigä,lud,ADV,там,,,
7927,44472,38682,šiib,lud,NOUN,крыло,wing,204,A42
7928,44468,38678,šiibi,lud,NOUN,крыло,wing,204,A42
7929,44857,38678,šiibi,lud,NOUN,плавник,"fin, flipper (appendage of a fish)",239,A43
7930,73750,62858,šiid,lud,ADV,потом,,,
7931,76700,65460,šiid,lud,ADV,тогда,,,
7932,90607,77698,šiiluine,lud,NOUN,"щёлочка, щель",,,
7933,54053,47589,šiim,lud,NOUN,леска,,961,B353
7934,74635,63693,šiiriči,lud,ADV,мимо,,,
7935,50986,44779,šija,lud,NOUN,постель,,699,B182
7936,56701,49862,šild,lud,NOUN,мост,,1207,B38
7937,56187,49447,šilittada,lud,VERB,"гладить, поглаживать",,1166,B22
7938,58778,51789,šiliä,lud,ADJ,"гладкий, ровный",,1382,C2
7939,59341,52315,šilluoi,lud,ADV,тогда,,1422,C3
7940,47025,41119,šilmänluoma,lud,NOUN,веко,,408,B12
7941,77365,66040,šiloi,lud,ADV,тогда,,,
7942,46995,41089,šil’m,lud,NOUN,глаз,,405,B12
7943,91728,78800,šil’mäd kižatav,lud,PHRASE,глаза бегают,,,
7944,72960,62207,šine,lud,NOUN,шина,,,
7945,48789,42733,šinine,lud,NOUN,синяк,,525,B16
7946,58944,51955,šinna,lud,ADV,туда,,1393,C2
7947,58939,51950,šinne,lud,ADV,туда,,1393,C2
7948,45732,39894,šinä,lud,PRON,ты,you,306,B11
7949,86246,73628,šin’čo,lud,NOUN,сени,,,
7950,72959,62206,širme,lud,NOUN,ширма,,,
7951,47596,41635,širta,lud,VERB,толкать,,446,B15
7952,45117,39309,šitböröi,lud,NOUN,жук,beetle,262,A44
7953,47166,41259,šitt,lud,NOUN,дерьмо,,420,B12
7954,34989,30098,šitte,lud,NOUN,"кал, помёт, испражнения",,420,B12
7955,72949,30098,šitte,lud,NOUN,грязь,,,
7956,45120,39312,šitteböryöi,lud,NOUN,жук,beetle,262,A44
7957,46699,40810,šivut,lud,NOUN,поясница,,385,B12
7958,49480,43385,šiä,lud,NOUN,место,,558,B17
7959,42144,36441,šiä,lud,NOUN,погода,weather,8,A12
7960,51311,45079,šiändydä,lud,VERB,сердиться,,721,B22
7961,46632,40747,šiärvärttin,lud,NOUN,икра ноги,,380,B12
7962,46670,40747,šiärvärttin,lud,NOUN,голень,,382,B12
7963,54856,48312,šiär’,lud,NOUN,голенище,,1039,B356
7964,55170,48554,šiäštada,lud,VERB,"беречь, хранить",,1066,B36
7965,72984,62230,šiželihhe,lud,NOUN,ящерица,,,
7966,45221,39412,šiželihkö,lud,NOUN,ящерица,,270,A44
7967,45222,39413,šižlik,lud,NOUN,ящерица,,270,A44
7968,45219,39410,šižluoi,lud,NOUN,ящерица,,270,A44
7969,72821,62083,šižme,lud,NOUN,сковородник,,,
7970,50501,44314,šižäl’,lud,NOUN,пазуха,,663,B182
7971,46764,40867,škilet,lud,NOUN,скелет,,389,B12
7972,46773,40875,škilette,lud,NOUN,скелет,,389,B12
7973,15906,14343,škol,lud,NOUN,школа,,,
7974,57746,50830,škola,lud,NOUN,школа,,1290,B511
7975,91063,78154,šlakke,lud,NOUN,шлак,,,
7976,72961,62208,šleja,lud,NOUN,шлея,,,
7977,15996,14433,šliap,lud,NOUN,головной убор (шляпа),,,
7978,78529,67098,šliehkuttada,lud,VERB,шевелить,,,
7979,91668,78742,šliäppe,lud,NOUN,шляпа,,,
7980,91801,78874,šläimidä,lud,VERB,болтаться,,,
7981,90765,77853,šläimädä,lud,VERB,шляться,,,
7982,42208,36501,šl’ott,lud,NOUN,"погода сырая с дождем и мокрым снегом, слякоть",slush,12,A12
7983,43436,37678,šl’ubuoi,lud,NOUN,морошка,"cloudberry, Rubus chamaemorus",133,A323
7984,73087,62316,šl’ukkada,lud,VERB,икать,,,
7985,90922,78003,šmötkü,lud,ADJ,болтливый,,,
7986,44528,38736,šn’uakke,lud,NOUN,галка,jackdaw,210,A42
7987,15940,14377,šofer,lud,NOUN,шофер,,,
7988,46217,40352,šokke,lud,NOUN,щека,,346,B12
7989,54790,48246,šolgu,lud,NOUN,ширина полотна,,1031,B356
7990,90546,77634,šooferi,lud,NOUN,шофёр,,,
7991,91209,78298,šorahtada,lud,VERB,"зашуметь, начать шуметь",,,
7992,89533,76635,špijone,lud,NOUN,шпион,,,
7993,90771,77859,šräigäitä,lud,VERB,ударять (о молнии),,,
7994,90035,77113,štaabe,lud,NOUN,штаб,,,
7995,50395,44208,štanad,lud,NOUN,штаны,,653,B182
7996,50392,44205,štanit,lud,NOUN,штаны,,653,B182
7997,87455,74739,štipanik,lud,NOUN,калитка (пирог),,,
7998,74639,63697,što,lud,SCONJ,что,,,
7999,77283,65960,štob,lud,SCONJ,чтобы,,,
8000,74595,63651,štobi,lud,ADV,чтобы,,,
8001,90098,77177,štobi,lud,SCONJ,чтобы,,,
8002,63618,55318,štuke,lud,NOUN,штука,,,
8003,77381,66055,šuada,lud,VERB,начинать,,,
8004,48298,42279,šuahhu,lud,NOUN,шаг,,492,B15
8005,50515,44328,šuapke,lud,NOUN,шапка,,664,B182
8006,50516,44329,šuapug,lud,NOUN,шапка,,664,B182
8007,50995,44788,šug,lud,NOUN,гребень (для волос),,700,B182
8008,72958,62205,šulkku,lud,NOUN,шелк,,,
8009,72554,61831,šulkkuine,lud,ADJ,шелковый,,,
8010,90050,77129,šunttikulu,lud,NOUN,одежонка,,,
8011,46397,40524,šupettada,lud,VERB,шептать,,360,B12
8012,57154,50265,šurd’ak,lud,NOUN,"шурин, брат жены",,1245,B412
8013,57157,50268,šurd’akko,lud,NOUN,"шурин, брат жены",,1245,B412
8014,57159,50270,šurd’jak,lud,NOUN,"шурин, брат жены",,1245,B412
8015,57156,50267,šur’d’akke,lud,NOUN,"шурин, брат жены",,1245,B412
8016,90921,78002,šuutkakaz,lud,ADJ,шутливый,,,
8017,90779,77867,šuutke,lud,NOUN,шутка,,,
8018,78164,66764,šuuttida,lud,VERB,шутить,,,
8019,76731,65488,šuvtijen,lud,ADV,шутя,,,
8020,45709,39871,šuštuda,lud,VERB,устать,,303,B11
8021,76494,65285,šydämespiäi,lud,POSTP,изнутри,,,
8022,59414,52375,šygyz,lud,NOUN,осень,,1428,C3
8023,46286,40418,šylgeda,lud,VERB,плевать,,353,B12
8024,58282,51329,šyly,lud,NOUN,сажень,,1333,C1
8025,46312,40444,šyl’g,lud,NOUN,слюна,,357,B12
8026,58011,51075,šyndymmua,lud,NOUN,святки,,1315,B52
8027,56014,49308,šytyttada,lud,VERB,"зажигать, разжигать",,1147,B374
8028,42730,37003,šyvä,lud,ADJ,глубокий,deep,61,A21
8029,76274,65107,šyväli,lud,ADV,вглубь,,,
8030,76615,65107,šyväli,lud,ADV,поглубже,,,
8031,49702,43567,šyödä,lud,VERB,есть,,591,B181
8032,77375,66049,šyöttädä,lud,VERB,кормить,,,
8033,35122,30227,šäigiš,lud,NOUN,лыко,,,
8034,51989,45722,šäigy,lud,NOUN,полоса (земли),,771,B321
8035,55913,49222,šäkki,lud,NOUN,мешок,,1138,B373
8036,52369,46058,šäng,lud,NOUN,стерня,,798,B322
8037,90571,77659,šäpniemiläine,lud,ADJ,"шапнаволоцкий, родом из д. Шапнаволок",,,
8038,49729,43594,šärbädä,lud,VERB,хлебать,,593,B181
8039,49050,42983,šärištä,lud,VERB,дрожать,,539,B16
8040,58820,51831,šär’v,lud,NOUN,край,,1385,C2
8041,44976,39168,šäyn’,lud,NOUN,язь,"ide, orfe",251,A43
8042,72966,62212,ščipčad,lud,NOUN,щипцы,,,
8043,46216,40351,ščokad,lud,NOUN,щека,,346,B12
8044,72963,62210,ščotke,lud,NOUN,щетка,,,
8045,89925,77014,ščotovode,lud,NOUN,счетовод,,,
8046,34840,29959,žadnuoi,lud,NOUN,жадный,,,
8047,78239,66832,žalaita,lud,VERB,"хотеть, желать",,,
8048,73072,62302,žaleida,lud,VERB,жалеть,,,
8049,73159,62383,žalob,lud,NOUN,жалоба,,,
8050,73160,62382,žaloban pidädä,lud,PHRASE,жалобу держать,,,
8051,91138,78228,želannuoi,lud,ADJ,желанный,,,
8052,48727,42676,želtuuha,lud,NOUN,желтуха,,520,B16
8053,56732,49884,ženih,lud,NOUN,жених,,1210,B411
8054,34848,29966,ženihe,lud,NOUN,жених,,,
8055,49600,43481,žerebei,lud,NOUN,жребий,,582,B17
8056,49596,43477,žerebii,lud,NOUN,жребий,,582,B17
8057,34845,29964,žesti,lud,NOUN,жесть,,,
8058,72820,62082,žiitte,lud,NOUN,сито,,,
8059,77264,65941,žiivat,lud,NOUN,скот,,,
8060,52662,46341,žiivat,lud,NOUN,скот,,827,B331
8061,77263,46341,žiivat,lud,NOUN,домашнее животное,,,
8062,52660,46339,žiivatt,lud,NOUN,скот,,827,B331
8063,91330,78410,žiivatte,lud,NOUN,скотина,,,
8064,76263,65097,žiäleimatta,lud,ADV,беспощадно,,,
8065,51331,45099,žiäli,lud,ADV,жаль,,723,B22
8066,51339,45107,žiäl’,lud,ADV,жаль,,723,B22
8067,50500,44313,žiželi,lud,NOUN,пазуха,,663,B182
8068,48726,42675,žoltuhe,lud,NOUN,желтуха,,520,B16
8069,91315,78395,žualob,lud,NOUN,жалоба,,,
8070,73071,62301,žuarida,lud,VERB,жарить,,,
8071,78629,67182,žurnal,lud,NOUN,журнал,,,
8072,15928,14365,žurnalist,lud,NOUN,журналист	,,,
8073,16001,14438,žurnual,lud,NOUN,журнал,,,
